frame,timestamp_s,fps,2d_neck_alpha,2d_neck_beta,2d_neck_gamma,2d_trunk_alpha,2d_trunk_beta,2d_trunk_gamma,2d_right_shoulder_alpha,2d_right_shoulder_beta,2d_right_shoulder_gamma,2d_right_shoulder_elevation,2d_left_shoulder_alpha,2d_left_shoulder_beta,2d_left_shoulder_gamma,2d_left_shoulder_elevation,2d_right_elbow,2d_left_elbow,2d_right_knee,2d_left_knee,3d_neck_alpha,3d_neck_beta,3d_neck_gamma,3d_trunk_alpha,3d_trunk_beta,3d_trunk_gamma,3d_right_shoulder_alpha,3d_right_shoulder_beta,3d_right_shoulder_gamma,3d_right_shoulder_elevation,3d_left_shoulder_alpha,3d_left_shoulder_beta,3d_left_shoulder_gamma,3d_left_shoulder_elevation,3d_right_elbow,3d_left_elbow,3d_right_knee,3d_left_knee
1,0.066667,15,0.0000,0.0000,0.3730,0.0000,0.0000,0.0201,0.0000,0.0000,0.0729,0.0269,0.0000,0.0000,-3.9016,3.6914,0.1854,0.3516,1.7465,0.0436,-2.8819,-0.2595,2.8358,-2.4651,-0.0537,-1.9937,-0.8481,-0.0527,-0.4348,-2.9969,11.0666,5.1240,0.3461,1.9134,2.4720,12.7856,0.0000,0.0000
2,0.133333,15,0.0000,0.0000,0.3750,0.0000,0.0000,0.0242,0.0000,0.0000,0.0408,0.0408,0.0000,0.0000,-3.9068,3.6765,0.1853,0.3361,1.7244,0.0081,-5.8397,-4.6091,23.8292,0.4229,0.0401,3.0509,-1.2883,-2.3968,-0.5110,0.3432,-0.8709,-1.9197,-1.3846,5.1428,0.1546,7.0053,0.0000,0.0000
3,0.200000,15,0.0000,0.0000,0.3459,0.0000,0.0000,0.0190,0.0000,0.0000,0.0351,0.0451,0.0000,0.0000,-3.8722,3.6718,0.1775,0.3420,0.0160,0.0331,-0.1913,-1.8332,13.8827,-0.5571,0.0047,3.1360,0.7098,-1.1747,-0.1702,-2.4009,0.5052,-1.4484,-1.4692,3.2699,1.6674,4.8552,0.0000,0.0000
4,0.266667,15,0.0000,0.0000,0.4129,0.0000,0.0000,0.0181,0.0000,0.0000,1.0397,0.0610,0.0000,0.0000,-3.8432,3.6746,1.0574,0.1335,0.0588,0.0158,0.3725,0.1880,5.0259,0.5983,0.0400,-0.1670,-5.8847,-2.3152,-1.2102,-0.3126,1.1870,0.7403,-0.6573,2.9103,6.5802,9.2878,0.0000,0.0000
5,0.333333,15,0.0000,0.0000,0.3273,0.0000,0.0000,0.0105,0.0000,0.0000,0.0523,0.0161,0.0000,0.0000,-3.8731,3.6933,0.1654,0.1336,1.7070,0.0214,-5.3738,-4.2131,3.1298,-2.4665,-0.0632,2.8278,-3.9601,-3.7832,-1.2102,-3.0072,1.2241,-1.0583,-1.8650,4.8501,6.0207,1.5307,0.0000,0.0000
6,0.400000,15,0.0000,0.0000,0.2975,0.0000,0.0000,0.0132,0.0000,0.0000,0.0211,0.0394,0.0000,0.0000,0.1109,-0.0286,0.1830,0.0915,1.7220,0.0325,-15.4529,-7.7128,0.3160,-2.6571,-0.0667,1.4215,-5.0092,-3.7131,-1.1012,0.9009,-0.6492,-1.2537,-0.9888,4.2988,3.5961,3.0980,0.0000,0.0000
7,0.466667,15,0.0000,0.0000,0.3208,0.0000,0.0000,0.0105,0.0000,0.0000,0.0557,0.0162,0.0000,0.0000,-3.8848,3.6972,0.1788,0.1732,0.0235,0.0516,-4.0478,2.1369,4.2220,0.4243,0.0269,-7.4411,-19.0301,-4.6465,-2.7708,3.3085,8.3754,6.6316,1.0093,3.0281,13.5160,8.5735,0.0000,0.0000
8,0.533333,15,0.0000,0.0000,0.3345,0.0000,0.0000,0.0230,0.0000,0.0000,1.1237,0.0469,0.0000,0.0000,-3.8812,3.6855,1.1754,0.0403,3.2381,0.0174,-8.8083,-3.5885,20.0663,-2.0632,-0.0384,-0.5844,-8.5209,-3.2733,-1.9148,-0.0072,1.3326,0.9548,-1.2623,5.5303,4.2025,1.6801,0.0000,0.0000
9,0.600000,15,0.0000,0.0000,0.3314,0.0000,0.0000,0.0267,0.0000,0.0000,0.0172,0.0336,0.0000,0.0000,-3.8761,3.6749,0.1484,0.0451,3.1453,0.0443,-4.6317,-2.7601,1.8833,-1.1339,-0.0056,0.9462,-12.6265,-7.1188,-2.7450,2.7905,-2.2876,-1.2584,-1.7674,7.0989,7.0189,0.5122,0.0000,0.0000
10,0.666667,15,0.0000,0.0000,0.2533,0.0000,0.0000,0.0291,0.0000,0.0000,0.0660,0.0396,0.0000,0.0000,-3.9142,3.6731,0.2172,0.3660,1.6984,0.0260,-4.6945,2.1289,-13.9542,-3.5457,-0.0787,-7.7788,-17.3057,-4.1110,-3.0207,-0.7043,15.4979,8.3779,1.4609,2.0952,6.9031,18.5800,0.0000,0.0000
11,0.733333,15,0.0000,0.0000,0.1621,0.0000,0.0000,0.0244,0.0000,0.0000,1.1159,0.0251,0.0000,0.0000,-3.9239,3.6720,1.1142,2.5873,1.7700,0.0553,3.4999,6.8590,-23.6432,-2.4662,-0.0497,-13.3536,-15.5552,0.0720,-1.9549,-0.2225,22.3707,11.1483,2.8872,-1.6240,4.2564,21.5301,0.0000,0.0000
12,0.800000,15,0.0000,0.0000,0.2139,0.0000,0.0000,0.0221,0.0000,0.0000,1.1073,0.0176,0.0000,0.0000,-3.9221,3.6908,1.0950,0.3073,1.7475,0.0135,2.4991,1.8081,-7.8880,-0.5562,0.0070,-2.0120,-7.9929,-2.4440,-1.5892,-1.0315,7.6255,4.0466,0.1758,2.4046,2.3083,5.6960,0.0000,0.0000
13,0.866667,15,0.0000,0.0000,0.1699,0.0000,0.0000,0.0260,0.0000,0.0000,0.0564,0.0220,0.0000,0.0000,-3.9069,3.6692,0.2085,0.3058,0.0343,0.0948,-3.5514,4.3268,4.1642,-2.1025,-0.0368,-11.5299,-23.7299,-3.5594,-3.2107,5.3301,8.6042,8.2825,1.1547,3.8469,6.7854,5.6094,0.0000,0.0000
14,0.933333,15,0.0000,0.0000,0.1991,0.0000,0.0000,0.0175,0.0000,0.0000,0.0851,0.0057,0.0000,0.0000,-3.9307,3.7005,0.0655,0.3457,0.0091,0.0032,-10.3449,-2.5366,-16.3547,-6.4306,-0.1778,-3.1335,-20.5943,-7.8210,-4.8158,4.4877,-5.6234,0.0944,-3.1014,10.0591,10.1228,1.9354,0.0000,0.0000
15,1.000000,15,0.0000,0.0000,0.2340,0.0000,0.0000,0.0293,0.0000,0.0000,0.0308,0.0419,0.0000,0.0000,-3.8920,3.6650,0.2014,0.1846,1.7802,0.0055,-6.9044,4.8999,-25.5880,-5.4710,-0.1376,-13.7987,-40.1260,-4.1864,-5.2502,6.5715,2.3745,8.0797,0.3617,4.9434,22.7171,5.7662,0.0000,0.0000
16,1.066667,15,0.0000,0.0000,0.1884,0.0000,0.0000,0.0186,0.0000,0.0000,0.0286,0.0387,0.0000,0.0000,-3.8609,3.6750,0.1987,0.1142,1.7805,0.0555,-6.9433,-0.8635,-5.1501,-2.6625,-0.0617,-4.0177,-8.0971,-2.7298,-1.6878,0.9006,0.1198,2.4425,-1.0806,4.9898,2.0994,4.5404,0.0000,0.0000
17,1.133333,15,0.0000,0.0000,0.1851,0.0000,0.0000,0.0100,0.0000,0.0000,0.1035,0.0095,0.0000,0.0000,-3.8665,3.6852,0.2897,0.1475,0.0127,0.0023,-12.3616,3.5361,-13.2858,-3.7261,-0.1022,-13.5736,-29.9059,-3.3294,-3.8411,5.0245,9.6566,9.1266,1.3432,3.3645,14.1045,5.9007,0.0000,0.0000
18,1.200000,15,0.0000,0.0000,0.2194,0.0000,0.0000,0.0154,0.0000,0.0000,0.0424,0.0271,0.0000,0.0000,-3.9027,3.6755,2.9963,0.2058,1.7407,0.0032,-15.2286,0.6625,-9.3198,-6.9324,-0.1953,-10.0411,-28.4988,-5.5439,-5.0081,0.6969,6.5248,6.9374,-0.0136,4.1688,5.8143,8.2403,0.0000,0.0000
19,1.266667,15,0.0000,0.0000,0.2333,0.0000,0.0000,0.0196,0.0000,0.0000,0.0237,0.0435,0.0000,0.0000,-3.8642,3.6732,3.0035,0.1339,3.0991,0.0077,-3.7707,2.3711,-19.7285,-2.6608,-0.0605,-7.7629,-22.5165,-5.4726,-3.7228,3.7057,5.2874,5.8195,0.1723,4.9892,1.6243,8.4708,0.0000,0.0000
20,1.333333,15,0.0000,0.0000,0.2128,0.0000,0.0000,0.0129,0.0000,0.0000,0.0523,0.0202,0.0000,0.0000,-3.8892,3.6831,0.2342,0.1500,3.1622,0.0379,-7.5066,-4.1106,-12.9224,-4.1675,-0.1132,0.9821,-9.7705,-5.8748,-2.5420,-1.1169,-5.6713,-2.6089,-3.2280,7.3533,8.7927,14.6049,0.0000,0.0000
21,1.400000,15,0.0000,0.0000,0.2424,0.0000,0.0000,0.0237,0.0000,0.0000,0.0597,0.0178,0.0000,0.0000,-3.8853,3.6899,0.1990,0.1427,1.6924,0.0580,-12.2265,-6.0338,-13.8062,-5.4974,-0.1437,0.9733,0.6849,0.0093,-0.2790,-4.0452,3.0599,0.5855,-2.0925,6.0779,7.6113,3.1469,0.0000,0.0000
22,1.466667,15,0.0000,0.0000,0.2286,0.0000,0.0000,0.0046,0.0000,0.0000,0.0654,0.0233,0.0000,0.0000,-3.8706,3.6904,0.2492,0.1229,0.0726,0.0592,-3.5452,1.2526,-18.0766,-2.6593,-0.0748,-5.5329,-12.1505,-3.5858,-2.2900,-1.4109,7.8612,5.4984,0.2241,2.0028,4.8061,0.7068,0.0000,0.0000
23,1.533333,15,0.0000,0.0000,0.2359,0.0000,0.0000,0.0131,0.0000,0.0000,0.0726,0.0197,0.0000,0.0000,-3.8509,3.6801,0.2336,0.1288,0.0508,0.0386,-7.8012,-3.1954,-8.2096,-4.1678,-0.1131,-0.6192,-13.7775,-6.7577,-3.2794,-1.1171,1.6207,0.9620,-1.7527,6.5037,9.2611,1.8265,0.0000,0.0000
24,1.600000,15,0.0000,0.0000,0.2081,0.0000,0.0000,0.0079,0.0000,0.0000,0.0437,0.0329,0.0000,0.0000,-3.8662,3.6793,0.2246,0.1202,0.0141,0.0173,-10.0452,0.5125,-14.4555,-5.5001,-0.1591,-7.7702,-9.7487,-1.6380,-1.9492,-2.9722,13.6695,7.7185,0.9438,1.2019,8.7202,11.1237,0.0000,0.0000
25,1.666667,15,0.0000,0.0000,0.2273,0.0000,0.0000,0.0029,0.0000,0.0000,0.0543,0.0108,0.0000,0.0000,-4.2128,3.7047,0.2098,0.3113,0.0060,0.0118,-18.1352,-8.8242,-14.7015,-8.3612,-0.2549,1.7133,-7.2008,-4.8120,-2.4266,-1.6434,-13.1092,-5.4727,-6.1676,11.1100,5.5146,14.9047,0.0000,0.0000
26,1.733333,15,0.0000,0.0000,0.2049,0.0000,0.0000,0.0070,0.0000,0.0000,0.0735,0.0243,0.0000,0.0000,-3.8681,3.6782,0.2332,0.1456,1.7480,0.1076,-3.5751,-2.5113,-12.0564,-3.5484,-0.0999,1.2138,-12.1384,-7.0673,-3.0090,-3.7036,2.3668,0.2783,-1.7352,4.3073,17.2945,1.8121,0.0000,0.0000
27,1.800000,15,0.0000,0.0000,0.2341,0.0000,0.0000,0.0047,0.0000,0.0000,0.0837,0.0097,0.0000,0.0000,-3.8849,3.6899,0.1371,0.1640,0.0225,0.0648,23.1905,11.0624,-4.9831,3.6806,0.1235,-1.4830,2.3258,1.0890,0.2191,0.9545,3.8910,2.5931,0.5252,0.5729,2.1743,4.2221,0.0000,0.0000
28,1.866667,15,0.0000,0.0000,0.2304,0.0000,0.0000,0.0088,0.0000,0.0000,0.0199,0.0438,0.0000,0.0000,0.1949,-0.0494,0.2032,0.2211,0.0099,0.0674,16.3881,8.4948,-8.8895,3.4905,0.1214,-4.9082,-2.5171,-0.2020,-0.1574,2.0761,6.7563,4.8772,1.9872,-2.9440,2.0089,0.9591,0.0000,0.0000
29,1.933333,15,0.0000,0.0000,0.2432,0.0000,0.0000,0.0085,0.0000,0.0000,0.0651,0.0244,0.0000,0.0000,0.1638,-0.0459,0.2459,0.1971,0.0114,0.0541,-0.2230,-1.6667,3.4138,-3.9810,-0.1117,2.6902,-11.2331,-7.5023,-2.5168,0.2970,-6.0506,-4.2223,-2.3834,5.6830,8.7826,7.4776,0.0000,0.0000
30,2.000000,15,0.0000,0.0000,0.2253,0.0000,0.0000,0.0015,0.0000,0.0000,0.0606,0.0050,0.0000,0.0000,-3.8331,3.6740,0.2089,0.0932,0.0263,0.0068,13.7074,8.8054,-8.0200,0.5943,0.0203,-11.1503,-20.8648,-3.1101,-2.5414,2.2559,8.2278,8.1228,1.4084,0.3146,17.7099,1.7506,0.0000,0.0000
31,2.066667,15,0.0000,0.0000,0.2058,0.0000,0.0000,0.0027,0.0000,0.0000,0.0709,0.0013,0.0000,0.0000,-3.8486,3.6915,0.0905,0.0776,0.0255,0.0234,7.4162,4.0526,-8.1855,-2.4658,-0.0758,-2.3029,-12.8948,-5.4886,-2.6996,-0.2466,-4.3637,-0.0118,-1.9478,4.8531,15.9004,11.8947,0.0000,0.0000
32,2.133333,15,0.0000,0.0000,0.2455,0.0000,0.0000,0.0091,0.0000,0.0000,0.0674,0.0190,0.0000,0.0000,-3.8563,3.6792,0.0884,0.2454,3.1609,0.0194,-12.0090,-6.9265,9.9479,-5.6473,-0.1622,2.3762,-1.4741,-1.8928,-0.8181,-1.8802,-4.3984,-3.1405,-3.7464,8.8883,7.4622,2.2305,0.0000,0.0000
33,2.200000,15,0.0000,0.0000,0.2331,0.0000,0.0000,0.0016,0.0000,0.0000,0.0696,0.0087,0.0000,0.0000,-3.8144,3.6824,0.2237,0.0483,0.0380,0.0331,-4.1403,5.2166,10.3114,-2.6673,-0.0811,-13.3713,-9.5767,0.4951,-1.2450,2.1548,7.8566,8.7788,1.2390,0.8303,3.1350,0.6591,0.0000,0.0000
34,2.266667,15,0.0000,0.0000,0.2417,0.0000,0.0000,0.0013,0.0000,0.0000,0.1014,-0.0187,0.0000,0.0000,-3.8915,3.7282,0.2457,0.0874,1.7491,0.0573,-16.3414,-3.7426,4.6874,-5.4984,-0.1677,-4.3001,-14.1128,-4.9065,-3.1443,-0.4102,-2.7048,1.6454,-2.1703,6.1156,4.4901,9.7257,0.0000,0.0000
35,2.333333,15,0.0000,0.0000,0.2019,0.0000,0.0000,0.0100,0.0000,0.0000,0.0594,-0.0007,0.0000,0.0000,-4.2093,3.7046,0.2088,0.2982,3.1700,0.0089,-22.1647,3.3246,-3.7913,-6.9507,-0.2198,-15.6683,-11.9393,0.9627,-1.6048,-3.8200,21.6779,11.3251,2.7367,-4.6344,5.7234,16.4491,0.0000,0.0000
36,2.400000,15,0.0000,0.0000,0.2019,0.0000,0.0000,0.0094,0.0000,0.0000,0.0529,0.0071,0.0000,0.0000,-0.1541,-0.0054,0.0947,0.0870,0.0089,0.0066,-18.1536,-1.9916,2.0792,-6.9296,-0.2184,-7.3981,-14.1322,-3.3305,-2.2994,-2.4591,3.7837,5.0188,0.1409,-0.5744,5.0867,3.2218,0.0000,0.0000
37,2.466667,15,0.0000,0.0000,0.1662,0.0000,0.0000,0.0181,0.0000,0.0000,0.0152,0.0109,0.0000,0.0000,0.1252,0.0113,0.1832,0.2073,3.1742,0.0500,-11.4825,-8.2327,-5.1370,-5.4946,-0.1836,4.4102,-2.9303,-3.8387,-1.0332,-2.9931,-7.5512,-6.0651,-3.5229,5.8184,0.1371,18.2947,0.0000,0.0000
38,2.533333,15,0.0000,0.0000,0.1796,0.0000,0.0000,0.0094,0.0000,0.0000,0.0577,0.0222,0.0000,0.0000,-3.8424,3.6888,0.2400,0.0891,3.1378,0.0238,-11.2213,4.8448,-12.7902,-2.6619,-0.0889,-15.3482,-23.5606,-1.4894,-2.6425,-0.3425,19.5405,11.0568,2.6953,-2.8492,11.6889,11.3304,0.0000,0.0000
39,2.600000,15,0.0000,0.0000,0.2379,0.0000,0.0000,0.0069,0.0000,0.0000,0.0338,0.0089,0.0000,0.0000,-0.1868,0.0012,0.0541,0.0332,0.0348,0.0178,-19.2887,-11.2719,-13.0346,-6.9609,-0.2040,4.1504,-10.3329,-7.9698,-2.8778,-2.5327,-7.7723,-5.6777,-4.0377,7.4810,7.8841,11.1900,0.0000,0.0000
40,2.666667,15,0.0000,0.0000,0.1577,0.0000,0.0000,0.0077,0.0000,0.0000,0.0548,-0.0051,0.0000,0.0000,-3.8748,3.7195,0.0564,0.1037,0.0098,0.0619,-25.4912,4.4486,-22.0631,-7.0744,-0.2210,-17.7923,-26.1455,-0.6334,-2.9340,2.2654,21.1430,11.3387,2.8461,-0.0426,3.7295,15.8872,0.0000,0.0000
41,2.733333,15,0.0000,0.0000,0.1852,0.0000,0.0000,0.0061,0.0000,0.0000,0.1033,0.0087,0.0000,0.0000,0.1206,0.0203,0.1742,0.2030,0.0247,0.0094,-16.2782,-9.9180,-6.6068,-6.9509,-0.2046,3.9326,-7.4724,-6.1782,-2.1716,0.5850,-6.5258,-5.3744,-3.7785,9.0665,0.9317,10.4865,0.0000,0.0000
42,2.800000,15,0.0000,0.0000,0.2035,0.0000,0.0000,0.0015,0.0000,0.0000,0.0675,0.0050,0.0000,0.0000,0.1337,0.0133,0.2546,0.2160,0.0136,0.0020,-10.7637,-10.1149,-2.5645,-5.5026,-0.1674,7.5177,1.4721,-2.1696,-0.1184,-5.0523,-4.6721,-7.0776,-3.6668,5.8221,2.2532,10.9058,0.0000,0.0000
43,2.866667,15,0.0000,0.0000,0.1659,0.0000,0.0000,0.0138,0.0000,0.0000,0.0422,0.0428,0.0000,0.0000,-0.1934,-0.0113,0.2176,0.0158,1.7452,0.0041,-14.4304,-9.6424,0.4251,-5.4754,-0.1526,4.5069,5.0316,1.8063,0.6785,-4.9300,-3.9733,-4.3473,-2.9288,3.8458,11.3755,13.4970,0.0000,0.0000
44,2.933333,15,0.0000,0.0000,0.1924,0.0000,0.0000,0.0166,0.0000,0.0000,0.0821,0.0252,0.0000,0.0000,-0.1400,-0.0046,0.2584,0.0747,1.7905,0.0374,-16.5252,-2.9303,-7.6984,-5.5045,-0.1506,-5.5661,-14.8550,-4.4886,-2.4717,-0.3692,2.5624,3.8289,-0.0697,1.6367,6.4755,1.0636,0.0000,0.0000
45,3.000000,15,0.0000,0.0000,0.2134,0.0000,0.0000,0.0186,0.0000,0.0000,0.0573,0.0389,0.0000,0.0000,0.1633,-0.0185,0.2500,0.3493,0.0527,0.0389,-12.3505,-5.1145,4.1014,-5.4746,-0.1476,-0.4473,-5.7666,-3.0941,-1.3615,-1.6838,-1.2357,-0.5219,-1.5323,3.8374,3.9106,7.6022,0.0000,0.0000
46,3.066667,15,0.0000,0.0000,0.2097,0.0000,0.0000,0.0224,0.0000,0.0000,0.0987,0.0296,0.0000,0.0000,0.1193,-0.0100,0.1333,0.2783,1.7168,0.0139,2.8485,-1.4777,-1.2637,-0.9661,-0.0051,5.3857,1.5601,-1.4251,0.0304,-3.7904,5.9104,-0.5893,-0.1553,-0.8868,2.8335,2.8354,0.0000,0.0000
47,3.133333,15,0.0000,0.0000,0.1812,0.0000,0.0000,0.0178,0.0000,0.0000,0.1126,0.0159,0.0000,0.0000,-3.8759,3.6999,0.3037,0.1122,1.7558,0.0185,-4.7744,-2.3471,-1.4302,-1.1326,-0.0148,-0.1318,-4.4486,-2.6912,-1.0985,-1.4264,4.4479,1.8919,-0.6308,3.5704,4.0220,0.6909,0.0000,0.0000
48,3.200000,15,0.0000,0.0000,0.1844,0.0000,0.0000,0.0124,0.0000,0.0000,0.0904,0.0221,0.0000,0.0000,0.1263,-0.0006,0.1164,0.1696,0.0192,0.0311,-3.8397,-4.9976,3.1018,-1.1285,-0.0195,5.0562,1.2260,-1.5286,-0.0287,-2.1767,3.5380,-1.5591,-0.5087,1.9627,4.5713,0.7096,0.0000,0.0000
49,3.266667,15,0.0000,0.0000,0.2060,0.0000,0.0000,0.0071,0.0000,0.0000,0.1193,0.0070,0.0000,0.0000,0.1283,0.0144,0.3010,0.1937,0.0011,0.0171,-14.9445,-3.7604,-11.7201,-4.1575,-0.1181,-3.7583,-12.3561,-4.4818,-2.1159,3.1648,-2.8142,1.0332,-0.7637,4.2737,3.6559,6.0761,0.0000,0.0000
50,3.333333,15,0.0000,0.0000,0.2017,0.0000,0.0000,0.0206,0.0000,0.0000,0.0776,0.0231,0.0000,0.0000,0.1567,-0.0116,0.2291,0.3419,1.7756,0.0048,-1.7119,-0.2350,-2.2363,-1.1303,-0.0116,-1.5160,-2.2824,-1.0584,-0.4479,-0.5474,7.6128,3.3992,0.8421,0.1755,5.5999,4.6090,0.0000,0.0000
51,3.400000,15,0.0000,0.0000,0.2291,0.0000,0.0000,0.0261,0.0000,0.0000,0.1131,0.0070,0.0000,0.0000,-3.8846,3.7087,0.2685,0.0877,1.7566,0.0042,-17.8014,-10.0386,-7.6711,-8.3586,-0.2280,3.4097,-0.6412,-1.5081,-0.7600,-4.5634,-1.6125,-2.8287,-4.2946,10.2482,4.6218,3.4544,0.0000,0.0000
52,3.466667,15,0.0000,0.0000,0.1671,0.0000,0.0000,0.0189,0.0000,0.0000,0.0906,0.0353,0.0000,0.0000,0.1470,-0.0252,0.2622,0.1938,0.0187,0.0991,-8.2018,-1.5039,-11.1425,-4.0076,-0.1028,-3.6950,-15.4223,-5.6557,-2.5854,0.3269,2.2127,2.5408,-0.1109,2.2174,10.9570,1.0772,0.0000,0.0000
53,3.533333,15,0.0000,0.0000,0.2095,0.0000,0.0000,0.0084,0.0000,0.0000,0.0463,0.0137,0.0000,0.0000,-0.1537,-0.0063,2.9915,0.0551,0.0576,0.0370,-10.8443,-5.9525,-13.1850,-4.1647,-0.1175,1.5800,4.8655,2.4024,0.6137,-2.2709,-0.7784,-1.2042,-1.4761,3.3309,15.0706,3.9130,0.0000,0.0000
54,3.600000,15,0.0000,0.0000,0.1694,0.0000,0.0000,0.0134,0.0000,0.0000,0.0989,0.0322,0.0000,0.0000,-0.1688,-0.0146,0.1408,0.0325,1.4083,0.0037,-17.6984,-6.1123,2.4578,-4.1625,-0.1130,-1.8868,-11.3802,-5.0353,-2.1350,0.1977,-1.1756,0.7480,-0.9018,3.3253,3.3206,6.3124,0.0000,0.0000
55,3.666667,15,0.0000,0.0000,0.1891,0.0000,0.0000,0.0128,0.0000,0.0000,0.0579,0.0355,0.0000,0.0000,-0.1598,-0.0140,0.2593,0.0454,3.1904,0.0086,-21.0771,-10.5280,-9.0662,-8.3541,-0.2404,2.4148,-3.9151,-3.2086,-1.3544,-3.1729,-4.4207,-3.2626,-3.5342,7.2749,0.7148,3.6696,0.0000,0.0000
56,3.733333,15,0.0000,0.0000,0.1949,0.0000,0.0000,0.0028,0.0000,0.0000,0.1084,-0.0015,0.0000,0.0000,-3.8577,3.7116,0.2815,0.0249,0.0192,0.0487,-12.6277,-10.8331,4.4567,-4.1637,-0.1280,7.1555,2.3792,-1.3749,0.0733,-3.2848,-4.4318,-6.3820,-4.0945,8.8589,2.4319,13.3209,0.0000,0.0000
57,3.800000,15,0.0000,0.0000,0.1613,0.0000,0.0000,0.0009,0.0000,0.0000,0.0463,0.0214,0.0000,0.0000,-0.1867,-0.0047,0.1943,0.1252,0.0258,0.0327,-10.9061,-10.5544,-2.0637,-2.6588,-0.0787,7.8133,1.3003,-2.6475,-0.0887,-3.1682,-0.6320,-4.9251,-2.0009,4.3236,7.4835,5.3246,0.0000,0.0000
58,3.866667,15,0.0000,0.0000,0.1426,0.0000,0.0000,0.0016,0.0000,0.0000,0.0614,-0.0097,0.0000,0.0000,-0.1963,0.0128,0.0398,0.0017,1.4251,0.0697,-13.0454,-4.5438,-9.6712,-2.6594,-0.0812,-1.8702,-19.0871,-7.9730,-3.2116,2.1319,-2.1113,0.4845,-0.6440,3.5328,12.8228,8.5606,0.0000,0.0000
59,3.933333,15,0.0000,0.0000,0.1497,0.0000,0.0000,0.0095,0.0000,0.0000,0.0758,0.0347,0.0000,0.0000,-0.1829,-0.0233,0.2892,0.0112,0.0367,0.0082,-2.1416,0.3871,-3.1141,1.9381,0.0732,-3.2574,-12.2140,-4.6053,-1.3812,2.8802,4.6190,3.6955,1.3434,-0.1302,11.2041,1.0342,0.0000,0.0000
60,4.000000,15,0.0000,0.0000,0.1359,0.0000,0.0000,0.0005,0.0000,0.0000,0.0966,0.0083,0.0000,0.0000,0.1241,-0.0103,0.2706,0.2809,0.0456,0.0362,-3.7989,-4.1348,9.2956,-0.9676,-0.0265,3.5703,3.2702,0.3983,0.3331,-2.7188,1.0025,-1.8253,-0.6211,0.0759,0.7121,7.8193,0.0000,0.0000
61,4.066667,15,0.0000,0.0000,0.1539,0.0000,0.0000,0.0009,0.0000,0.0000,0.0950,0.0126,0.0000,0.0000,0.1438,-0.0064,0.2854,0.1832,0.0058,0.0164,-10.5993,-5.6668,0.2419,-4.0118,-0.1220,1.2279,-6.4077,-4.2696,-1.4643,0.3057,-6.6178,-3.4407,-2.1959,5.0129,3.6755,13.1645,0.0000,0.0000
62,4.133333,15,0.0000,0.0000,0.1890,0.0000,0.0000,0.0033,0.0000,0.0000,0.0579,0.0285,0.0000,0.0000,-0.1986,-0.0116,3.0597,0.0192,0.0082,0.0105,-1.3926,-0.0371,9.5295,-0.9640,-0.0236,-1.6651,-17.2454,-7.3528,-2.6325,0.5048,-5.3756,-0.6556,-0.5665,0.9880,1.4647,18.4666,0.0000,0.0000
63,4.200000,15,0.0000,0.0000,0.1525,0.0000,0.0000,0.0184,0.0000,0.0000,0.0285,0.0224,0.0000,0.0000,0.1262,-0.0200,0.1519,0.1663,1.7664,0.0578,-8.4629,0.7312,-14.2750,-3.9827,-0.1028,-7.5157,-26.5821,-6.6030,-3.5714,4.9505,-5.2780,2.7520,-0.2063,3.1612,20.0190,10.9049,0.0000,0.0000
64,4.266667,15,0.0000,0.0000,0.1969,0.0000,0.0000,0.0206,0.0000,0.0000,0.1159,0.0078,0.0000,0.0000,0.1495,-0.0171,0.2608,0.2053,1.3707,0.0078,-3.8178,0.8893,10.3352,0.4274,0.0366,-5.2255,-14.7224,-4.5202,-1.7029,3.3011,3.9778,4.0579,1.2145,0.4517,4.5987,3.2310,0.0000,0.0000
65,4.333333,15,0.0000,0.0000,0.1708,0.0000,0.0000,0.0051,0.0000,0.0000,0.0869,-0.0098,0.0000,0.0000,0.1102,0.0095,0.3121,0.2847,0.0460,0.0767,-9.9242,1.1993,6.2223,-2.0605,-0.0559,-9.0221,-19.5049,-4.0300,-2.1508,1.1376,3.6762,5.7635,1.2609,-1.6377,6.1619,7.7482,0.0000,0.0000
66,4.400000,15,0.0000,0.0000,0.1748,0.0000,0.0000,0.0261,0.0000,0.0000,0.0818,0.0447,0.0000,0.0000,0.1500,-0.0321,0.2752,0.1701,1.6967,0.1145,-7.6103,-1.1770,-4.8190,-3.5435,-0.0815,-3.8872,-30.1879,-9.5991,-4.7478,3.4397,0.4621,2.1359,-0.1803,3.8756,24.9244,2.0807,0.0000,0.0000
67,4.466667,15,0.0000,0.0000,0.1698,0.0000,0.0000,0.0216,0.0000,0.0000,0.0892,0.0308,0.0000,0.0000,0.1850,-0.0302,0.2647,0.3681,3.1504,0.1148,-14.3114,-0.8588,-15.0645,-6.4084,-0.1728,-7.5727,-16.9514,-4.1079,-2.6263,-0.6753,7.6088,5.7401,0.7481,0.6039,2.4230,7.2670,0.0000,0.0000
68,4.533333,15,0.0000,0.0000,0.2261,0.0000,0.0000,0.0231,0.0000,0.0000,0.1184,-0.0043,0.0000,0.0000,-3.8523,3.6867,0.3215,0.0129,0.0109,0.0181,-3.3381,0.2926,-3.7589,0.7542,0.0494,-3.7583,-10.6316,-3.8197,-1.8048,2.3420,1.0285,2.6855,-0.2265,3.6638,1.8304,10.8961,0.0000,0.0000
69,4.600000,15,0.0000,0.0000,0.1861,0.0000,0.0000,0.0069,0.0000,0.0000,0.0825,0.0135,0.0000,0.0000,0.1223,-0.0027,0.3452,0.2543,0.0143,0.0247,-8.2105,-2.9293,-2.6212,-1.1232,-0.0247,-1.5135,-8.1889,-3.8905,-1.3183,-0.5529,7.6194,3.4292,0.8403,0.1817,1.7107,2.2172,0.0000,0.0000
70,4.666667,15,0.0000,0.0000,0.1519,0.0000,0.0000,0.0148,0.0000,0.0000,0.1040,0.0104,0.0000,0.0000,0.1494,-0.0105,0.3764,0.3121,0.0923,0.0699,-9.7139,-0.9460,0.9380,-2.0994,-0.0474,-5.5261,-23.4549,-6.9294,-3.1656,5.3197,-3.2354,2.0639,0.0340,3.2142,10.4309,12.3421,0.0000,0.0000
71,4.733333,15,0.0000,0.0000,0.1879,0.0000,0.0000,0.0265,0.0000,0.0000,0.0723,0.0415,0.0000,0.0000,0.1746,-0.0404,0.3516,0.3161,0.0750,0.0560,-16.9633,-7.0135,-3.1596,-3.7115,-0.0859,-0.3574,-9.8877,-5.1873,-1.9530,3.3224,0.6497,0.1767,-0.8006,5.6359,1.4909,2.3316,0.0000,0.0000
72,4.800000,15,0.0000,0.0000,0.2141,0.0000,0.0000,0.0292,0.0000,0.0000,0.1325,0.0133,0.0000,0.0000,-3.8408,3.6854,0.4120,0.0340,3.1585,0.0160,-12.5219,-6.2684,5.6038,-2.6556,-0.0506,0.9586,-8.0987,-4.9799,-2.0093,2.1612,-3.9545,-1.9806,-2.4818,8.0006,0.4646,8.2556,0.0000,0.0000
73,4.866667,15,0.0000,0.0000,0.1550,0.0000,0.0000,0.0256,0.0000,0.0000,0.0847,0.0273,0.0000,0.0000,0.1723,-0.0237,0.3585,0.3015,0.0073,0.0647,-15.0773,-6.0502,-3.5142,-4.9995,-0.1262,-0.6936,-17.5547,-8.1899,-3.5308,3.0449,-5.3697,-1.7555,-1.9291,6.3332,4.0849,4.8191,0.0000,0.0000
74,4.933333,15,0.0000,0.0000,0.1175,0.0000,0.0000,0.0183,0.0000,0.0000,0.0905,0.0381,0.0000,0.0000,0.1454,-0.0301,0.4291,0.2714,3.1307,0.0722,-0.0457,0.3459,-1.5525,0.4307,0.0347,-1.4901,-3.7873,-1.8475,-0.5701,0.3443,6.6279,3.1454,1.0452,-0.4023,2.4928,2.5765,0.0000,0.0000
75,5.000000,15,0.0000,0.0000,0.1370,0.0000,0.0000,0.0259,0.0000,0.0000,0.0970,0.0474,0.0000,0.0000,0.1383,-0.0280,0.2974,0.2741,0.0203,0.0264,-10.1569,-6.4074,-6.0143,-3.9752,-0.0949,2.5504,-17.3926,-10.0661,-3.7581,1.7977,-8.2428,-4.9371,-2.6682,6.4299,15.6952,14.0842,0.0000,0.0000
76,5.066667,15,0.0000,0.0000,0.1412,0.0000,0.0000,0.0197,0.0000,0.0000,0.0995,0.0193,0.0000,0.0000,-3.8516,3.6853,0.2628,0.1277,0.1343,0.0875,-8.8028,1.5392,-8.9701,-0.7592,-0.0009,-9.1713,-8.9461,-0.9179,-1.3311,-0.3473,18.1888,9.5396,2.2204,-0.5183,5.9409,13.3600,0.0000,0.0000
77,5.133333,15,0.0000,0.0000,0.1018,0.0000,0.0000,0.0185,0.0000,0.0000,0.0841,0.0327,0.0000,0.0000,0.1565,-0.0170,0.3990,0.1756,3.2356,0.0508,-14.0191,-0.7816,-1.7899,-6.2788,-0.1725,-7.6698,-26.2615,-6.5076,-3.9497,0.9816,5.1401,5.2072,0.4834,1.8419,14.6384,9.1251,0.0000,0.0000
78,5.200000,15,0.0000,0.0000,0.0517,0.0000,0.0000,0.0108,0.0000,0.0000,0.0489,0.0608,0.0000,0.0000,0.1822,-0.0339,0.2728,0.3198,0.0033,0.0503,-14.9069,1.0690,-0.2462,-3.5468,-0.0962,-10.9101,-15.6677,-2.1104,-1.6420,0.5148,12.8840,8.3946,2.1800,-2.5592,4.2453,7.3545,0.0000,0.0000
79,5.266667,15,0.0000,0.0000,0.0575,0.0000,0.0000,0.0244,0.0000,0.0000,0.0696,0.0640,0.0000,0.0000,0.1663,-0.0524,0.4112,0.2952,1.4183,0.0857,-9.7018,0.1235,3.1669,-2.0596,-0.0374,-7.3765,-24.3770,-6.0153,-2.9341,5.3629,1.6496,4.4351,0.8510,2.2755,10.2578,0.0887,0.0000,0.0000
80,5.333333,15,0.0000,0.0000,-3.7779,0.0000,0.0000,0.0116,0.0000,0.0000,0.0854,0.0436,0.0000,0.0000,0.1821,-0.0313,0.4374,0.3207,0.0181,0.0526,-8.8203,3.6505,7.5236,-0.9104,-0.0139,-19.1238,-28.8399,0.1998,-1.0012,8.6714,10.5096,11.1877,3.2155,-1.9895,7.8794,4.9415,0.0000,0.0000
81,5.400000,15,0.0000,0.0000,-3.8744,0.0000,0.0000,0.0040,0.0000,0.0000,0.0981,0.0151,0.0000,0.0000,0.1650,-0.0148,0.3992,0.3346,1.4157,0.0054,-11.0607,-3.0806,33.4739,-0.9139,-0.0217,-8.9907,-8.9143,-0.9791,-0.8822,1.6189,7.5233,6.6670,1.7815,-1.9734,0.8204,0.1235,0.0000,0.0000
82,5.466667,15,0.0000,0.0000,-3.8931,0.0000,0.0000,0.0164,0.0000,0.0000,0.0518,0.0070,0.0000,0.0000,0.1547,-0.0003,2.9769,0.3619,1.7301,0.0177,-6.8874,0.1474,31.2295,0.5497,0.0361,-12.7415,-12.3506,-0.5637,-0.7885,2.2869,14.2618,9.5189,2.8533,-4.1971,1.8388,9.6267,0.0000,0.0000
83,5.533333,15,0.0000,0.0000,-3.9013,0.0000,0.0000,0.0078,0.0000,0.0000,1.0535,0.0184,0.0000,0.0000,0.1670,-0.0018,3.9829,0.2321,1.4315,0.0044,-10.9093,-12.4212,47.2483,-0.9086,-0.0176,4.6407,8.0707,4.8012,1.1249,-0.4309,-4.9969,-5.1172,-1.5695,3.2900,14.9846,9.6681,0.0000,0.0000
84,5.600000,15,0.0000,0.0000,-3.9179,0.0000,0.0000,0.0116,0.0000,0.0000,-0.1199,0.0230,0.0000,0.0000,0.1742,-0.0105,2.9198,0.3780,0.0073,0.0920,-23.2493,-4.1378,43.5796,-3.5407,-0.0952,-11.1437,-3.3452,1.6255,-0.3214,5.0410,4.9910,6.9431,1.4932,0.9644,12.8724,4.6265,0.0000,0.0000
85,5.666667,15,0.0000,0.0000,-0.0334,0.0000,0.0000,0.0095,0.0000,0.0000,-2.7033,-0.0320,0.0000,0.0000,-3.8507,3.7064,0.3620,0.0581,3.2154,0.0547,-14.1504,-1.6998,26.3116,-3.3562,-0.0919,-17.6595,0.4076,1.6662,0.0716,3.3732,4.6158,10.2565,1.4742,-0.3762,12.3786,1.0438,0.0000,0.0000
86,5.733333,15,0.0000,0.0000,0.0301,0.0000,0.0000,0.0147,0.0000,0.0000,-2.7884,-0.0627,0.0000,0.0000,-3.8450,3.7213,0.4085,0.1060,1.7334,0.0876,-18.1255,-6.3409,2.3048,-4.8363,-0.1323,-11.8613,9.7801,4.5616,1.2765,-0.0780,5.8822,7.6529,0.4849,1.0934,12.4978,4.1155,0.0000,0.0000
87,5.800000,15,0.0000,0.0000,3.9498,0.0000,0.0000,0.0118,0.0000,0.0000,-4.1387,-0.0823,0.0000,0.0000,0.1607,0.0345,2.1922,0.4317,3.1329,0.0482,-11.1055,3.6240,-2.9649,0.8749,0.0421,-31.7799,10.2752,2.5053,0.2630,7.2697,24.4168,14.0448,-355.6767,-9.1777,14.5877,16.0962,0.0000,0.0000
88,5.866667,15,0.0000,0.0000,3.9394,0.0000,0.0000,0.0111,0.0000,0.0000,-4.2498,-0.1231,0.0000,0.0000,-3.8786,3.7682,12.6332,0.1117,3.1723,0.0180,-21.8690,1.9148,-0.2736,-3.5245,-0.0948,-28.0517,7.7051,2.9468,0.5683,10.2672,19.7829,13.8541,3.6761,-1.5186,21.5970,18.6653,0.0000,0.0000
89,5.933333,15,0.0000,0.0000,-1.4547,0.0000,0.0000,1.6009,0.0000,0.0000,-5.9330,1.5130,0.0000,0.0000,-3.8350,2.4782,25.2099,0.3369,3.1885,0.0530,-8.5005,20.0302,-7.9720,-1.9981,1.5340,-51.4525,-9.2664,4.8092,2.2423,18.2191,32.4421,14.9858,-355.8106,-11.2230,1.2027,17.6313,0.0000,0.0000
90,6.000000,15,0.0000,0.0000,-1.4408,0.0000,0.0000,1.5886,0.0000,0.0000,-16.8171,1.4572,0.0000,0.0000,-4.1540,2.5152,7.1127,0.2208,3.1761,0.0350,0.7166,10.4856,-5.7543,5.3322,1.7683,-38.1336,-8.4826,-8.9772,0.7988,13.7083,15.7650,19.5174,-355.4424,-4.4751,24.3268,3.5706,0.0000,0.0000
91,6.066667,15,0.0000,0.0000,0.1774,0.0000,0.0000,0.0013,0.0000,0.0000,-25.1388,-0.1596,0.0000,0.0000,-4.1400,4.1056,0.3363,0.2338,1.8219,0.0449,-12.2642,10.3061,-16.9710,-0.5339,0.0510,-36.4158,-25.8628,-16.7910,0.7257,17.7794,3.9290,19.5115,-355.6469,0.9766,36.0374,11.1296,0.0000,0.0000
92,6.133333,15,0.0000,0.0000,4.0553,0.0000,0.0000,0.0083,0.0000,0.0000,-22.4459,-0.1975,0.0000,0.0000,-3.8703,3.8194,4.3355,0.2274,3.2376,0.1233,-5.9236,3.0092,-14.6410,-0.5349,-0.0047,-32.0032,18.5787,-12.7557,0.7119,17.7368,-1.8732,17.8569,3.6181,2.5183,3.5866,13.6642,0.0000,0.0000
93,6.200000,15,0.0000,0.0000,-1.4389,0.0000,0.0000,1.5885,0.0000,0.0000,-25.7184,1.3782,0.0000,0.0000,-4.1902,2.5404,13.4988,0.1912,1.8355,0.0412,-3.2190,10.2127,-17.8438,-1.9509,1.5243,-36.4729,11.9146,-15.4679,-0.0006,16.1797,8.1215,20.0734,-354.9503,-3.9843,9.1482,5.8865,0.0000,0.0000
94,6.266667,15,0.0000,0.0000,-1.3649,0.0000,0.0000,1.5942,0.0000,0.0000,-22.7277,1.3559,0.0000,0.0000,-4.1973,2.5664,20.2292,0.2186,1.8140,0.0191,-0.2181,8.6180,-15.8359,0.9400,1.6290,-33.9967,12.9613,-13.3437,0.1992,14.8343,7.8173,19.1284,-355.4099,-2.7944,17.7138,6.0926,0.0000,0.0000
95,6.333333,15,0.0000,0.0000,-1.4348,0.0000,0.0000,1.6109,0.0000,0.0000,-27.1636,-3.8863,0.0000,0.0000,-4.2151,2.5614,9.0262,0.2121,0.1947,0.0969,4.8919,8.4160,-17.0494,2.4369,1.6958,-34.8058,46.3026,-10.4104,1.5162,7.4062,12.2020,18.8766,3.6610,-4.7636,13.1390,3.5872,0.0000,0.0000
96,6.400000,15,0.0000,0.0000,-1.5461,0.0000,0.0000,1.6658,0.0000,0.0000,-49.3585,-3.8741,0.0000,0.0000,-4.3011,2.5512,16.0524,0.0096,1.9194,0.0039,4.6198,8.5680,-10.3286,2.1520,1.7404,-34.8405,31.0826,-42.1158,1.9377,7.4665,11.9266,19.0126,3.6739,-4.8097,24.6432,2.0424,0.0000,0.0000
97,6.466667,15,0.0000,0.0000,-1.5580,0.0000,0.0000,1.6495,0.0000,0.0000,-49.2824,-3.9587,0.0000,0.0000,-4.3135,2.6122,11.0498,0.1772,3.2198,0.1075,2.7879,7.0493,-5.9907,3.9396,1.7841,-30.3597,67.8249,-13.6499,3.3840,7.1054,7.4436,17.7436,3.0107,-2.8090,5.9791,11.1766,0.0000,0.0000
98,6.533333,15,0.0000,0.0000,-1.5576,0.0000,0.0000,1.6255,0.0000,0.0000,-46.9274,-3.9344,0.0000,0.0000,-4.3322,2.6193,4.6040,0.1295,1.7805,0.0185,-8.0305,11.4773,-4.0064,-3.3534,1.5111,-37.3046,60.0160,-10.3477,0.1722,10.0630,15.5871,18.7863,-355.7929,-5.4588,15.3175,9.1530,0.0000,0.0000
99,6.600000,15,0.0000,0.0000,-1.5172,0.0000,0.0000,1.6085,0.0000,0.0000,-46.8037,-3.9968,0.0000,0.0000,-4.3493,2.6376,10.6763,0.0320,1.8920,0.0156,5.8400,10.6913,-2.0523,-0.4355,1.5964,-41.3803,60.4774,-15.4374,-0.6799,7.7486,22.1453,18.3888,-355.6819,-8.4123,17.2353,11.0534,0.0000,0.0000
100,6.666667,15,0.0000,0.0000,-1.5943,0.0000,0.0000,1.6448,0.0000,0.0000,-51.7281,-3.9666,0.0000,0.0000,-4.3538,2.6141,15.5384,0.0307,1.9500,0.0428,1.1422,10.9762,0.5511,2.3741,1.7275,-39.2310,67.5559,-16.0397,0.7092,8.6610,18.7937,19.0345,4.0759,-5.6974,15.4731,1.3299,0.0000,0.0000
101,6.733333,15,0.0000,0.0000,-1.6067,0.0000,0.0000,1.6336,0.0000,0.0000,-51.7094,-4.0320,0.0000,0.0000,-4.3571,2.6455,15.2234,0.0312,1.9136,0.0893,-4.6671,1.0428,12.1172,-0.5377,1.6180,-18.0715,71.7954,10.7236,6.2472,10.7118,-12.3005,10.0351,-0.2258,4.9772,19.9074,20.8210,0.0000,0.0000
102,6.800000,15,0.0000,0.0000,-1.5760,0.0000,0.0000,1.6185,0.0000,0.0000,-54.3172,-4.0034,0.0000,0.0000,-4.4303,2.6695,123.6864,0.0717,1.7775,0.0917,-13.5387,15.1140,-6.1054,-2.0843,1.5488,-41.4838,69.4845,-2.7147,-1.0345,12.8396,17.7242,19.7460,-355.4966,-5.2333,0.0000,6.1467,0.0000,0.0000
103,6.866667,15,0.0000,0.0000,-1.6787,0.0000,0.0000,1.6950,0.0000,0.0000,-54.5409,-3.9529,0.0000,0.0000,-4.4080,2.6022,117.5122,0.0142,0.0105,0.0175,-17.5340,14.4499,-10.8026,-2.6391,1.6024,-39.3352,69.5304,-0.3815,-0.4244,15.7954,13.8313,20.0952,-355.5905,-1.3743,0.0000,3.4045,0.0000,0.0000
104,6.933333,15,0.0000,0.0000,-0.6082,0.0000,0.0000,3.3646,0.0000,0.0000,-58.6609,-1.8017,0.0000,0.0000,-4.7266,1.2769,104.3350,0.0381,1.9757,0.1164,-8.7167,15.6219,-1.2841,-0.9467,3.3260,-34.9988,72.9504,3.4765,-0.3263,13.7470,6.1477,21.3723,-355.5260,-2.7344,120.5228,4.6393,0.0000,0.0000
105,7.000000,15,0.0000,0.0000,-0.4737,0.0000,0.0000,3.3858,0.0000,0.0000,-56.1993,-1.7725,0.0000,0.0000,-4.7438,1.2585,2.7741,0.0086,1.7854,0.0690,-8.5532,22.0213,-10.3707,-2.4412,3.2881,-45.4988,65.0624,-13.1739,-4.8396,14.3157,18.7566,22.4206,-354.7573,-9.5599,17.7050,0.9465,0.0000,0.0000
106,7.066667,15,0.0000,0.0000,-1.7082,0.0000,0.0000,1.7037,0.0000,0.0000,-54.9393,-3.9784,0.0000,0.0000,-4.4124,2.5919,15.4271,0.0099,1.8657,0.0446,1.1864,18.3271,-13.4106,0.6132,1.7254,-54.9233,59.8721,-28.4979,-6.6736,11.6762,36.0077,13.8042,3.8853,-11.6861,10.0703,17.6924,0.0000,0.0000
107,7.133333,15,0.0000,0.0000,-1.7426,0.0000,0.0000,1.7098,0.0000,0.0000,-54.8051,-3.9879,0.0000,0.0000,-4.3937,2.5705,26.8285,0.0011,0.0453,0.0536,-6.3923,17.1028,-22.1313,-2.4369,1.6245,-47.3806,66.4266,-11.0414,-3.6504,12.9361,26.8358,17.7928,-355.4889,-9.1008,17.8019,13.6143,0.0000,0.0000
108,7.200000,15,0.0000,0.0000,3.4076,0.0000,0.0000,3.3833,0.0000,0.0000,-55.4131,-1.8150,0.0000,0.0000,-4.7521,1.2638,37.7967,0.0136,0.0372,0.0744,0.1300,22.7767,-19.1115,2.0180,3.4553,-43.5079,72.9107,-5.9233,-2.4333,11.5845,25.4530,19.7796,-355.5309,-8.3885,14.2620,8.7315,0.0000,0.0000
109,7.266667,15,0.0000,0.0000,-0.6364,0.0000,0.0000,3.2768,0.0000,0.0000,-55.4284,-1.9255,0.0000,0.0000,-4.7752,1.3759,32.0427,0.0139,0.0118,0.0769,-0.5274,16.8631,-6.9977,-0.5316,3.2581,-39.3414,69.4317,-6.6047,-1.6647,12.2192,13.3476,21.8828,-355.2151,-6.5463,13.7921,1.7991,0.0000,0.0000
110,7.333333,15,0.0000,0.0000,3.4975,0.0000,0.0000,3.3957,0.0000,0.0000,-55.5039,-1.7847,0.0000,0.0000,-4.7524,1.2398,37.9820,0.0215,1.9802,0.0897,-10.7913,23.6400,-21.2759,-1.1105,3.3505,-41.3770,68.9896,-6.2770,-2.6244,16.1055,19.0244,21.1255,-355.1875,-4.0886,13.0525,8.5077,0.0000,0.0000
111,7.400000,15,0.0000,0.0000,-2.2398,0.0000,0.0000,1.6620,0.0000,0.0000,-44.4741,-9.3261,0.0000,0.0000,-4.4043,2.6266,42.8842,0.0180,1.9265,0.0693,-18.2604,28.3909,-29.0218,-6.4058,1.4364,-53.0175,53.7213,-17.5530,-5.2762,18.5661,26.7498,18.5198,-355.3238,-5.7663,9.5256,15.8390,0.0000,0.0000
112,7.466667,15,0.0000,0.0000,-0.5718,0.0000,0.0000,3.2948,0.0000,0.0000,-43.9525,-6.7844,0.0000,0.0000,-4.8000,1.3877,44.6373,0.0476,3.1991,0.1405,-16.7634,22.6037,-22.0645,-3.5257,3.1582,-43.9789,60.0309,-10.5717,-1.4952,12.9742,20.0944,21.2739,-355.4554,-5.4105,8.9002,11.0466,0.0000,0.0000
113,7.533333,15,0.0000,0.0000,-0.4681,0.0000,0.0000,3.3768,0.0000,0.0000,-44.0277,-6.6850,0.0000,0.0000,-4.7587,1.2890,51.4842,0.0213,1.8290,0.0042,-3.9115,20.0801,-10.2368,-0.9520,3.3386,-43.9837,64.4073,-8.7414,-0.8677,9.2680,22.6416,20.6366,-355.6477,-7.9342,8.8858,6.4781,0.0000,0.0000
114,7.600000,15,0.0000,0.0000,-0.6131,0.0000,0.0000,3.2789,0.0000,0.0000,-44.0075,-6.7805,0.0000,0.0000,-4.7837,1.3727,51.5268,0.0313,1.8136,0.0876,0.0500,22.8254,-33.5929,-2.0443,3.2019,-51.5373,54.1835,-21.0463,-4.3608,12.2018,26.0489,20.8641,-355.3859,-10.5500,3.1421,8.9582,0.0000,0.0000
115,7.666667,15,0.0000,0.0000,3.3635,0.0000,0.0000,3.2872,0.0000,0.0000,-44.0288,-6.7804,0.0000,0.0000,-4.7845,1.3673,51.4660,0.0499,3.1842,0.0554,-15.1521,28.7301,-18.1751,-3.5608,3.1491,-47.8651,60.6127,-10.6453,-3.1002,14.2848,23.7556,20.9087,-355.3388,-6.9027,9.4332,9.0613,0.0000,0.0000
116,7.733333,15,0.0000,0.0000,-0.5898,0.0000,0.0000,3.2922,0.0000,0.0000,-44.0492,-6.7562,0.0000,0.0000,-4.7620,1.3611,51.5218,0.0044,3.2214,0.0580,-7.0049,28.5688,-27.9978,-3.5267,3.1554,-56.5774,48.1312,-24.4449,-7.4673,16.3602,33.3148,17.1285,4.0869,-11.0991,2.9781,17.6842,0.0000,0.0000
117,7.800000,15,0.0000,0.0000,-0.5317,0.0000,0.0000,3.3659,0.0000,0.0000,-56.1239,-1.7918,0.0000,0.0000,-4.7209,1.2632,37.2706,0.0041,1.8383,0.0058,-2.2546,24.6009,-31.1219,-1.1141,3.3214,-53.0472,66.2217,-14.9041,-7.3823,17.0741,29.9922,19.1148,-355.5464,-10.3954,14.7676,11.6415,0.0000,0.0000
118,7.866667,15,0.0000,0.0000,-0.5763,0.0000,0.0000,3.2774,0.0000,0.0000,-55.9716,-1.9093,0.0000,0.0000,-4.7438,1.3715,44.8379,0.0055,1.9347,0.0189,-17.0203,6.4297,9.6595,-4.9725,3.0826,-20.7085,68.8407,11.1319,4.5620,19.0569,-18.8997,12.3307,0.6177,9.1083,10.9207,25.5152,0.0000,0.0000
119,7.933333,15,0.0000,0.0000,-2.1655,0.0000,0.0000,1.7088,0.0000,0.0000,-54.5942,-3.8966,0.0000,0.0000,-4.3774,2.5736,109.4158,0.0340,0.0083,0.0340,16.2793,13.3269,-31.3882,5.1248,1.8808,-45.4513,77.0763,-6.2960,-0.2049,6.9836,31.0389,16.3560,-355.8476,-8.1258,122.1637,11.2453,0.0000,0.0000
120,8.000000,15,0.0000,0.0000,-2.1495,0.0000,0.0000,1.7078,0.0000,0.0000,-43.7414,-3.8017,0.0000,0.0000,-4.2737,2.5093,34.9211,0.0583,0.0821,0.1160,-7.3805,8.2486,-16.7389,-2.4431,1.6224,-24.4718,64.0234,3.1704,4.3330,10.0671,-4.8946,14.7963,1.5201,2.1066,8.7775,17.1763,0.0000,0.0000
121,8.066667,15,0.0000,0.0000,-2.3413,0.0000,0.0000,1.6390,0.0000,0.0000,-29.5484,1.4020,0.0000,0.0000,-4.2095,2.5228,18.8320,0.0391,0.0330,0.0319,-6.0542,20.4427,-35.4115,-3.3607,1.5233,-46.7171,35.8421,-12.7295,-3.9887,16.5977,23.0944,19.0903,-354.8503,-10.6016,3.5702,8.9979,0.0000,0.0000
122,8.133333,15,0.0000,0.0000,-2.2684,0.0000,0.0000,1.6401,0.0000,0.0000,-25.7249,1.4738,0.0000,0.0000,-4.1818,2.4726,16.7896,0.0332,3.2279,0.0668,10.5993,16.1259,-26.3067,2.4384,1.7250,-48.9477,13.7366,-17.5193,-0.7484,13.7940,34.2311,14.7426,4.0292,-10.0732,14.4033,17.4270,0.0000,0.0000
123,8.200000,15,0.0000,0.0000,-2.3887,0.0000,0.0000,1.6218,0.0000,0.0000,-16.7893,1.4720,0.0000,0.0000,-4.1588,2.4661,9.3987,0.0410,3.2511,0.0757,-12.5109,19.6105,-23.8774,-2.0951,1.5506,-42.9920,16.3151,-7.0810,-0.7792,16.4397,23.5998,18.1062,-355.1558,-7.8925,6.1063,6.7905,0.0000,0.0000
124,8.266667,15,0.0000,0.0000,-2.3613,0.0000,0.0000,1.6264,0.0000,0.0000,-12.0834,1.4726,0.0000,0.0000,-4.1593,2.4606,9.2610,0.0414,1.4314,0.0612,-0.3213,7.9923,-2.2899,0.8831,1.6578,-23.5506,33.4983,5.0657,1.3603,4.8891,14.7746,14.7134,3.5746,-6.1085,0.8522,1.0510,0.0000,0.0000
125,8.333333,15,0.0000,0.0000,-2.3422,0.0000,0.0000,1.6120,0.0000,0.0000,-8.3529,1.4926,0.0000,0.0000,-4.1324,2.4370,5.4301,0.0382,3.2598,0.0941,10.6477,11.7766,-32.7975,3.9377,1.7461,-34.6863,30.8768,2.2773,-0.0333,4.2638,33.9931,14.6132,4.1170,-10.6163,7.3862,11.9890,0.0000,0.0000
126,8.400000,15,0.0000,0.0000,-0.0052,0.0000,0.0000,0.0044,0.0000,0.0000,-0.2009,-0.1021,0.0000,0.0000,0.1354,0.0438,2.5974,0.2546,0.1587,0.0931,-10.0430,0.8076,-7.9544,-2.0536,-0.0644,-21.0986,18.2407,9.7167,0.9448,3.6889,12.0464,11.8861,3.4093,-6.3587,16.7922,1.4141,0.0000,0.0000
127,8.466667,15,0.0000,0.0000,0.0027,0.0000,0.0000,0.0141,0.0000,0.0000,-0.1416,-0.0724,0.0000,0.0000,0.1782,0.0369,2.6214,0.2543,1.8245,0.0227,-3.9037,4.4827,-5.9623,0.9289,0.0046,-27.4427,11.6289,6.7517,0.4108,4.5493,21.2006,13.6134,-355.8496,-9.2174,15.6314,6.6032,0.0000,0.0000
128,8.533333,15,0.0000,0.0000,0.0175,0.0000,0.0000,0.0102,0.0000,0.0000,-0.0294,-0.0927,0.0000,0.0000,-0.1598,0.0505,2.7117,0.0741,0.1765,0.1307,-4.6143,-0.9930,3.0403,-0.5949,-0.0467,-17.0073,-6.1227,2.2194,-0.1517,8.5490,-0.8417,9.4631,2.4098,-0.9324,5.9935,11.3372,0.0000,0.0000
129,8.600000,15,0.0000,0.0000,0.0714,0.0000,0.0000,0.0091,0.0000,0.0000,0.0529,-0.0752,0.0000,0.0000,0.1537,0.0430,0.3104,0.2362,0.1471,0.1041,-2.7244,-1.9251,5.1649,0.8745,-0.0025,-14.7513,-3.6608,2.2559,-0.0547,3.4181,3.9192,8.6599,2.4726,-4.1859,8.3356,11.3345,0.0000,0.0000
130,8.666667,15,0.0000,0.0000,0.0564,0.0000,0.0000,0.0160,0.0000,0.0000,1.1070,-0.0503,0.0000,0.0000,0.1854,0.0372,1.1807,0.2649,3.1503,0.0565,2.0438,-1.1080,13.6207,2.0791,0.0419,-14.6418,3.0108,5.2667,0.3755,2.0013,10.2538,9.5672,2.9122,-6.1648,13.0422,3.8642,0.0000,0.0000
131,8.733333,15,0.0000,0.0000,0.0494,0.0000,0.0000,0.0151,0.0000,0.0000,1.1348,-0.0478,0.0000,0.0000,-0.1277,0.0237,1.3683,0.0998,0.0308,0.0960,-9.9604,-1.6664,-4.7186,-2.4553,-0.0875,-17.0973,-28.5273,-0.1006,-1.5586,8.5360,-5.2182,8.9768,2.0402,-0.4522,3.7635,16.2677,0.0000,0.0000
132,8.800000,15,0.0000,0.0000,0.0326,0.0000,0.0000,0.0126,0.0000,0.0000,0.1456,-0.0539,0.0000,0.0000,0.1794,0.0375,0.3928,0.2807,3.1849,0.0813,-0.1966,-5.1028,11.9364,2.0761,0.0562,-7.2918,-31.1032,-6.8739,-2.8369,6.1614,-7.9656,1.9766,0.8897,0.5196,22.1612,22.0755,0.0000,0.0000
133,8.866667,15,0.0000,0.0000,0.0272,0.0000,0.0000,0.0171,0.0000,0.0000,0.0850,-0.0643,0.0000,0.0000,0.1371,0.0440,0.1411,0.2154,0.0032,0.0949,-12.0907,-0.5578,8.9057,-0.9605,-0.0429,-19.1372,-37.0988,-0.0327,-1.3779,10.1799,-0.1664,10.3978,2.7688,-0.8401,14.3022,11.2697,0.0000,0.0000
134,8.933333,15,0.0000,0.0000,-2.3757,0.0000,0.0000,1.6494,0.0000,0.0000,0.1300,1.6118,0.0000,0.0000,0.1700,-1.5933,0.3494,0.1208,0.0279,0.0655,-0.6663,7.8084,-15.8857,0.5430,1.6681,-23.2368,-57.4529,6.3914,0.9243,15.2409,-7.8097,13.6858,-355.5140,-1.6343,47.7072,21.3214,0.0000,0.0000
135,9.000000,15,0.0000,0.0000,-2.3522,0.0000,0.0000,1.6594,0.0000,0.0000,2.8634,1.6119,0.0000,0.0000,0.1749,-1.5919,8.4984,0.2695,0.0298,0.0218,-12.4447,7.0015,-8.3561,-3.9841,1.5193,-23.1902,-43.5357,6.2853,0.5607,15.0490,1.9936,13.8500,-355.7743,-1.1725,12.6122,6.2635,0.0000,0.0000
136,9.066667,15,0.0000,0.0000,-2.3847,0.0000,0.0000,1.6241,0.0000,0.0000,0.0175,1.5746,0.0000,0.0000,0.1542,-1.5633,6.2980,0.2286,3.1703,0.0878,-16.4920,8.1713,13.2635,-4.8323,1.4560,-25.3214,-26.0141,4.6599,0.9122,10.0650,12.3473,14.6559,-355.5448,-6.6418,19.2968,8.8580,0.0000,0.0000
137,9.133333,15,0.0000,0.0000,-1.6584,0.0000,0.0000,1.6997,0.0000,0.0000,-4.0191,1.6087,0.0000,0.0000,-4.1317,2.3611,9.4019,0.0334,0.0569,0.0788,-10.8226,6.4336,11.0455,-2.4503,1.6137,-28.1352,-28.5743,2.3687,0.1967,11.9151,14.9625,15.9829,4.0148,-2.9351,22.5202,15.1960,0.0000,0.0000
138,9.200000,15,0.0000,0.0000,-1.6284,0.0000,0.0000,1.7197,0.0000,0.0000,-6.7785,1.6324,0.0000,0.0000,-4.1411,2.3408,19.8615,0.0710,0.0218,0.1602,11.5768,4.8393,-13.3631,5.1195,1.8916,-23.4577,-2.8574,-1.1847,0.2484,8.4466,10.5018,14.9690,3.6190,-3.9186,17.5031,1.9292,0.0000,0.0000
139,9.266667,15,0.0000,0.0000,2.5106,0.0000,0.0000,1.6467,0.0000,0.0000,-6.9378,1.5473,0.0000,0.0000,-4.1715,2.4056,23.7651,0.1251,3.2277,0.1623,-10.8428,6.3966,-32.9782,-2.0480,1.5774,-34.5979,-39.3479,4.7294,1.6867,8.4552,27.9077,15.4750,-355.7171,-9.1106,21.7939,18.8803,0.0000,0.0000
140,9.333333,15,0.0000,0.0000,2.4519,0.0000,0.0000,1.6571,0.0000,0.0000,-15.5536,1.5308,0.0000,0.0000,-6.6533,2.4166,22.6528,5.4492,1.9956,0.1132,-15.2486,-5.9422,-27.0921,-4.9577,1.4848,-15.3701,-9.8527,-13.4573,-1.1103,4.4860,5.3767,13.1080,1.6380,0.0975,22.8684,7.4240,0.0000,0.0000
141,9.400000,15,0.0000,0.0000,6.3354,0.0000,0.0000,1.6568,0.0000,0.0000,-24.6431,1.4972,0.0000,0.0000,-6.6921,2.4440,20.9345,5.4691,3.2570,0.1432,-4.6148,-4.9010,-14.9033,-0.5860,1.6387,-21.3953,-26.9265,-20.8573,-1.4111,8.5860,10.3696,16.3193,3.1510,-1.6943,24.6390,3.2126,0.0000,0.0000
142,9.466667,15,0.0000,0.0000,0.7604,0.0000,0.0000,3.3253,0.0000,0.0000,-37.9284,3.1100,0.0000,0.0000,-7.0286,1.1664,21.1578,5.4367,3.2789,0.1213,-3.6987,9.2079,-35.2429,-2.0443,3.2475,-38.9242,-69.0221,-7.5877,5.8342,16.1043,20.9801,22.2220,-354.9002,-8.2538,27.0547,7.4864,0.0000,0.0000
143,9.533333,15,0.0000,0.0000,0.7966,0.0000,0.0000,3.3256,0.0000,0.0000,-33.2653,-1.7006,0.0000,0.0000,-4.0645,0.8858,22.4952,3.0423,3.1455,0.1138,-12.2014,9.4255,-18.8052,-3.5282,3.1881,-36.9201,-73.2170,-7.1917,2.8047,13.4032,15.6999,20.0179,-355.2585,-5.7824,24.7756,8.5763,0.0000,0.0000
144,9.600000,15,0.0000,0.0000,0.9263,0.0000,0.0000,3.2885,0.0000,0.0000,-33.8933,-1.3587,0.0000,0.0000,-4.2627,1.2384,19.9268,0.0588,0.1233,0.1046,3.2918,3.6864,-20.7241,0.9429,3.3245,-28.4244,-69.1074,-14.3680,-0.9212,9.7528,7.6462,17.9181,3.6714,-3.0349,4.8965,4.7264,0.0000,0.0000
145,9.666667,15,0.0000,0.0000,0.8539,0.0000,0.0000,3.2969,0.0000,0.0000,-43.5877,-1.3621,0.0000,0.0000,-4.2630,1.2363,24.2521,0.2100,3.2276,0.0838,-8.5311,13.2968,-18.3631,-3.5195,3.1600,-44.6223,-86.5899,3.4114,5.5498,15.7840,22.7754,20.0478,-355.0308,-8.4493,28.5019,9.0105,0.0000,0.0000
146,9.733333,15,0.0000,0.0000,0.8680,0.0000,0.0000,3.3170,0.0000,0.0000,-52.8022,-1.4360,0.0000,0.0000,-4.2913,1.2677,13.2713,0.2457,0.0060,0.0411,-8.5583,11.0784,-22.8618,-3.4932,3.1802,-40.8686,-95.5286,3.7491,3.9730,10.2282,21.9884,19.3566,-355.2294,-11.0855,31.7602,4.4543,0.0000,0.0000
147,9.800000,15,0.0000,0.0000,0.8889,0.0000,0.0000,3.2849,0.0000,0.0000,-55.9426,-1.4805,0.0000,0.0000,-4.2974,1.2909,12.3550,0.2138,0.0696,0.1193,-8.8679,7.5196,-24.9484,-3.5113,3.1485,-34.6691,-100.5807,6.4314,1.5313,15.6764,1.5608,21.2714,-355.2916,-1.0282,0.0000,18.4476,0.0000,0.0000
148,9.866667,15,0.0000,0.0000,0.7868,0.0000,0.0000,3.3267,0.0000,0.0000,-48.3515,-6.6870,0.0000,0.0000,-4.3700,1.3114,22.1498,0.1981,0.0215,0.0615,-5.7751,9.0597,-20.7488,-0.5861,3.3049,-37.8345,-87.2526,-14.7402,-0.7148,2.2096,26.9895,17.5954,4.0453,-10.1108,1.8224,11.3858,0.0000,0.0000
149,9.933333,15,0.0000,0.0000,0.8620,0.0000,0.0000,3.3102,0.0000,0.0000,-51.1435,-6.8186,0.0000,0.0000,-4.3345,1.3278,21.7604,0.2719,0.0472,0.1272,-21.7224,11.5398,-30.4879,-6.3979,3.0523,-38.1680,-91.2618,-22.4161,0.6211,7.7599,18.5342,19.3023,-355.8324,-7.2685,5.6631,6.7152,0.0000,0.0000
150,10.000000,15,0.0000,0.0000,6.3381,0.0000,0.0000,1.6803,0.0000,0.0000,-46.0905,-13.2670,0.0000,0.0000,-4.0138,2.6270,18.6190,0.2523,0.1037,0.0923,-9.8545,2.1377,-25.3548,-0.5715,1.6618,-33.7022,-89.5994,-25.5377,-9.2004,-1.4161,6.8142,18.8137,1.4357,-3.9092,0.0000,11.6960,0.0000,0.0000
151,10.066667,15,0.0000,0.0000,6.2977,0.0000,0.0000,1.7342,0.0000,0.0000,-49.3696,-13.2340,0.0000,0.0000,-4.0192,2.5671,16.5127,0.2558,0.0069,0.1012,-12.4121,3.8074,-32.3932,0.3934,1.7471,-35.6077,-93.5015,-22.1630,-7.7021,2.7557,13.6046,18.5922,2.3022,-1.6636,0.0000,1.1564,0.0000,0.0000
152,10.133333,15,0.0000,0.0000,0.8909,0.0000,0.0000,3.3008,0.0000,0.0000,-57.3397,-10.4714,0.0000,0.0000,-4.6840,1.3352,20.3117,0.0736,0.0236,0.0401,-5.8605,3.3357,-18.1365,2.3133,3.3855,-26.9845,-101.0653,-44.7602,-19.3982,0.6433,5.2519,17.7221,1.1477,-2.0057,16.5001,4.5864,0.0000,0.0000
153,10.200000,15,0.0000,0.0000,-3.0483,0.0000,0.0000,3.3002,0.0000,0.0000,-59.1896,-11.5562,0.0000,0.0000,-4.6952,1.3662,24.3871,0.0224,0.0734,0.0759,-12.0566,8.8652,-26.0219,-3.5104,3.1632,-30.1887,-113.9094,-47.7385,-21.4338,-0.8099,8.3970,18.6672,1.6427,-3.9238,19.4845,1.7865,0.0000,0.0000
154,10.266667,15,0.0000,0.0000,0.8902,0.0000,0.0000,3.3015,0.0000,0.0000,-59.1554,-11.6031,0.0000,0.0000,-4.3791,1.3551,24.4091,0.2411,0.0605,0.1154,-0.6328,8.3085,-35.0308,0.9515,3.3369,-38.2793,-101.9670,-51.1690,-16.1131,-4.8873,28.7536,17.2789,3.8805,-11.4580,0.0000,11.4907,0.0000,0.0000
155,10.333333,15,0.0000,0.0000,0.7323,0.0000,0.0000,3.4038,0.0000,0.0000,-59.5356,-11.4935,0.0000,0.0000,-4.6974,1.2641,24.0892,0.0599,0.0302,0.1316,3.1121,2.5467,-23.4757,0.5702,3.4221,-25.1158,-136.5779,-56.4988,-73.5223,-4.7691,3.1676,16.8170,0.4740,-5.2278,28.6341,13.6688,0.0000,0.0000
156,10.400000,15,0.0000,0.0000,0.7954,0.0000,0.0000,3.3188,0.0000,0.0000,-59.5965,-11.5712,0.0000,0.0000,-4.4009,1.3536,24.0236,0.2071,0.0015,0.0503,-15.2118,13.9050,-29.1892,-3.5101,3.1814,-42.8663,-95.0347,-53.4862,-5.3315,-2.4593,37.6968,13.9291,-355.7825,-13.4378,33.4607,18.2862,0.0000,0.0000
157,10.466667,15,0.0000,0.0000,0.8235,0.0000,0.0000,3.3332,0.0000,0.0000,-62.6589,-11.5846,0.0000,0.0000,-4.4014,1.3454,18.3528,0.2097,1.7193,0.1201,-0.9439,6.3998,-31.0591,0.7791,3.3620,-33.8711,-132.0815,-53.9716,-28.4057,-4.8833,27.6723,17.0159,3.6941,-9.6318,12.7513,11.4015,0.0000,0.0000
158,10.533333,15,0.0000,0.0000,0.8891,0.0000,0.0000,3.2996,0.0000,0.0000,-59.6012,-11.5798,0.0000,0.0000,-4.6953,1.3584,24.2987,0.0718,0.0054,0.0843,-12.6365,11.7880,-27.8889,-0.7328,3.2723,-40.3879,-101.6912,-49.2957,-9.7700,1.7592,19.1797,20.6324,3.5277,-7.7919,13.5086,1.2698,0.0000,0.0000
159,10.600000,15,0.0000,0.0000,0.8921,0.0000,0.0000,3.2926,0.0000,0.0000,-59.5690,-11.5853,0.0000,0.0000,-4.6844,1.3522,24.0901,0.0809,0.1611,0.1004,-18.8516,8.6103,-15.4252,-3.5402,3.1549,-34.4720,-132.0272,-61.1382,-105.4675,0.8504,15.0691,19.4507,2.8046,-5.4314,28.9893,0.1076,0.0000,0.0000
160,10.666667,15,0.0000,0.0000,0.8826,0.0000,0.0000,3.2953,0.0000,0.0000,-59.2715,-11.5726,0.0000,0.0000,-4.6870,1.3500,24.2781,0.0570,0.0257,0.1080,-9.1800,7.4082,-30.1667,-0.5712,3.2746,-34.1324,-128.7657,-60.9166,-100.8495,-1.1347,17.9861,19.0676,2.9284,-6.5556,19.8570,3.7272,0.0000,0.0000
161,10.733333,15,0.0000,0.0000,0.7957,0.0000,0.0000,3.3059,0.0000,0.0000,-55.8858,-11.5582,0.0000,0.0000,-4.6797,1.3446,19.8774,0.0461,0.0484,0.0947,2.9906,11.0831,-36.9755,0.8938,3.3402,-46.5853,-91.0341,-34.5725,-1.4403,-3.6840,38.3730,14.3268,-355.7790,-13.6885,0.0000,18.7801,0.0000,0.0000
162,10.800000,15,0.0000,0.0000,0.8766,0.0000,0.0000,3.2979,0.0000,0.0000,-49.6879,-11.5969,0.0000,0.0000,-4.6907,1.3540,16.1922,0.0722,0.0307,0.1451,-21.6697,8.9609,-33.4921,-6.3745,3.0413,-34.7471,-8.9115,-53.8559,-3.2951,-2.3725,20.9740,18.1403,3.3099,-8.8711,25.9346,11.5315,0.0000,0.0000
163,10.866667,15,0.0000,0.0000,0.7946,0.0000,0.0000,3.3260,0.0000,0.0000,-42.9037,-11.5930,0.0000,0.0000,-4.6955,1.3402,15.4747,0.0601,0.0494,0.1203,-12.2354,6.5337,-15.1887,-3.5141,3.1882,-32.2891,-70.5303,-38.7696,-10.5051,-5.4412,23.4151,17.4404,3.2831,-9.7202,12.3485,13.5760,0.0000,0.0000
164,10.933333,15,0.0000,0.0000,0.7786,0.0000,0.0000,3.3259,0.0000,0.0000,-48.2519,-6.7300,0.0000,0.0000,-4.3422,1.2966,25.1788,0.0787,0.0143,0.0844,-7.5159,13.0977,-38.3383,0.7737,3.3549,-44.2371,-86.8928,-6.4962,1.3474,0.9211,44.2828,11.5400,3.9812,-13.1816,26.5554,15.4013,0.0000,0.0000
165,11.000000,15,0.0000,0.0000,-3.0506,0.0000,0.0000,3.3047,0.0000,0.0000,-44.4407,-5.9241,0.0000,0.0000,-4.6103,1.2863,15.8700,0.0382,0.0202,0.0644,-17.3783,6.9866,-16.4350,-2.2371,3.2183,-27.0994,-89.6295,-16.0754,-4.9708,1.5859,12.1219,17.2787,2.6930,-5.4218,0.4559,3.7582,0.0000,0.0000
166,11.066667,15,0.0000,0.0000,6.2536,0.0000,0.0000,1.6958,0.0000,0.0000,-31.8184,-3.4295,0.0000,0.0000,-4.1982,2.4891,21.1031,0.0233,0.0265,0.0555,-15.4094,-1.8448,-24.9495,-3.5273,1.5724,-26.6052,-69.6157,-18.3477,-4.0508,5.3055,10.7446,15.5799,2.8457,-2.7961,16.9719,3.4040,0.0000,0.0000
167,11.133333,15,0.0000,0.0000,2.4119,0.0000,0.0000,1.6654,0.0000,0.0000,-29.7121,1.5122,0.0000,0.0000,-4.1361,2.4245,11.4757,0.1083,0.1157,0.0906,-14.6310,8.4962,-16.1943,-2.2415,1.5884,-36.8714,-61.6757,-7.0700,3.1354,11.7960,25.3930,16.3364,-355.5440,-8.0276,25.9587,12.4178,0.0000,0.0000
168,11.200000,15,0.0000,0.0000,-1.5741,0.0000,0.0000,1.7085,0.0000,0.0000,-15.6032,1.6176,0.0000,0.0000,-4.1694,2.3563,22.7278,0.1056,0.0309,0.0416,-19.0575,6.5139,4.3965,-3.9679,1.5668,-28.1276,-7.4023,-8.7700,0.3326,4.8289,19.3278,15.5176,4.0453,-8.4501,26.0186,11.2544,0.0000,0.0000
169,11.266667,15,0.0000,0.0000,-1.6186,0.0000,0.0000,1.7003,0.0000,0.0000,-6.9751,1.6333,0.0000,0.0000,-4.1937,2.3506,24.0175,0.1225,0.0560,0.0087,-12.4584,0.8210,11.0504,-1.1272,1.6601,-19.1888,-23.4044,-4.8451,-1.2232,2.9758,15.2470,13.4054,3.1668,-5.4232,35.1694,13.1295,0.0000,0.0000
170,11.333333,15,0.0000,0.0000,-2.3361,0.0000,0.0000,1.6936,0.0000,0.0000,-4.2224,1.6245,0.0000,0.0000,0.1171,-1.6151,24.9572,0.2542,0.0192,0.0205,-9.6595,-1.7030,12.7344,-2.4552,1.6066,-8.4754,-40.9106,-10.1387,-3.5125,2.4527,0.3206,6.0747,1.6218,-2.8757,0.0000,1.4215,0.0000,0.0000
171,11.400000,15,0.0000,0.0000,-2.3361,0.0000,0.0000,1.6841,0.0000,0.0000,-4.0183,1.5951,0.0000,0.0000,0.1116,-1.6028,6.0249,0.2575,1.7838,0.0387,-6.5632,-2.0849,5.6946,0.4236,1.6979,-6.3259,17.3901,7.9142,1.4580,3.6549,-1.6282,4.4525,1.7145,-2.5302,14.9435,3.1903,0.0000,0.0000
172,11.466667,15,0.0000,0.0000,0.0043,0.0000,0.0000,0.0257,0.0000,0.0000,-0.0270,-0.0237,0.0000,0.0000,0.1645,-0.0061,6.1889,0.2590,0.1323,2.3213,-13.4691,-2.2031,2.8014,-2.5058,-0.0493,-16.8199,-11.1890,1.2008,-0.5452,-1.3484,16.9101,10.8401,3.1752,-8.8264,18.3179,11.1653,0.0000,0.0000
173,11.533333,15,0.0000,0.0000,-0.0161,0.0000,0.0000,0.0139,0.0000,0.0000,0.1225,-0.0596,0.0000,0.0000,-0.1868,0.0131,3.3841,0.0446,0.0106,0.0057,-12.6173,0.6218,6.9341,-1.1239,-0.0178,-21.0012,-5.3795,3.6282,0.0938,0.3714,18.5333,12.4517,3.6559,-9.6529,13.9512,9.4123,0.0000,0.0000
174,11.600000,15,0.0000,0.0000,0.0853,0.0000,0.0000,0.0089,0.0000,0.0000,0.1753,-0.0453,0.0000,0.0000,-0.1523,0.0116,3.2084,0.1015,1.7962,0.0671,-14.7382,-10.4818,35.7732,-2.6551,-0.0707,-5.2127,-2.6472,0.2119,-0.4482,-0.4061,-0.0529,3.0292,0.1570,-0.3672,10.0378,8.8771,0.0000,0.0000
175,11.666667,15,0.0000,0.0000,0.0255,0.0000,0.0000,0.0027,0.0000,0.0000,2.9057,-0.0655,0.0000,0.0000,-0.1182,0.0234,8.6836,0.1330,0.0189,0.1175,-15.6059,-0.9736,16.9993,-1.1253,-0.0339,-18.9288,-7.8734,5.4316,-0.1281,0.3699,18.3757,11.8574,3.4852,-8.5796,16.4799,5.1025,0.0000,0.0000
176,11.733333,15,0.0000,0.0000,0.0776,0.0000,0.0000,0.0199,0.0000,0.0000,2.9172,-0.0771,0.0000,0.0000,-0.1739,0.0486,8.7030,0.0782,0.0653,0.0858,-16.9998,-6.6929,14.4648,-3.5700,-0.1287,-11.1326,-29.1548,-2.1077,-2.9817,3.3349,-1.1788,6.0488,0.9272,-0.0859,17.1238,8.8981,0.0000,0.0000
177,11.800000,15,0.0000,0.0000,0.0959,0.0000,0.0000,0.0086,0.0000,0.0000,2.8843,-0.0473,0.0000,0.0000,-0.1243,0.0217,5.8617,0.1115,0.0027,0.0534,-0.6727,0.3555,26.6556,3.4956,0.1047,-18.7758,-12.8141,4.3540,-0.1597,0.8050,22.9248,12.4717,3.8027,-10.0901,8.2827,9.5524,0.0000,0.0000
178,11.866667,15,0.0000,0.0000,3.9854,0.0000,0.0000,0.0036,0.0000,0.0000,2.8513,-0.0606,0.0000,0.0000,-0.1466,0.0293,8.7915,0.1099,0.0150,0.1110,7.3485,-2.5423,-3.1761,3.6885,0.1156,-18.8614,-29.8545,2.8370,-0.6964,5.4030,0.7883,10.7606,3.1389,-5.3298,20.1112,16.4357,0.0000,0.0000
179,11.933333,15,0.0000,0.0000,3.9963,0.0000,0.0000,0.0125,0.0000,0.0000,0.1413,-0.0693,0.0000,0.0000,-0.1393,0.0295,3.1462,0.0973,0.0158,0.0330,-16.7335,-4.6172,9.7761,-2.5018,-0.0861,-19.0382,-15.3390,1.4086,-0.5563,3.6182,11.1481,11.3636,3.1088,-5.1400,4.1236,6.6042,0.0000,0.0000
180,12.000000,15,0.0000,0.0000,3.9962,0.0000,0.0000,0.0155,0.0000,0.0000,-0.0125,-0.0594,0.0000,0.0000,0.1534,0.0330,6.2382,0.2256,0.0977,0.0259,-18.3758,-1.7899,-6.7748,-3.5366,-0.1202,-23.2025,-21.1299,2.4179,-0.2227,8.4931,7.9437,12.5471,3.5373,-3.7952,12.1694,1.2308,0.0000,0.0000
181,12.066667,15,0.0000,0.0000,3.9542,0.0000,0.0000,0.0386,0.0000,0.0000,-1.3424,-0.0517,0.0000,0.0000,0.1680,0.0031,8.2522,0.2747,1.7340,0.1254,-2.3927,-8.8583,-2.2539,-0.9044,0.0129,-8.8619,-5.3017,-1.3903,-0.5305,-0.4968,4.8489,5.9587,1.5191,-4.1420,13.2406,3.8406,0.0000,0.0000
182,12.133333,15,0.0000,0.0000,-1.4186,0.0000,0.0000,1.6181,0.0000,0.0000,-4.3220,1.5762,0.0000,0.0000,0.1440,-1.5604,22.1990,0.2300,0.0593,0.0834,-6.6846,1.0887,4.4618,0.9361,1.6516,-18.8617,-4.8939,0.1464,0.3075,6.4728,9.1019,12.5318,3.8585,-6.8358,31.0647,6.2831,0.0000,0.0000
183,12.200000,15,0.0000,0.0000,2.5401,0.0000,0.0000,1.5637,0.0000,0.0000,-20.3014,1.5327,0.0000,0.0000,-4.1389,2.4735,23.1427,0.0730,3.1750,0.1666,-10.5034,7.4234,-10.0085,-1.6547,1.5109,-36.3846,-47.6221,-4.5755,2.5290,11.6631,31.3621,14.7288,-355.8048,-7.7937,0.0000,18.9976,0.0000,0.0000
184,12.266667,15,0.0000,0.0000,2.5454,0.0000,0.0000,1.6300,0.0000,0.0000,-34.7800,1.5447,0.0000,0.0000,-4.1589,2.4422,18.9006,0.0476,3.2274,0.1352,-10.5572,14.8790,11.0685,-2.0787,1.5599,-48.5584,-70.4202,3.4835,7.0482,10.1322,46.7704,7.5875,2.6295,-14.8158,28.9923,15.8491,0.0000,0.0000
185,12.333333,15,0.0000,0.0000,2.5248,0.0000,0.0000,1.6462,0.0000,0.0000,-39.2300,1.4856,0.0000,0.0000,-4.1780,2.4545,24.1698,0.0812,3.2221,0.0608,-0.1938,15.4651,-17.3495,0.8874,1.6779,-57.0631,-74.6750,12.7637,7.7394,13.9008,45.2162,7.0563,2.5871,-14.0790,37.9033,18.8950,0.0000,0.0000
186,12.400000,15,0.0000,0.0000,2.5262,0.0000,0.0000,1.6546,0.0000,0.0000,-39.4701,1.4831,0.0000,0.0000,-4.1554,2.4511,1.0723,0.0701,1.6914,0.0503,-10.9800,4.9058,7.8045,-2.0794,1.5832,-32.1322,-85.5923,-0.3183,1.4549,14.5348,18.8978,16.6520,-355.6407,-2.8541,17.0135,11.1421,0.0000,0.0000
187,12.466667,15,0.0000,0.0000,2.5935,0.0000,0.0000,1.6322,0.0000,0.0000,-48.6866,-3.3358,0.0000,0.0000,-4.2134,2.4884,21.8971,0.1098,1.4257,0.1134,-20.3582,11.9218,-24.0434,-4.9705,1.4578,-40.6754,-94.3241,1.3170,2.7930,16.6540,20.3929,18.3829,-355.3906,-2.7747,0.0000,13.5132,0.0000,0.0000
188,12.533333,15,0.0000,0.0000,2.5406,0.0000,0.0000,1.6531,0.0000,0.0000,-52.6381,-3.3472,0.0000,0.0000,-4.2356,2.4877,11.3911,0.1353,1.7329,0.1285,-0.3383,1.2941,-13.3724,0.8969,1.6843,-26.2339,-90.6931,-18.8400,-4.2245,3.0335,18.0588,15.4521,3.2862,-4.9983,14.6641,8.5548,0.0000,0.0000
189,12.600000,15,0.0000,0.0000,-1.5139,0.0000,0.0000,1.7011,0.0000,0.0000,-47.9099,-8.2901,0.0000,0.0000,-4.2762,2.5014,7.9430,0.0742,3.1161,0.0267,4.6740,6.2073,10.0043,2.1565,1.7738,-28.5987,-83.7343,-28.1010,-8.0934,-0.5466,16.6752,16.3108,2.7102,-4.8518,0.0000,12.9634,0.0000,0.0000
190,12.666667,15,0.0000,0.0000,-1.5358,0.0000,0.0000,1.6774,0.0000,0.0000,-50.9461,-8.3498,0.0000,0.0000,-0.0686,-1.4277,6.4832,0.1676,1.7510,0.0264,0.9915,7.9694,-7.7202,2.3807,1.7580,-32.3846,-67.5471,-45.5454,-5.0829,7.5725,4.6312,18.6973,3.2440,-3.8736,28.0924,4.5344,0.0000,0.0000
191,12.733333,15,0.0000,0.0000,-1.6102,0.0000,0.0000,1.7133,0.0000,0.0000,-50.4212,-8.3983,0.0000,0.0000,-0.1508,-1.4206,9.7831,0.0841,1.7140,0.0434,-6.3200,6.5080,31.9111,2.0971,1.7834,-28.3613,-63.3058,-48.3843,-9.1410,-1.6337,19.7049,15.7826,3.4618,-9.6562,28.2032,11.1334,0.0000,0.0000
192,12.800000,15,0.0000,0.0000,-2.3242,0.0000,0.0000,1.7134,0.0000,0.0000,-50.6039,-8.3471,0.0000,0.0000,-0.1063,-1.4406,9.7067,0.1886,1.7724,0.0003,-3.9921,11.3751,0.2799,0.6190,1.7326,-30.6227,29.6123,-50.1776,4.0984,0.5452,18.5490,16.3441,3.5780,-8.9290,5.0349,13.3537,0.0000,0.0000
193,12.866667,15,0.0000,0.0000,-2.3215,0.0000,0.0000,1.7024,0.0000,0.0000,-50.6688,-8.3202,0.0000,0.0000,-0.4165,-1.4364,12.5736,0.1369,1.7114,2.0857,-12.7469,-3.6639,4.5221,-2.4370,1.6145,-6.7918,70.0702,-28.4214,14.6367,-3.5918,-7.6129,3.3371,-2.2763,1.6485,5.8289,6.5140,0.0000,0.0000
194,12.933333,15,0.0000,0.0000,-2.3592,0.0000,0.0000,1.6978,0.0000,0.0000,-50.5398,-8.3832,0.0000,0.0000,-0.1443,-1.4158,15.4166,0.1335,1.7441,0.0329,-6.2281,9.0483,-3.6478,2.0228,1.7653,-26.1947,-11.2837,-54.6719,-3.9035,2.9215,8.3164,15.6800,2.6703,-4.7314,14.6057,1.3832,0.0000,0.0000
195,13.000000,15,0.0000,0.0000,-0.0146,0.0000,0.0000,0.0462,0.0000,0.0000,-50.0753,-10.9887,0.0000,0.0000,-0.4271,0.1761,28.3787,0.0635,1.7379,0.0341,16.6795,4.3253,-21.0620,6.9072,0.2665,-28.0033,64.0588,-43.1770,10.8338,-4.4485,24.2890,14.3595,3.4304,-8.2417,17.2098,11.3059,0.0000,0.0000
196,13.066667,15,0.0000,0.0000,0.0265,0.0000,0.0000,0.0323,0.0000,0.0000,-44.7153,-16.2213,0.0000,0.0000,-0.4326,0.2145,31.2168,0.0034,1.8098,0.0436,12.2360,8.0673,-21.5650,6.6491,0.2445,-43.2485,-61.0821,-46.2156,-10.6719,-9.3982,45.0224,9.0555,-355.0232,-11.4190,21.7013,18.5613,0.0000,0.0000
197,13.133333,15,0.0000,0.0000,0.0298,0.0000,0.0000,0.0379,0.0000,0.0000,-44.7402,-16.2452,0.0000,0.0000,-0.4194,0.2087,33.8223,0.0062,1.7740,0.0705,1.8539,7.4543,-26.9956,3.5109,0.1501,-34.9110,-43.6322,-52.7867,-15.2404,-4.8261,16.0012,16.9173,2.5409,-6.8071,22.3607,1.3806,0.0000,0.0000
198,13.200000,15,0.0000,0.0000,0.0337,0.0000,0.0000,0.0454,0.0000,0.0000,-44.8290,-16.2426,0.0000,0.0000,-0.4425,0.1917,35.7026,0.0476,1.8084,2.0760,1.8313,8.4063,-29.0832,3.5090,0.1575,-37.1967,-2.3581,-54.1094,-1.6889,-8.2614,30.7155,13.9921,3.9521,-9.9312,24.1848,17.5759,0.0000,0.0000
199,13.266667,15,0.0000,0.0000,0.0297,0.0000,0.0000,0.0480,0.0000,0.0000,-44.7793,-16.2529,0.0000,0.0000,-0.4812,0.2205,41.4577,0.1977,1.7677,0.0291,16.7310,3.5672,-10.3912,6.6485,0.2599,-23.8381,63.4094,-44.9170,17.4922,-9.4282,17.6471,13.7749,2.0520,-7.0994,29.3867,10.5100,0.0000,0.0000
200,13.333333,15,0.0000,0.0000,0.0602,0.0000,0.0000,0.0281,0.0000,0.0000,-48.0621,-16.2743,0.0000,0.0000,-0.1237,0.2361,36.5901,0.1582,1.7735,0.0090,-9.6120,6.7103,-23.0291,-0.9367,0.0007,-31.1480,-86.3133,-48.0692,-21.6816,-3.9880,16.9481,14.9889,2.4188,-4.9854,37.5171,13.4547,0.0000,0.0000
201,13.400000,15,0.0000,0.0000,0.0629,0.0000,0.0000,0.0290,0.0000,0.0000,-51.3843,-16.3032,0.0000,0.0000,-0.4784,0.2410,36.5349,0.0658,3.1252,0.0216,7.2074,8.0722,-22.1745,5.1306,0.1929,-39.1092,-94.6757,-24.7272,-6.9557,-7.3508,26.8926,15.4047,3.6431,-9.3633,55.3759,11.6377,0.0000,0.0000
202,13.466667,15,0.0000,0.0000,0.0651,0.0000,0.0000,0.0441,0.0000,0.0000,-51.3278,-16.3151,0.0000,0.0000,-0.4250,0.2362,39.8929,0.0271,1.7541,2.1526,4.5371,4.7240,-5.1939,2.1619,0.1136,-28.6821,-99.8178,-40.0028,-17.2085,-6.0733,5.3636,15.7160,0.8544,-5.0782,42.0662,3.9829,0.0000,0.0000
203,13.533333,15,0.0000,0.0000,0.0441,0.0000,0.0000,0.0379,0.0000,0.0000,-51.3708,-16.3283,0.0000,0.0000,-0.1455,0.2366,43.5466,0.1380,3.2453,2.0975,10.8200,8.9180,-23.1234,5.1297,0.2015,-44.9781,-94.1487,-15.9964,-3.9718,-5.2895,37.8410,11.3553,-355.5837,-9.9521,56.1074,17.8102,0.0000,0.0000
204,13.600000,15,0.0000,0.0000,0.0282,0.0000,0.0000,0.0366,0.0000,0.0000,-47.9855,-16.3487,0.0000,0.0000,-0.1386,0.2438,45.0940,0.1852,1.7722,0.0176,11.3547,3.9185,-12.4684,5.1310,0.2003,-26.2546,-91.6341,-37.4261,-16.5052,-7.3961,11.4932,14.2236,1.3594,-5.1615,53.5791,1.3195,0.0000,0.0000
205,13.666667,15,0.0000,0.0000,0.0119,0.0000,0.0000,0.0389,0.0000,0.0000,-47.9085,-16.3262,0.0000,0.0000,-0.4451,0.2287,45.2686,0.1769,3.1096,0.1137,1.6162,16.1388,-37.9186,2.0296,0.1045,-54.4881,-92.3369,-3.1625,0.9755,-3.1956,45.4441,5.8281,4.0294,-13.7225,57.1938,9.3581,0.0000,0.0000
206,13.733333,15,0.0000,0.0000,0.0526,0.0000,0.0000,0.0306,0.0000,0.0000,-36.5852,-21.2295,0.0000,0.0000,-0.4607,0.2605,59.7187,0.1531,3.1485,3.8190,23.0440,4.2872,-8.7057,9.7277,0.3410,-30.1141,-82.1631,-21.2902,-12.7156,-13.0104,27.3620,14.4721,3.2358,-7.7435,76.6214,15.1019,0.0000,0.0000
207,13.800000,15,0.0000,0.0000,0.0525,0.0000,0.0000,0.0331,0.0000,0.0000,-44.9977,-16.3481,0.0000,0.0000,-0.1684,0.2587,59.7169,0.1232,1.7116,0.1034,2.3074,3.0413,-17.3454,3.5098,0.1455,-24.3085,-62.0477,-53.9995,-29.8373,-11.2657,26.2619,13.1207,3.1956,-9.1520,55.6370,15.5383,0.0000,0.0000
208,13.866667,15,0.0000,0.0000,0.0473,0.0000,0.0000,0.0396,0.0000,0.0000,-37.0820,-21.2351,0.0000,0.0000,-4.1656,3.9565,62.6617,0.1559,1.7402,0.0251,-7.0532,15.2461,-35.9664,-2.4313,-0.0351,-46.6976,-86.6983,-17.1156,-6.1577,-13.4238,43.5591,7.9245,-354.9824,-12.4000,68.2024,4.6082,0.0000,0.0000
209,13.933333,15,0.0000,0.0000,0.0650,0.0000,0.0000,0.0370,0.0000,0.0000,-45.0461,-16.3160,0.0000,0.0000,-0.4658,0.2401,59.6058,0.0385,3.0911,0.0547,-13.0226,3.0194,-10.7835,-1.0996,0.0037,-24.9186,-92.0447,-39.1016,-19.2425,-9.9573,21.8777,13.3298,2.5442,-6.1287,66.3730,15.8439,0.0000,0.0000
210,14.000000,15,0.0000,0.0000,0.0790,0.0000,0.0000,0.0211,0.0000,0.0000,-45.1364,-16.2625,0.0000,0.0000,-0.4538,0.2384,59.5694,0.0475,3.1443,2.0824,17.7820,1.8557,-6.2735,6.7429,0.2364,-13.4395,-59.1504,-57.3994,-39.1305,-9.5913,6.4174,9.0860,-0.0766,-4.6009,61.0660,1.1485,0.0000,0.0000
211,14.066667,15,0.0000,0.0000,0.0357,0.0000,0.0000,0.0323,0.0000,0.0000,-45.0739,-16.2967,0.0000,0.0000,-0.4498,0.2389,56.0830,0.0085,1.8088,0.0342,11.2706,4.4470,-21.1131,5.2162,0.1989,-28.3007,-72.8233,-48.0050,-21.7856,-8.9503,22.6170,14.4014,2.8586,-7.3071,50.6280,13.5002,0.0000,0.0000
212,14.133333,15,0.0000,0.0000,-0.0166,0.0000,0.0000,0.0471,0.0000,0.0000,-45.0510,-16.2958,0.0000,0.0000,-0.4381,0.2250,56.1384,0.0008,3.0915,0.0603,0.5202,5.8515,-16.4464,2.0964,0.1147,-30.7443,-90.5839,-28.0031,-10.5356,-3.1666,14.0566,15.7644,2.0310,-4.1242,63.9918,8.7171,0.0000,0.0000
213,14.200000,15,0.0000,0.0000,0.0615,0.0000,0.0000,0.0308,0.0000,0.0000,-44.7131,-16.3095,0.0000,0.0000,-0.4658,0.2432,53.1200,0.1592,1.7332,2.0970,6.3765,3.8962,-3.1239,3.9093,0.1558,-26.4059,-87.6476,-34.5970,-14.8106,-10.3822,21.1046,14.0563,2.5801,-8.2922,67.7423,16.9037,0.0000,0.0000
214,14.266667,15,0.0000,0.0000,0.0325,0.0000,0.0000,0.0403,0.0000,0.0000,-36.5907,-21.2328,0.0000,0.0000,-0.1628,0.2521,56.2750,0.1376,1.7441,0.0505,14.3538,0.5591,2.1953,6.6516,0.2525,-11.2162,-62.1426,-52.6711,-35.1720,-13.1118,22.6559,11.2261,1.9547,-7.0675,71.7244,17.2261,0.0000,0.0000
215,14.333333,15,0.0000,0.0000,0.0150,0.0000,0.0000,0.0421,0.0000,0.0000,-37.0887,-21.2335,0.0000,0.0000,-0.1555,0.2518,59.1747,0.1272,3.1261,2.0363,22.8513,4.5906,-26.9936,9.8130,0.3552,-34.5379,-75.3913,-31.9287,-14.4972,-13.0216,30.8766,13.9680,3.8306,-8.0784,62.2416,15.5318,0.0000,0.0000
216,14.400000,15,0.0000,0.0000,0.0477,0.0000,0.0000,0.0432,0.0000,0.0000,-44.9974,-16.3002,0.0000,0.0000,-0.4752,0.2315,56.1629,0.0422,1.7659,0.0029,6.1204,3.9180,-3.2135,3.6621,0.1604,-26.4375,-84.9068,-40.2666,-17.8237,-9.8869,12.0883,14.5369,1.4316,-7.5592,64.2121,1.1529,0.0000,0.0000
217,14.466667,15,0.0000,0.0000,0.0362,0.0000,0.0000,0.0337,0.0000,0.0000,-45.1092,-16.2827,0.0000,0.0000,-0.1340,0.2248,56.0457,0.1301,1.7661,0.0009,6.6842,1.7611,0.6403,3.6651,0.1512,-20.1266,-82.0689,-48.7947,-30.1259,-9.8684,9.6187,11.8199,0.5897,-5.1354,61.6542,4.0548,0.0000,0.0000
218,14.533333,15,0.0000,0.0000,0.0888,0.0000,0.0000,0.0308,0.0000,0.0000,-37.1044,-21.2280,0.0000,0.0000,-0.1454,0.2483,59.1435,0.1532,1.6848,2.0740,20.3043,4.2230,-4.9970,6.8804,0.2503,-28.4788,-55.7724,-48.6684,-22.4239,-13.9586,24.4616,14.0622,2.7368,-9.2062,54.6542,8.7299,0.0000,0.0000
219,14.600000,15,0.0000,0.0000,0.0337,0.0000,0.0000,0.0508,0.0000,0.0000,-44.9959,-16.2986,0.0000,0.0000,-0.1431,0.2271,56.1461,0.1277,1.8223,0.0522,2.9711,-2.0845,3.5946,2.4482,0.1294,-11.9358,59.7761,-55.3553,33.3524,-11.7148,8.0890,8.2732,-0.4540,-4.2189,51.9212,4.0529,0.0000,0.0000
220,14.666667,15,0.0000,0.0000,0.0367,0.0000,0.0000,0.0477,0.0000,0.0000,-37.1056,-21.1986,0.0000,0.0000,-0.4308,0.2275,59.1224,0.0252,1.6914,2.0469,-7.0480,10.3739,-5.6963,-1.9401,-0.0119,-38.1251,-90.7379,-17.9233,-7.9102,-13.2911,28.2462,14.2115,3.6442,-11.6877,77.3887,18.7524,0.0000,0.0000
221,14.733333,15,0.0000,0.0000,0.0730,0.0000,0.0000,0.0471,0.0000,0.0000,-45.0269,-16.2923,0.0000,0.0000,-0.1416,0.2351,56.1215,0.1441,1.7605,0.0825,4.5423,4.7077,-5.2211,2.1668,0.1167,-28.6602,-93.2870,-22.6454,-10.1842,-8.4809,16.9278,14.5017,2.1895,-6.9192,80.4153,11.1458,0.0000,0.0000
222,14.800000,15,0.0000,0.0000,0.0005,0.0000,0.0000,0.0427,0.0000,0.0000,-48.2062,-16.2643,0.0000,0.0000,-0.1160,0.2216,48.2844,0.1776,1.7729,0.0245,11.9006,2.2566,1.2704,5.1803,0.2080,-19.6794,-86.8465,-54.6886,-45.2746,-10.5019,21.8522,12.4821,2.4411,-7.9967,55.8285,15.5750,0.0000,0.0000
223,14.866667,15,0.0000,0.0000,0.0321,0.0000,0.0000,0.0437,0.0000,0.0000,-44.7804,-16.2618,0.0000,0.0000,-0.1365,0.2343,46.4678,0.1491,1.8045,2.0553,8.3268,5.2896,-7.3158,2.4004,0.1208,-30.8083,-89.7021,-28.2947,-10.5723,-9.3722,23.0536,14.3017,3.0302,-8.6297,63.5702,17.3263,0.0000,0.0000
224,14.933333,15,0.0000,0.0000,0.0545,0.0000,0.0000,0.0449,0.0000,0.0000,-44.7501,-16.2324,0.0000,0.0000,-0.1255,0.2261,44.8129,0.1374,3.1209,0.0372,0.7828,10.3263,-1.9453,2.1658,0.1147,-41.2400,-83.6646,-29.4202,-5.6182,-5.9939,32.1562,13.2912,4.0906,-10.3670,48.3436,19.1295,0.0000,0.0000
225,15.000000,15,0.0000,0.0000,0.0676,0.0000,0.0000,0.0450,0.0000,0.0000,-44.7299,-16.2004,0.0000,0.0000,-0.1284,0.2141,41.6681,0.1199,1.6585,0.0658,0.8711,7.6308,-3.8314,2.4055,0.1224,-35.1212,-64.6591,-48.1595,-15.4516,-8.3016,20.8324,15.6254,3.0378,-9.4809,33.9934,11.1568,0.0000,0.0000
226,15.066667,15,0.0000,0.0000,0.0486,0.0000,0.0000,0.0552,0.0000,0.0000,-49.4702,-10.9938,0.0000,0.0000,-0.0888,0.1949,34.4052,0.1693,3.1096,2.0903,-4.0129,3.8471,-4.9032,0.8933,0.0846,-26.2947,-85.2167,-40.6626,-12.6492,-0.6196,12.7317,13.9542,2.3347,-4.0385,46.5745,13.5073,0.0000,0.0000
227,15.133333,15,0.0000,0.0000,3.9817,0.0000,0.0000,0.0408,0.0000,0.0000,-49.5409,-10.9673,0.0000,0.0000,-0.0864,0.2017,16.7737,0.1596,1.7704,1.9232,-7.5116,-0.9801,-3.5391,0.6234,0.0619,-24.2924,52.7843,-47.5509,13.0964,-2.0506,15.0959,13.1886,2.3631,-4.0858,8.6062,13.6112,0.0000,0.0000
228,15.200000,15,0.0000,0.0000,3.9456,0.0000,0.0000,0.0485,0.0000,0.0000,-49.5895,-10.9385,0.0000,0.0000,-4.1183,3.8941,9.9213,0.2004,1.7669,0.0262,-3.3741,12.0535,-18.8727,2.1603,0.1180,-50.3211,-83.5539,-19.9128,-0.5703,5.8410,33.5776,13.4312,-355.8572,-6.9600,32.8327,17.3100,0.0000,0.0000
229,15.266667,15,0.0000,0.0000,4.0088,0.0000,0.0000,0.0289,0.0000,0.0000,-46.2196,-10.8564,0.0000,0.0000,-0.3596,0.1730,7.3961,0.0059,1.7764,2.1241,6.7513,-1.6029,-6.4490,3.6545,0.1458,-21.7930,-67.7185,-46.4123,-16.6931,-4.7425,14.6009,12.9033,2.2270,-5.9902,51.8467,13.1718,0.0000,0.0000
230,15.333333,15,0.0000,0.0000,0.1318,0.0000,0.0000,0.0175,0.0000,0.0000,-51.4609,-5.5375,0.0000,0.0000,-0.0291,0.1735,10.9668,0.1812,1.7221,2.1119,-2.3773,11.4862,-11.9337,2.4418,0.0960,-42.1993,-88.6989,-4.8463,2.0362,8.2779,27.2849,15.0991,-355.7301,-8.7194,76.5380,17.3357,0.0000,0.0000
231,15.400000,15,0.0000,0.0000,0.0907,0.0000,0.0000,0.0170,0.0000,0.0000,-51.3953,-5.4699,0.0000,0.0000,-0.3082,0.1301,14.3965,0.0293,3.1730,0.0112,8.2517,1.6410,-13.5341,5.1728,0.1820,-19.3784,-88.5629,-22.9181,-5.6184,1.5825,7.8286,11.7219,2.4628,-4.5611,66.4140,6.2767,0.0000,0.0000
232,15.466667,15,0.0000,0.0000,0.1090,0.0000,0.0000,0.0121,0.0000,0.0000,-48.0752,-5.4798,0.0000,0.0000,-0.2906,0.1273,21.1232,0.0389,3.1432,0.0747,2.2161,10.2292,-13.2125,3.6525,0.1287,-41.9238,-85.3260,-3.6586,1.6285,8.9958,28.4756,15.0681,-355.7849,-7.6562,44.6235,18.9830,0.0000,0.0000
233,15.533333,15,0.0000,0.0000,0.0139,0.0000,0.0000,0.0256,0.0000,0.0000,-34.2256,-5.4157,0.0000,0.0000,-0.2437,0.0841,8.7047,0.0858,1.7734,0.0026,2.4219,4.4850,18.8011,3.6544,0.1421,-27.7408,-83.2589,-2.0700,-2.0819,4.5471,18.1541,14.4958,3.5678,-5.2735,80.6022,13.4650,0.0000,0.0000
234,15.600000,15,0.0000,0.0000,0.1031,0.0000,0.0000,0.0212,0.0000,0.0000,-39.2280,-0.1418,0.0000,0.0000,-0.2340,0.0684,23.8028,0.0533,1.7448,3.8184,-17.5946,9.0169,10.0702,-2.4456,-0.0543,-33.6402,-74.0689,-12.7636,3.1815,11.7928,32.7395,12.6549,-355.8599,-7.5661,46.9182,15.5532,0.0000,0.0000
235,15.666667,15,0.0000,0.0000,-1.3544,0.0000,0.0000,1.5518,0.0000,0.0000,-26.8131,1.4663,0.0000,0.0000,0.1099,-1.4903,10.9067,0.2571,1.8261,0.0321,5.0541,2.3887,54.7670,5.3749,1.6955,-18.8409,-21.8662,-23.3654,0.3298,5.7356,16.3160,13.3359,4.0952,-8.2495,6.9465,6.4770,0.0000,0.0000
236,15.733333,15,0.0000,0.0000,0.0902,0.0000,0.0000,0.0125,0.0000,0.0000,-14.5375,-0.0397,0.0000,0.0000,0.0788,0.0535,10.2343,0.1745,3.1484,0.0079,5.2262,0.2717,26.8479,5.4084,0.1598,-16.6767,-13.6568,-13.6298,-0.3576,4.3515,16.4113,11.3160,3.5541,-6.0525,0.0000,4.0102,0.0000,0.0000
237,15.800000,15,0.0000,0.0000,0.1474,0.0000,0.0000,0.0103,0.0000,0.0000,-9.5455,-0.0496,0.0000,0.0000,0.1062,0.0288,13.9267,0.1844,3.1743,3.7686,9.0206,-3.9101,40.2211,6.7317,0.2040,-2.9987,14.5162,-3.4509,1.2485,3.3227,10.0057,5.3054,2.5817,-3.6005,2.8977,4.5057,0.0000,0.0000
238,15.866667,15,0.0000,0.0000,0.1621,0.0000,0.0000,0.0149,0.0000,0.0000,-3.0147,-0.0341,0.0000,0.0000,0.1618,0.0107,20.1813,0.2216,1.6762,3.8202,2.1908,-5.4323,39.1037,3.6451,0.0883,-5.3629,-39.8153,-11.3506,-3.5858,5.4791,0.2296,3.0954,1.5525,-0.1881,51.5957,2.1631,0.0000,0.0000
239,15.933333,15,0.0000,0.0000,1.6790,0.0000,0.0000,1.5939,0.0000,0.0000,-2.7769,-1.5937,0.0000,0.0000,2.9811,1.5532,0.3398,5.7481,1.6873,3.7429,-10.8730,-5.9150,50.6172,2.0748,-1.5719,-12.6172,5.4918,0.1040,0.5841,1.0409,19.2583,6.0582,2.9198,-2.8497,0.0000,18.9059,0.0000,0.0000
240,16.000000,15,0.0000,0.0000,-3.7225,0.0000,0.0000,0.0001,0.0000,0.0000,1.0261,0.0061,0.0000,0.0000,0.1655,-0.0041,4.0943,0.3172,1.6315,0.0098,-2.4056,3.8415,18.1534,5.1150,0.1200,-18.7594,12.6345,8.0424,0.6831,3.5300,24.5529,12.4360,3.8970,-7.5968,7.0603,14.0628,0.0000,0.0000
241,16.066667,15,0.0000,0.0000,-3.7555,0.0000,0.0000,0.0113,0.0000,0.0000,1.1328,0.0451,0.0000,0.0000,0.1884,-0.0388,4.1920,0.3187,1.6480,3.7758,4.4403,0.9112,36.1445,6.7296,0.1826,-8.9925,-1.4180,2.4954,0.1318,5.7167,5.3833,6.4901,2.7628,-3.1305,13.9507,1.9560,0.0000,0.0000
242,16.133333,15,0.0000,0.0000,-3.7930,0.0000,0.0000,0.0153,0.0000,0.0000,1.1385,0.0862,0.0000,0.0000,-0.0950,-0.0585,4.1884,0.1545,1.7480,1.9148,1.6863,4.5196,34.4006,8.1742,0.2451,-18.9593,-26.0023,1.9677,-0.1648,8.2753,13.5082,12.1478,3.7744,-4.5117,9.8312,6.6826,0.0000,0.0000
243,16.200000,15,0.0000,0.0000,-3.7877,0.0000,0.0000,0.0197,0.0000,0.0000,1.1180,0.1020,0.0000,0.0000,0.2967,-0.0688,4.2115,0.4112,1.7356,3.7907,-0.9957,2.1764,38.4634,8.1716,0.2406,-14.7431,-19.1968,0.4482,-0.2959,6.8938,16.7009,10.8939,3.6676,-4.5225,7.6483,16.1288,0.0000,0.0000
244,16.266667,15,0.0000,0.0000,-3.7628,0.0000,0.0000,0.0145,0.0000,0.0000,1.1970,0.0712,0.0000,0.0000,0.2845,-0.0458,4.2394,0.3969,1.7403,3.8259,-4.2395,-6.8772,49.2479,8.1687,0.2319,0.2395,-1.0386,0.0827,0.0799,5.1554,5.1438,1.9313,2.3976,-2.2220,7.8389,10.6300,0.0000,0.0000
245,16.333333,15,0.0000,0.0000,0.1392,0.0000,0.0000,0.0106,0.0000,0.0000,1.1967,0.0755,0.0000,0.0000,0.5694,-0.0354,4.2508,0.5902,1.7244,0.0041,3.7195,-5.6811,48.1610,11.2770,0.3492,-3.3358,0.1299,1.7070,0.2827,7.0336,6.8415,4.0977,3.2568,-3.8335,9.6945,12.4725,0.0000,0.0000
246,16.400000,15,0.0000,0.0000,-1.5571,0.0000,0.0000,1.6635,0.0000,0.0000,7.2709,-3.4076,0.0000,0.0000,0.2702,-1.6837,5.1781,0.4542,1.7366,3.8818,8.8786,-0.6586,60.2063,14.4694,2.1259,-6.9498,-6.3341,3.1636,0.2297,5.4313,7.9205,8.0042,3.7087,-7.1638,2.9557,8.5904,0.0000,0.0000
247,16.466667,15,0.0000,0.0000,-2.4486,0.0000,0.0000,1.6565,0.0000,0.0000,1.2901,1.7003,0.0000,0.0000,0.5687,-1.7164,4.2961,0.5172,1.8461,1.9507,10.8220,3.9946,53.3074,19.0784,2.2645,-7.0716,-4.9510,3.0577,0.8725,12.3119,11.4462,9.0502,-354.8960,-7.7402,8.8878,8.1382,0.0000,0.0000
248,16.533333,15,0.0000,0.0000,-0.4976,0.0000,0.0000,1.6784,0.0000,0.0000,2.3225,1.6672,0.0000,0.0000,0.7551,-1.7087,5.2712,0.4996,1.7573,1.9953,19.8492,1.6070,42.8649,22.0756,2.3744,-3.5050,11.7483,9.8455,-0.1639,14.5566,19.2519,10.7080,-354.9300,-7.6441,17.3568,19.8743,0.0000,0.0000
249,16.600000,15,0.0000,0.0000,0.0033,0.0000,0.0000,1.7293,0.0000,0.0000,9.3614,-3.5866,0.0000,0.0000,0.6208,-1.7064,4.0116,0.2362,1.7421,1.9276,1.2450,-4.1955,65.9144,20.9051,2.3904,-6.9645,3.2279,8.5343,0.4354,8.5353,9.0253,8.1815,-355.3676,-8.4966,17.2666,7.7422,0.0000,0.0000
250,16.666667,15,0.0000,0.0000,-0.5025,0.0000,0.0000,1.7774,0.0000,0.0000,9.5719,-3.7499,0.0000,0.0000,-3.8988,2.1974,3.8547,0.1761,1.7101,1.9359,-11.2074,0.2824,55.9374,19.5808,2.3983,-18.4041,-3.7959,8.6231,0.1160,6.3601,18.2631,14.4109,3.5659,-3.9428,17.3577,19.5516,0.0000,0.0000
251,16.733333,15,0.0000,0.0000,-1.5169,0.0000,0.0000,2.0105,0.0000,0.0000,6.8059,-3.5081,0.0000,0.0000,-4.4382,1.8696,0.8050,1.1003,1.5568,3.8738,-3.6550,-0.0102,62.3511,25.3935,2.7790,-14.3050,-16.3734,4.7132,0.3478,10.5751,21.6600,15.0606,4.0953,-4.2286,5.6670,15.7360,0.0000,0.0000
252,16.800000,15,0.0000,0.0000,-0.3101,0.0000,0.0000,2.0181,0.0000,0.0000,1.2761,2.0014,0.0000,0.0000,-4.4056,1.8047,0.7982,1.1642,1.5771,1.8894,6.7225,0.1039,51.1110,35.3126,2.9897,-11.1205,2.5148,7.4455,0.5585,23.5294,28.5135,16.5002,-355.4471,-2.1678,14.8611,17.2982,0.0000,0.0000
253,16.866667,15,0.0000,0.0000,0.1648,0.0000,0.0000,2.0589,0.0000,0.0000,0.1937,1.9901,0.0000,0.0000,-0.2550,-1.9997,0.3718,0.7763,1.5389,1.8489,-4.6237,1.6863,35.9525,30.3864,2.9322,-19.3869,-8.4383,6.3009,1.3681,19.3093,25.9391,16.2125,-355.3724,-4.1799,5.1985,12.7023,0.0000,0.0000
254,16.933333,15,0.0000,0.0000,6.2369,0.0000,0.0000,2.0995,0.0000,0.0000,0.0761,2.1359,0.0000,0.0000,-4.2230,1.5993,0.4896,0.9164,3.2815,3.9261,-1.6278,1.5712,28.6100,35.8421,3.0699,-26.2755,-5.0772,7.9402,0.3972,22.1433,31.2758,17.3336,4.1302,4.4372,15.3088,13.2608,0.0000,0.0000
255,17.000000,15,0.0000,0.0000,2.2434,0.0000,0.0000,0.0648,0.0000,0.0000,0.1275,0.0757,0.0000,0.0000,-0.1000,-0.1330,0.4001,0.7724,1.4936,3.8971,7.8802,4.0186,40.0637,43.0769,1.3842,-27.0177,-2.2173,6.8970,0.4150,24.0433,39.8397,15.0893,-355.8578,5.7402,13.3322,8.5468,0.0000,0.0000
256,17.066667,15,0.0000,0.0000,8.4483,0.0000,0.0000,0.0599,0.0000,0.0000,0.0925,0.1036,0.0000,0.0000,0.3005,-0.2041,0.4529,0.4805,3.3276,3.9167,25.0051,-1.9624,53.6941,50.1805,1.5632,-23.6374,16.5474,6.0618,-0.1441,37.5301,47.5227,15.5650,3.5339,16.7180,14.8826,9.0273,0.0000,0.0000
257,17.133333,15,0.0000,0.0000,9.8281,0.0000,0.0000,0.0299,0.0000,0.0000,0.2152,-0.0255,0.0000,0.0000,-2.6063,-0.1289,3.7762,6.5228,1.5112,3.9255,10.9621,-3.1463,57.7359,54.2705,1.6389,-22.1263,28.9258,6.6079,-1.3488,41.6840,49.2248,18.7142,3.0493,19.8938,7.1821,6.4808,0.0000,0.0000
258,17.200000,15,0.0000,0.0000,14.3637,0.0000,0.0000,0.0211,0.0000,0.0000,6.5790,-5.3324,0.0000,0.0000,0.1713,-0.0774,0.6888,3.9890,1.3679,3.9047,-18.7298,-6.0798,63.7804,57.4507,1.7057,-20.7125,35.8156,8.6292,-0.9737,43.9433,52.4173,16.8142,3.3019,25.2375,2.0399,9.8813,0.0000,0.0000
259,17.266667,15,0.0000,0.0000,19.9911,0.0000,0.0000,0.0126,0.0000,0.0000,6.5693,-5.4006,0.0000,0.0000,-6.5967,3.8687,0.6412,7.0129,0.5733,3.9070,-23.1178,-13.3962,73.5515,57.4772,1.6840,-23.4928,37.8236,7.1634,2.4095,42.7843,57.2307,18.6264,-354.4184,28.1778,1.0039,2.5608,0.0000,0.0000
260,17.333333,15,0.0000,0.0000,14.3778,0.0000,0.0000,0.0458,0.0000,0.0000,6.5569,-5.4303,0.0000,0.0000,-6.6399,3.8662,0.5125,6.9588,1.3753,3.9293,-0.8035,-6.9774,50.7811,53.7956,1.6382,-20.6521,24.8954,7.9729,0.7871,39.4084,53.0676,19.4928,-355.5236,23.9229,10.6632,0.3125,0.0000,0.0000
261,17.400000,15,0.0000,0.0000,16.3127,0.0000,0.0000,0.0362,0.0000,0.0000,0.2670,-0.1536,0.0000,0.0000,-6.6092,3.8605,0.4759,6.9518,0.4849,3.9210,-12.6402,-11.9776,51.2737,58.1498,1.7296,-26.4230,24.0115,5.3576,1.6130,45.1670,56.1313,17.4237,-354.5392,28.6130,11.4654,5.6429,0.0000,0.0000
262,17.466667,15,0.0000,0.0000,14.4349,0.0000,0.0000,0.0129,0.0000,0.0000,5.6241,-5.5235,0.0000,0.0000,-6.7129,3.9419,0.4500,7.4885,0.6562,3.9133,-0.6965,-8.3038,43.3703,54.8017,1.6387,-23.6353,29.1800,5.9405,2.0524,38.0676,45.9929,18.0612,-355.0169,23.8771,3.4120,10.4128,0.0000,0.0000
263,17.533333,15,0.0000,0.0000,12.6291,0.0000,0.0000,0.0278,0.0000,0.0000,6.7292,-5.4970,0.0000,0.0000,-2.3235,-0.0358,0.4270,7.0468,1.2452,3.8977,-9.4134,-5.6745,49.8275,57.2319,1.7049,-22.1058,27.8749,7.8100,-0.0103,42.8265,51.3746,18.4795,3.8132,24.5905,9.7145,5.9479,0.0000,0.0000
264,17.600000,15,0.0000,0.0000,7.4716,0.0000,0.0000,0.0169,0.0000,0.0000,5.5967,-5.4781,0.0000,0.0000,0.0602,-0.0128,0.4268,4.0584,1.3124,3.9237,4.1271,-0.8399,52.1104,56.4894,1.6811,-22.1145,23.7052,6.8108,0.0807,41.6761,51.7266,16.3114,3.8287,23.3655,12.2272,7.4115,0.0000,0.0000
265,17.666667,15,0.0000,0.0000,8.4826,0.0000,0.0000,0.0169,0.0000,0.0000,0.1950,-0.0941,0.0000,0.0000,-6.5962,3.8013,0.6347,7.0678,1.2568,3.9053,3.2442,-4.2670,56.5551,56.2032,1.6750,-28.1646,14.8124,5.8398,1.3446,42.3839,52.3819,16.9115,-354.2707,26.6825,15.4442,5.1247,0.0000,0.0000
266,17.733333,15,0.0000,0.0000,8.5379,0.0000,0.0000,0.0138,0.0000,0.0000,6.5575,-5.3509,0.0000,0.0000,-2.2553,-0.0810,0.6568,10.4402,1.3258,3.9184,-7.3287,0.7017,64.9237,55.6011,1.6590,-17.6635,34.8355,10.0056,-2.3226,41.9660,45.0991,19.0450,3.0756,21.6054,2.0529,9.2841,0.0000,0.0000
267,17.800000,15,0.0000,0.0000,2.4622,0.0000,0.0000,0.0147,0.0000,0.0000,0.1928,0.0181,0.0000,0.0000,0.2236,-0.1694,0.3452,0.8430,1.3574,3.8451,-11.1642,5.3224,54.3613,55.3035,1.6536,-20.6854,30.3930,7.3358,-2.1620,44.7844,46.1217,16.3400,2.9251,23.5889,7.1951,19.0272,0.0000,0.0000
268,17.866667,15,0.0000,0.0000,0.3872,0.0000,0.0000,2.0034,0.0000,0.0000,0.0966,2.1059,0.0000,0.0000,-0.0379,-2.1277,3.7135,0.7593,1.4463,3.8844,1.6475,6.3715,39.4358,36.3787,2.9864,-29.0342,1.4119,7.2926,0.4681,23.5232,31.0304,17.0169,-355.8317,3.5366,11.9004,10.6618,0.0000,0.0000
269,17.933333,15,0.0000,0.0000,0.2591,0.0000,0.0000,0.0830,0.0000,0.0000,0.0890,0.1730,0.0000,0.0000,-0.5020,-0.1661,3.7880,1.1428,1.6264,3.8588,-5.7594,-1.0677,37.9867,27.2230,0.9437,-15.4531,-5.1962,3.4097,0.9100,12.8395,24.0846,13.8643,-355.4361,-7.8605,8.4948,11.4224,0.0000,0.0000
270,18.000000,15,0.0000,0.0000,-1.9148,0.0000,0.0000,1.9945,0.0000,0.0000,0.1671,2.0163,0.0000,0.0000,-0.4844,-2.0803,3.3870,0.9025,1.6714,3.8305,8.9234,0.3560,30.0119,25.2745,2.7604,-7.7773,-1.8549,4.0543,1.0391,17.0741,14.3914,11.6081,-354.1164,-8.7035,9.0646,17.8215,0.0000,0.0000
271,18.066667,15,0.0000,0.0000,-1.0474,0.0000,0.0000,1.8343,0.0000,0.0000,8.5303,-3.6067,0.0000,0.0000,-2.6559,-1.9880,2.7249,6.3962,1.6392,3.8378,-7.4488,-4.5874,57.5328,16.1873,2.3501,-9.0271,-2.1786,6.2266,0.4212,6.5979,13.6425,13.6800,4.1318,-7.8787,16.2016,12.0435,0.0000,0.0000
272,18.133333,15,0.0000,0.0000,1.5603,0.0000,0.0000,0.0112,0.0000,0.0000,3.1680,-0.0061,0.0000,0.0000,-1.8742,-0.1058,3.0611,5.5080,1.6779,2.0123,3.0428,-5.3677,65.6676,25.5787,0.8245,-5.8798,10.6764,8.5078,-0.0434,11.8743,18.9328,12.1523,-354.9930,-9.9758,14.8377,14.7892,0.0000,0.0000
273,18.200000,15,0.0000,0.0000,1.1793,0.0000,0.0000,0.0031,0.0000,0.0000,3.2185,-0.0105,0.0000,0.0000,-5.6058,3.6505,6.1497,5.5545,1.4070,3.8616,0.7186,-5.5414,31.7249,17.3719,0.5518,-7.1420,0.1021,4.7371,0.3172,9.7704,23.5453,13.6189,3.8857,-2.4661,17.8490,3.5879,0.0000,0.0000
274,18.266667,15,0.0000,0.0000,0.3870,0.0000,0.0000,0.0161,0.0000,0.0000,1.2347,0.0768,0.0000,0.0000,-1.8200,-0.0979,4.2472,5.1097,1.7460,1.9694,2.1091,-5.3167,16.3111,17.5874,0.5776,-5.2766,2.5586,3.2795,0.4376,10.0305,25.5469,14.0383,-355.7824,-6.1619,14.6458,4.5469,0.0000,0.0000
275,18.333333,15,0.0000,0.0000,-0.1253,0.0000,0.0000,0.0002,0.0000,0.0000,6.3315,-5.0473,0.0000,0.0000,0.2061,-0.0422,4.2518,3.0029,1.3456,3.8221,18.1029,1.0530,38.8694,15.8940,0.5074,-7.0381,-5.0035,1.0670,0.0750,4.7954,12.2107,7.8880,3.4010,-5.7597,4.3633,16.9169,0.0000,0.0000
276,18.400000,15,0.0000,0.0000,0.1054,0.0000,0.0000,0.0173,0.0000,0.0000,1.1342,0.1229,0.0000,0.0000,0.1833,-0.0512,1.5888,2.9767,1.7671,0.0319,11.1968,-2.2149,32.1424,12.8441,0.3928,-5.0308,-1.8564,1.3825,0.2880,7.3430,11.2985,6.8042,3.6785,-5.0312,5.8619,14.0997,0.0000,0.0000
277,18.466667,15,0.0000,0.0000,-0.2142,0.0000,0.0000,0.0006,0.0000,0.0000,1.0826,0.1313,0.0000,0.0000,-0.0877,-0.0776,4.1272,2.7305,3.0291,0.0762,5.1680,3.8548,28.2828,11.3918,0.3642,-25.2710,-14.8905,4.8808,0.4094,7.1467,31.4359,13.8712,4.1336,-7.2098,7.9314,20.0598,0.0000,0.0000
278,18.533333,15,0.0000,0.0000,-0.1202,0.0000,0.0000,0.0171,0.0000,0.0000,1.1343,0.1127,0.0000,0.0000,-0.0902,-0.0629,4.2345,2.7365,1.4108,0.0252,-15.8553,-11.6358,36.0609,2.0689,0.0417,-3.5744,-11.6517,-3.0523,-1.2474,5.1291,0.0980,2.3301,1.0408,1.1020,4.4682,5.3152,0.0000,0.0000
279,18.600000,15,0.0000,0.0000,-0.1212,0.0000,0.0000,0.0054,0.0000,0.0000,1.1192,0.0649,0.0000,0.0000,-0.1062,-0.0316,4.2017,2.7590,3.0794,0.0108,-19.8519,3.6157,33.7483,3.6827,0.0814,-25.2753,-30.5687,4.9280,0.2183,8.8352,17.9434,13.8441,4.0474,-5.3893,7.9492,17.4156,0.0000,0.0000
280,18.666667,15,0.0000,0.0000,-0.1068,0.0000,0.0000,0.0044,0.0000,0.0000,1.1979,0.0069,0.0000,0.0000,-0.1302,-0.0054,4.2473,2.7537,3.1550,2.2448,-9.4239,8.5389,28.4880,3.6484,0.0706,-33.8492,-30.5767,9.5024,1.3516,6.5213,35.9980,12.5331,4.0497,-10.0491,3.2886,13.0453,0.0000,0.0000
281,18.733333,15,0.0000,0.0000,1.5036,0.0000,0.0000,1.6632,0.0000,0.0000,1.1414,-1.6274,0.0000,0.0000,-0.1053,1.6522,1.2431,2.7906,3.1626,1.7702,-7.4591,-0.0944,30.6229,5.1174,-1.5110,-21.0978,-30.2635,1.3918,-1.2659,8.2221,8.1027,10.9131,2.9657,-1.7025,16.4288,1.9224,0.0000,0.0000
282,18.800000,15,0.0000,0.0000,-0.0906,0.0000,0.0000,0.0369,0.0000,0.0000,1.1665,0.0110,0.0000,0.0000,0.2158,0.0122,1.3057,3.0760,3.1757,1.7816,1.5376,9.8360,29.7180,5.1711,0.0865,-40.0737,-44.7920,17.1508,2.3954,8.8290,37.3885,11.6617,3.9320,-10.0896,35.2698,15.8966,0.0000,0.0000
283,18.866667,15,0.0000,0.0000,1.2394,0.0000,0.0000,1.6150,0.0000,0.0000,0.1008,-1.6020,0.0000,0.0000,-0.1148,1.6079,0.2801,2.7735,3.2697,1.7312,3.8260,7.4065,-8.5870,6.9022,-1.4162,-38.2437,-41.5895,12.8996,0.6698,5.6795,36.5763,10.8740,4.1128,-8.4909,25.3948,21.1170,0.0000,0.0000
284,18.933333,15,0.0000,0.0000,1.3111,0.0000,0.0000,1.6777,0.0000,0.0000,1.1567,-1.6335,0.0000,0.0000,-0.0727,1.6857,1.3660,2.8344,1.9240,1.6968,25.3072,2.7976,-15.4267,14.4202,-1.2608,-29.5370,-32.2470,7.2834,-0.5389,6.9147,26.3091,13.0275,3.9554,-4.8379,22.6128,17.2956,0.0000,0.0000
285,19.000000,15,0.0000,0.0000,1.3382,0.0000,0.0000,1.6742,0.0000,0.0000,1.1517,-1.6087,0.0000,0.0000,-0.0883,1.6822,1.4066,2.7721,1.8111,1.7637,16.7929,0.2223,-6.6165,8.1779,-1.4396,-12.6509,-18.3416,-1.8740,-1.0930,4.1502,16.2208,8.9329,3.0879,-3.3121,9.3255,14.9135,0.0000,0.0000
286,19.066667,15,0.0000,0.0000,1.2647,0.0000,0.0000,1.6586,0.0000,0.0000,0.1105,-1.6104,0.0000,0.0000,-0.0866,1.6673,0.3219,2.8130,1.7436,1.6896,24.8587,2.7679,-16.2164,14.2926,-1.2457,-23.1433,-32.1809,2.9528,-0.6994,6.7901,25.5687,12.2865,3.9081,-4.6005,27.0100,19.2730,0.0000,0.0000
287,19.133333,15,0.0000,0.0000,1.1846,0.0000,0.0000,1.6498,0.0000,0.0000,0.0993,-1.5743,0.0000,0.0000,-0.1108,1.6573,0.5000,2.7706,3.1117,1.6194,18.4092,3.8682,-12.0106,14.4194,-1.2330,-20.9977,-24.2289,1.2465,-0.5067,6.8747,25.6596,12.0624,3.9057,-4.4436,15.5625,17.3378,0.0000,0.0000
288,19.200000,15,0.0000,0.0000,-0.4335,0.0000,0.0000,0.0117,0.0000,0.0000,1.1594,0.0660,0.0000,0.0000,-0.1009,0.0012,1.4287,2.8251,3.1530,1.7178,3.9826,-0.1470,-2.5530,2.1574,0.0404,-14.9022,-20.1012,0.0765,-0.9136,5.0948,10.1480,9.9796,2.9647,-3.5279,9.4889,12.5938,0.0000,0.0000
289,19.266667,15,0.0000,0.0000,1.1924,0.0000,0.0000,1.6397,0.0000,0.0000,0.1374,-1.5809,0.0000,0.0000,-0.1484,1.6500,3.1771,2.7357,3.1099,1.7996,13.8646,-0.8172,1.8470,8.1805,-1.4053,-10.7466,-18.1748,-3.6544,-1.1959,4.7195,8.4499,6.8135,2.5360,-2.3388,5.9707,2.3144,0.0000,0.0000
290,19.333333,15,0.0000,0.0000,-0.4880,0.0000,0.0000,0.0157,0.0000,0.0000,0.1132,0.0834,0.0000,0.0000,-0.1199,-0.0134,0.3945,2.7884,3.0997,1.6231,17.6103,3.3190,-27.8319,6.7127,0.1878,-18.7900,-20.7449,1.0368,-0.1929,4.4667,26.1004,12.9619,3.9742,-7.2899,15.0282,21.7312,0.0000,0.0000
291,19.400000,15,0.0000,0.0000,-0.5053,0.0000,0.0000,0.0134,0.0000,0.0000,0.1324,0.0597,0.0000,0.0000,-0.1562,0.0023,3.2089,2.7485,3.1564,1.6784,21.7336,2.6469,6.3635,9.8310,0.2846,-6.5377,-3.0475,0.1997,0.1239,4.7452,25.2873,11.7203,3.8315,-5.9735,2.3323,20.9865,0.0000,0.0000
292,19.466667,15,0.0000,0.0000,-0.6900,0.0000,0.0000,0.0213,0.0000,0.0000,0.1435,0.0213,0.0000,0.0000,-0.1599,0.0190,3.1584,2.7533,3.1256,0.0629,18.8944,1.8270,30.4716,6.7059,0.1935,-6.7433,-0.2589,1.2744,0.1630,3.3814,17.0044,9.1127,3.2051,-4.8130,8.1846,17.3263,0.0000,0.0000
293,19.533333,15,0.0000,0.0000,-0.5169,0.0000,0.0000,0.0092,0.0000,0.0000,0.1456,0.0409,0.0000,0.0000,-0.1450,-0.0077,3.1939,2.7633,3.0799,0.0318,16.4943,2.4204,-19.1824,8.2537,0.2545,-14.7363,-17.1212,-0.2687,-0.2555,5.6951,16.1743,11.1991,3.6395,-5.5100,9.6689,10.3832,0.0000,0.0000
294,19.600000,15,0.0000,0.0000,-0.5211,0.0000,0.0000,0.0051,0.0000,0.0000,0.1573,0.0279,0.0000,0.0000,0.1529,-0.0146,3.1411,3.0333,1.7688,1.6310,7.3482,-0.1861,-18.2379,2.0998,0.0738,-12.7484,-13.8357,-0.7680,-0.7626,2.1029,23.8020,11.2727,3.5664,-5.3235,2.4826,21.5406,0.0000,0.0000
295,19.666667,15,0.0000,0.0000,-3.9116,0.0000,0.0000,0.0035,0.0000,0.0000,0.1342,0.0697,0.0000,0.0000,-0.1534,-0.0253,3.1818,2.7212,1.3293,0.0281,25.1701,8.4608,-18.6715,8.2534,0.2670,-10.5897,-12.4149,-1.1062,-0.2810,4.3536,18.6485,10.6283,3.5741,-6.0516,9.2152,10.5281,0.0000,0.0000
296,19.733333,15,0.0000,0.0000,-3.8978,0.0000,0.0000,0.0195,0.0000,0.0000,0.1791,0.0284,0.0000,0.0000,0.1486,0.0073,3.2144,3.0112,3.1754,0.0713,19.1846,5.6248,0.4563,5.1343,0.1415,-8.6477,-8.6743,-0.9715,-0.4259,1.9692,23.8374,10.9147,3.5674,-6.1159,6.5572,21.5282,0.0000,0.0000
297,19.800000,15,0.0000,0.0000,-0.7013,0.0000,0.0000,0.0046,0.0000,0.0000,0.1724,0.0492,0.0000,0.0000,-0.1240,-0.0159,3.2666,2.8032,1.3414,0.0878,16.6168,2.6593,-2.3052,5.2206,0.1626,-14.8760,-20.6024,-0.8139,-0.6502,3.7363,15.9686,11.0194,3.4488,-6.1390,9.2674,15.2333,0.0000,0.0000
298,19.866667,15,0.0000,0.0000,-3.9208,0.0000,0.0000,0.0152,0.0000,0.0000,0.1462,0.0639,0.0000,0.0000,-0.1530,-0.0068,3.1786,2.7118,1.3382,0.0389,25.2921,8.3829,-20.7657,5.2256,0.1523,-12.8684,-19.6052,-1.6348,-0.7824,3.7532,15.8240,10.4478,3.3302,-5.4134,9.3111,19.2225,0.0000,0.0000
299,19.933333,15,0.0000,0.0000,-0.4783,0.0000,0.0000,0.0150,0.0000,0.0000,1.1725,0.0531,0.0000,0.0000,-0.1545,0.0002,4.2050,2.7162,3.1067,2.1554,19.2893,3.2619,-20.2229,8.2545,0.2358,-16.7114,-14.7116,1.8311,-0.0751,4.7504,24.6269,12.7150,3.9269,-7.0438,6.6902,19.4591,0.0000,0.0000
300,20.000000,15,0.0000,0.0000,-0.4344,0.0000,0.0000,0.0042,0.0000,0.0000,0.1243,0.0368,0.0000,0.0000,0.1417,0.0120,3.1715,0.1928,3.0919,2.3295,21.2760,3.1495,-34.6056,6.6782,0.1748,-12.7116,-23.6829,-2.1825,-0.8229,3.8747,22.9431,11.4620,3.7160,-6.0645,18.5456,19.1630,0.0000,0.0000
301,20.066667,15,0.0000,0.0000,-0.3980,0.0000,0.0000,0.0176,0.0000,0.0000,0.1904,0.0168,0.0000,0.0000,-0.1190,-0.0103,3.2261,0.0348,1.3579,2.0969,17.6072,3.2115,-30.6784,6.7053,0.1890,-18.6974,-17.9758,1.2083,-0.1452,3.3752,28.8587,13.1270,4.0358,-8.4435,10.3137,18.9017,0.0000,0.0000
302,20.133333,15,0.0000,0.0000,-0.2850,0.0000,0.0000,0.0117,0.0000,0.0000,0.1771,0.0053,0.0000,0.0000,-0.1614,0.0127,0.2614,0.0675,1.3308,0.0564,5.3739,-0.0119,5.5375,3.6492,0.0863,-14.9368,-35.6266,-2.0246,-1.5032,5.5173,11.5420,10.3186,3.1440,-3.7383,37.9050,13.2439,0.0000,0.0000
303,20.200000,15,0.0000,0.0000,-0.2877,0.0000,0.0000,0.0141,0.0000,0.0000,0.2278,-0.0436,0.0000,0.0000,0.1064,0.0525,3.2353,0.0149,3.0640,2.1036,8.3067,1.9173,27.0125,3.6846,0.0620,-19.0613,-41.3624,0.8614,-1.0040,6.5376,12.5498,11.5683,3.4956,-4.4946,32.8550,13.8369,0.0000,0.0000
304,20.266667,15,0.0000,0.0000,-0.0554,0.0000,0.0000,0.0078,0.0000,0.0000,0.2256,-0.0483,0.0000,0.0000,0.0940,0.0459,3.2175,0.0208,1.4258,0.0000,14.1667,1.9731,29.2914,6.7034,0.1637,-16.9446,-33.0315,-0.3290,-0.7413,6.3696,12.6536,11.0339,3.5270,-4.7862,19.7560,9.0198,0.0000,0.0000
305,20.333333,15,0.0000,0.0000,-0.0580,0.0000,0.0000,0.0004,0.0000,0.0000,2.9629,-0.0617,0.0000,0.0000,-0.2352,0.0345,8.9148,0.1917,1.3427,0.0079,-2.2187,1.3778,40.2683,0.6748,-0.0182,-20.9822,-25.1826,4.0978,-0.4773,2.2997,23.0953,12.7225,3.8379,-8.2094,2.7580,17.5428,0.0000,0.0000
306,20.400000,15,0.0000,0.0000,-0.0709,0.0000,0.0000,0.0039,0.0000,0.0000,2.8919,-0.0220,0.0000,0.0000,-0.2018,0.0217,8.7026,0.1820,3.0754,1.6767,-4.7763,-2.0713,45.1248,0.6031,-0.0168,-14.8628,-19.9465,1.6508,-1.0630,3.3453,14.0344,10.4964,3.0228,-4.2505,7.7904,18.8140,0.0000,0.0000
307,20.466667,15,0.0000,0.0000,-0.1485,0.0000,0.0000,0.0128,0.0000,0.0000,2.9163,-0.0223,0.0000,0.0000,-0.1623,-0.0076,8.8810,0.1072,1.8167,2.1393,-2.2362,-0.5995,28.2810,0.5428,0.0068,-16.8103,-14.7207,3.4137,-0.5545,1.2714,25.5716,12.2152,3.7649,-7.2996,7.3521,17.4627,0.0000,0.0000
308,20.533333,15,0.0000,0.0000,-0.1246,0.0000,0.0000,0.0203,0.0000,0.0000,2.9227,-0.0058,0.0000,0.0000,-0.1430,-0.0055,8.9324,0.0429,1.3185,2.1590,-1.9796,-0.5289,28.2914,3.6835,0.0981,-16.8329,-20.6024,2.6128,-0.5927,5.4541,17.1681,11.6165,3.5140,-4.5624,2.6387,13.4476,0.0000,0.0000
309,20.600000,15,0.0000,0.0000,-0.0696,0.0000,0.0000,0.0144,0.0000,0.0000,2.9076,-0.0153,0.0000,0.0000,-0.1685,0.0061,8.9026,0.0073,1.3681,0.0188,-1.3082,4.5064,10.5196,2.0989,0.0401,-27.4423,-20.1384,7.1479,0.4692,2.0496,34.0103,12.8696,4.1324,-11.2959,4.8524,18.4400,0.0000,0.0000
310,20.666667,15,0.0000,0.0000,3.5859,0.0000,0.0000,0.0185,0.0000,0.0000,2.8756,0.0046,0.0000,0.0000,-0.1569,-0.0221,8.8790,0.0070,1.8320,2.1580,-10.3380,-2.6023,15.7897,-0.9777,-0.0464,-21.0502,-17.9685,4.6575,-0.3042,1.6235,27.3395,12.6314,3.9557,-8.5671,7.2654,17.4919,0.0000,0.0000
311,20.733333,15,0.0000,0.0000,-0.0723,0.0000,0.0000,0.0030,0.0000,0.0000,2.8102,0.0332,0.0000,0.0000,-0.1269,-0.0631,8.6805,0.3506,3.0701,0.0464,1.8992,2.6556,23.1361,5.1246,0.1244,-23.0652,-18.4431,5.4261,0.1285,3.6402,27.7243,13.3677,4.0688,-8.9239,10.3341,18.3301,0.0000,0.0000
312,20.800000,15,0.0000,0.0000,-3.8397,0.0000,0.0000,0.0142,0.0000,0.0000,2.7592,0.0954,0.0000,0.0000,-0.1095,-0.0983,5.9236,0.4220,0.0300,2.0775,-7.2861,12.9714,-30.7042,2.1427,0.0139,-35.9483,-28.2256,11.6630,1.7385,5.1093,37.4525,11.9978,3.9456,-12.0809,5.7885,13.7322,0.0000,0.0000
313,20.866667,15,0.0000,0.0000,-3.8652,0.0000,0.0000,0.0297,0.0000,0.0000,3.6085,0.1911,0.0000,0.0000,-0.1051,-0.1386,6.9060,0.6410,3.1844,1.6072,-4.3408,11.5162,-18.5513,2.1673,-0.0006,-33.8450,-21.1548,10.6463,1.2671,3.2090,37.3889,12.1759,3.9847,-12.6900,11.4703,11.1724,0.0000,0.0000
314,20.933333,15,0.0000,0.0000,-0.3380,0.0000,0.0000,0.0454,0.0000,0.0000,3.6323,0.2007,0.0000,0.0000,-3.5796,-0.1257,9.7996,6.9757,3.1650,0.0576,-2.9411,5.3814,-31.9481,3.6449,0.0301,-14.5321,-7.5558,5.0347,-0.1273,1.6612,12.8813,13.9527,3.2222,-7.9079,11.0786,3.2381,0.0000,0.0000
315,21.000000,15,0.0000,0.0000,-0.2653,0.0000,0.0000,0.0382,0.0000,0.0000,3.6324,0.2321,0.0000,0.0000,-3.5531,-0.1571,9.8905,6.9838,1.9756,3.8207,1.9197,11.8248,-23.1401,5.1654,0.0852,-27.4307,-10.4944,8.1221,0.4970,3.1642,31.7578,16.9041,-355.8597,-10.7955,19.2608,11.6895,0.0000,0.0000
316,21.066667,15,0.0000,0.0000,-0.2572,0.0000,0.0000,0.0496,0.0000,0.0000,3.6308,0.2568,0.0000,0.0000,-3.5329,-0.2069,7.1345,7.0210,3.2111,1.6985,-15.5609,8.7702,-14.1799,0.5440,-0.0707,-23.1002,-10.7225,7.1368,0.1943,1.5083,23.3520,16.5866,3.9900,-10.4100,16.7408,9.4493,0.0000,0.0000
317,21.133333,15,0.0000,0.0000,-0.1825,0.0000,0.0000,0.0467,0.0000,0.0000,6.3783,0.3171,0.0000,0.0000,0.7534,-4.0208,15.4067,6.8637,2.0146,0.0083,0.1233,4.1189,11.4003,6.6357,0.1231,-10.1259,2.0379,9.8658,0.4065,3.5300,13.1935,12.3087,3.9711,-10.0705,27.5720,1.3036,0.0000,0.0000
318,21.200000,15,0.0000,0.0000,-1.6909,0.0000,0.0000,1.6744,0.0000,0.0000,9.2948,-1.3599,0.0000,0.0000,0.7138,-2.3508,21.4747,6.8406,1.9116,1.7812,-13.6951,-4.7246,-0.4476,3.5358,-1.5622,-4.3152,10.8909,15.2097,0.9507,0.8380,5.4324,6.1894,2.1703,-5.1929,5.2880,3.2868,0.0000,0.0000
319,21.266667,15,0.0000,0.0000,-1.6046,0.0000,0.0000,1.6556,0.0000,0.0000,9.2891,-1.3624,0.0000,0.0000,0.7205,-2.3691,21.4171,6.8561,1.9712,3.3843,-29.4713,4.9656,-9.0292,-2.6546,-1.6862,-20.4499,-1.7661,12.4054,0.3005,3.9359,19.8462,13.8255,3.8571,-7.4803,8.2705,10.6297,0.0000,0.0000
320,21.333333,15,0.0000,0.0000,-1.6405,0.0000,0.0000,1.6706,0.0000,0.0000,9.3261,-1.3628,0.0000,0.0000,0.6884,-2.3463,21.5284,6.8833,2.0005,1.7397,-12.7141,-1.9212,17.9924,5.0344,-1.5200,-8.0108,16.4874,17.6642,1.0749,0.7563,20.3168,11.8448,3.4855,-8.4602,7.2449,11.6625,0.0000,0.0000
321,21.400000,15,0.0000,0.0000,-1.5508,0.0000,0.0000,1.6503,0.0000,0.0000,9.2984,-1.3566,0.0000,0.0000,0.7094,-2.3617,21.4345,6.8858,1.9666,1.7683,-16.9543,-3.9187,16.6586,0.6065,-1.6085,-6.4259,7.5750,13.8798,0.7416,0.1135,7.9915,7.8187,2.0976,-4.5537,3.2438,3.8523,0.0000,0.0000
322,21.466667,15,0.0000,0.0000,-1.6395,0.0000,0.0000,1.6464,0.0000,0.0000,6.3935,-1.3400,0.0000,0.0000,0.7047,-2.3848,15.7231,6.8896,1.9893,3.7671,-25.6593,-1.4934,-3.8734,0.3752,-1.6102,-12.1941,-7.2985,5.9375,-0.2389,4.5366,13.4428,11.2032,3.0380,-3.4425,25.6678,9.4940,0.0000,0.0000
323,21.533333,15,0.0000,0.0000,-0.1346,0.0000,0.0000,0.0191,0.0000,0.0000,9.2868,0.2858,0.0000,0.0000,0.7438,-4.0006,21.9562,6.8352,3.1474,0.0756,-30.5518,16.2711,25.1119,-4.0181,-0.1800,-33.1037,-0.0739,15.6287,0.7671,1.8946,41.8577,13.2349,3.3712,-18.2214,6.7061,4.7230,0.0000,0.0000
324,21.600000,15,0.0000,0.0000,-1.8017,0.0000,0.0000,1.6631,0.0000,0.0000,6.3804,-1.3627,0.0000,0.0000,0.7424,-2.3620,16.0332,6.8364,2.0165,1.6858,-29.4981,10.0093,27.3269,-2.6545,-1.6932,-26.7206,-15.2633,9.3715,0.7545,5.5735,26.3499,14.6129,-355.7548,-9.9385,25.5309,10.3727,0.0000,0.0000
325,21.666667,15,0.0000,0.0000,-1.7205,0.0000,0.0000,1.6405,0.0000,0.0000,9.2987,-1.3629,0.0000,0.0000,0.7162,-2.3585,21.4315,6.8469,1.9722,0.0545,-15.2638,3.0808,32.3054,3.4628,-1.5302,-16.2843,8.1690,13.9558,0.5439,3.1246,19.5433,13.3152,3.7685,-7.7016,3.2469,11.7021,0.0000,0.0000
326,21.733333,15,0.0000,0.0000,-1.6826,0.0000,0.0000,1.6376,0.0000,0.0000,6.3907,-1.3651,0.0000,0.0000,-3.5322,1.4421,15.6260,6.9744,1.9832,3.7684,-16.5817,-2.1959,13.8853,-1.1323,-1.6352,-8.7372,1.0677,8.1855,0.0853,0.2738,2.7676,7.9251,0.6532,-0.5071,18.9627,1.1903,0.0000,0.0000
327,21.800000,15,0.0000,0.0000,-1.7028,0.0000,0.0000,1.6358,0.0000,0.0000,6.3936,-1.3845,0.0000,0.0000,-0.1058,1.4632,15.9350,0.6776,1.9856,2.0750,-20.1511,1.4845,-8.7168,-1.1733,-1.6345,-14.8099,-12.7225,5.4315,-1.0989,5.7163,1.4336,7.3708,1.4501,0.5740,27.6413,2.4774,0.0000,0.0000
328,21.866667,15,0.0000,0.0000,-1.8190,0.0000,0.0000,1.6549,0.0000,0.0000,6.4355,-1.4372,0.0000,0.0000,-3.0286,1.4708,15.6072,6.7891,1.9482,3.7919,-12.8563,7.8373,24.8320,0.4298,-1.6169,-23.1036,-17.0943,7.8037,-0.5046,3.1510,11.5709,14.6443,3.2171,-5.9627,21.7301,3.5349,0.0000,0.0000
329,21.933333,15,0.0000,0.0000,-1.8076,0.0000,0.0000,1.6431,0.0000,0.0000,6.4682,-1.4376,0.0000,0.0000,-0.0905,1.4886,15.9156,0.6557,1.9641,1.6831,-3.9131,21.6619,-21.1442,3.5334,-1.5308,-48.5047,-27.6691,19.9619,2.2772,5.0571,52.8148,1.9097,2.9268,-12.8365,17.6662,5.6482,0.0000,0.0000
330,22.000000,15,0.0000,0.0000,-0.1971,0.0000,0.0000,0.0048,0.0000,0.0000,5.6678,0.1490,0.0000,0.0000,-0.0691,-0.1223,14.3984,0.3989,3.1243,0.0223,-12.8269,10.4065,-40.1781,0.4329,-0.0197,-25.2578,-32.6356,9.0967,0.2043,7.3519,8.8632,13.9829,3.9910,-6.4379,8.7302,0.2307,0.0000,0.0000
331,22.066667,15,0.0000,0.0000,-3.7920,0.0000,0.0000,0.0097,0.0000,0.0000,2.8323,0.1069,0.0000,0.0000,-0.0750,-0.0993,8.9761,0.3801,1.9447,0.0041,-15.1368,1.3465,-20.8770,0.4268,-0.0150,-16.7444,-35.4601,1.2015,-1.5114,4.5927,13.8369,11.0561,3.2136,-4.2915,11.9960,10.2155,0.0000,0.0000
332,22.133333,15,0.0000,0.0000,-3.9082,0.0000,0.0000,0.0160,0.0000,0.0000,2.8956,0.0635,0.0000,0.0000,-0.0789,-0.0827,9.0047,0.3428,0.0373,0.0657,-18.9763,24.8226,-4.5211,0.3706,-0.0110,-49.9434,-45.6766,25.6245,5.3620,11.6950,48.1882,5.0630,2.4093,-14.3103,4.7877,5.3349,0.0000,0.0000
333,22.200000,15,0.0000,0.0000,-0.2212,0.0000,0.0000,0.0155,0.0000,0.0000,2.8803,0.0438,0.0000,0.0000,-0.0865,-0.0401,8.8963,0.1427,3.1465,3.7325,-14.3445,20.2566,9.4392,0.4256,-0.0096,-50.2496,-37.0817,22.2006,4.7310,5.8480,50.5272,3.6404,2.1376,-16.3767,3.4053,12.6539,0.0000,0.0000
334,22.266667,15,0.0000,0.0000,3.4344,0.0000,0.0000,0.0166,0.0000,0.0000,2.8716,0.0780,0.0000,0.0000,-0.0778,-0.0721,9.0343,0.1616,3.1359,3.7820,-29.3336,8.8866,-1.2643,-6.9205,-0.1929,-35.5113,-53.9916,15.9319,3.6820,12.7296,25.8599,13.9695,-355.4054,-9.6231,21.8766,18.5113,0.0000,0.0000
335,22.333333,15,0.0000,0.0000,-1.6639,0.0000,0.0000,1.6202,0.0000,0.0000,2.8603,1.6929,0.0000,0.0000,-0.0234,-1.6554,9.0293,0.0133,3.1144,0.0435,-15.3865,7.6757,-3.8524,0.6011,1.6421,-29.6601,-38.8113,10.9183,2.1473,4.2668,35.6446,13.9902,4.0174,-13.8352,13.0844,11.4572,0.0000,0.0000
336,22.400000,15,0.0000,0.0000,1.9910,0.0000,0.0000,1.6421,0.0000,0.0000,2.9019,1.6763,0.0000,0.0000,-0.0764,-1.6586,8.9008,0.0784,3.1607,0.0237,-11.1834,3.9464,-17.4052,-0.9168,1.6113,-29.5869,-52.4828,12.6570,2.5558,10.2989,22.6487,15.6688,-355.4238,-9.2994,23.4485,18.5442,0.0000,0.0000
337,22.466667,15,0.0000,0.0000,5.6883,0.0000,0.0000,1.6375,0.0000,0.0000,2.9035,1.6457,0.0000,0.0000,-0.0651,-1.6432,8.8273,0.0260,3.1470,0.0297,-24.7981,2.9359,-6.3965,-5.4424,1.4461,-31.5451,-57.1660,14.3600,3.5278,13.7407,21.3097,15.8347,-355.1715,-8.2201,28.7840,15.7898,0.0000,0.0000
338,22.533333,15,0.0000,0.0000,7.3062,0.0000,0.0000,0.0074,0.0000,0.0000,2.9230,0.0175,0.0000,0.0000,0.2019,0.0036,8.9132,0.2303,3.0911,2.3687,-2.9160,-0.1945,-10.0942,5.0355,0.2076,-31.8685,-30.2351,10.1874,1.0263,3.8982,49.0628,9.9688,3.8475,-11.5875,10.0962,0.9401,0.0000,0.0000
339,22.600000,15,0.0000,0.0000,5.6872,0.0000,0.0000,1.6546,0.0000,0.0000,2.9455,1.6537,0.0000,0.0000,-0.0555,-1.6623,8.9377,0.1260,3.1470,0.0354,-1.1296,1.8686,5.3841,3.4911,1.7736,-33.9853,-46.9530,15.7319,3.0039,9.4017,30.5658,15.3157,-355.7335,-11.2381,29.5831,18.7635,0.0000,0.0000
340,22.666667,15,0.0000,0.0000,7.3679,0.0000,0.0000,0.0064,0.0000,0.0000,5.8243,-0.0031,0.0000,0.0000,0.2218,-0.0024,11.8591,0.2507,2.0290,1.7104,-19.7500,13.6229,-12.0146,0.3144,0.0687,-48.0720,-44.9648,26.6167,4.9339,12.7458,47.0556,5.8608,2.6588,-13.3667,12.3126,8.7615,0.0000,0.0000
341,22.733333,15,0.0000,0.0000,5.6530,0.0000,0.0000,1.6569,0.0000,0.0000,2.9560,1.6620,0.0000,0.0000,-0.0597,-1.6522,8.9524,0.1215,3.1002,0.0524,-21.1143,7.3495,12.7284,-4.0099,1.5167,-37.9862,-36.8970,15.6304,4.2472,6.8589,46.5364,9.8315,2.7987,-16.7123,2.9558,0.1399,0.0000,0.0000
342,22.800000,15,0.0000,0.0000,7.2517,0.0000,0.0000,0.0123,0.0000,0.0000,2.9249,0.0254,0.0000,0.0000,-0.0530,-0.0092,8.9460,0.1300,3.0926,1.6641,-10.7602,2.8324,3.8068,-2.4673,0.0143,-35.8312,-42.9225,14.3095,2.7592,7.1094,33.0138,12.6096,4.1277,-12.6571,1.8844,17.3556,0.0000,0.0000
343,22.866667,15,0.0000,0.0000,7.2837,0.0000,0.0000,0.0091,0.0000,0.0000,2.9601,0.0182,0.0000,0.0000,0.2249,-0.0094,8.9434,0.2551,3.1250,1.6902,-17.1007,5.7712,-5.1321,0.3769,0.0856,-38.0682,-35.5335,14.3772,2.5455,10.1048,40.2382,10.4736,3.7203,-10.7151,13.4709,10.0285,0.0000,0.0000
344,22.933333,15,0.0000,0.0000,5.6900,0.0000,0.0000,1.6413,0.0000,0.0000,5.7919,1.6890,0.0000,0.0000,-0.0445,-1.6634,12.0339,0.1201,3.1463,0.0428,-25.7410,20.4234,-11.0653,-4.1921,1.4951,-52.9921,-43.9220,30.7310,8.4030,19.4392,46.6946,6.2083,1.5174,-16.9191,5.9870,5.0581,0.0000,0.0000
345,23.000000,15,0.0000,0.0000,3.7147,0.0000,0.0000,0.0036,0.0000,0.0000,5.7995,0.0178,0.0000,0.0000,-0.0517,-0.0105,14.6369,0.1253,1.9988,0.3610,-17.8449,1.6896,-4.9902,-1.1794,0.0321,-27.4024,-29.2800,10.1948,0.5482,7.2524,33.4885,12.5648,4.1322,-7.7346,23.1976,15.6749,0.0000,0.0000
346,23.066667,15,0.0000,0.0000,3.7166,0.0000,0.0000,0.0018,0.0000,0.0000,2.9285,0.0232,0.0000,0.0000,-0.0552,-0.0223,9.1018,0.0395,3.0910,1.7026,-21.7516,5.2620,8.0340,0.3768,0.0745,-31.7162,-41.7437,11.5300,1.4972,10.1109,29.8576,13.3968,-355.7888,-7.5859,3.0595,17.4470,0.0000,0.0000
347,23.133333,15,0.0000,0.0000,5.6307,0.0000,0.0000,1.6458,0.0000,0.0000,2.9006,1.6632,0.0000,0.0000,-0.0399,-1.6476,8.8428,0.1524,3.1094,0.0095,-23.1732,1.7161,18.3887,-1.1756,1.6062,-29.5850,-44.6221,11.4078,2.3551,14.6120,19.4199,15.9807,-355.2866,-5.6068,4.8309,17.3799,0.0000,0.0000
348,23.200000,15,0.0000,0.0000,2.0317,0.0000,0.0000,1.6439,0.0000,0.0000,2.9147,1.6826,0.0000,0.0000,-0.0257,-1.6536,8.9158,0.0434,3.1646,3.7354,-19.5732,-1.6035,-3.9326,-1.1247,1.6058,-21.0810,-30.0805,5.2648,0.3020,6.0620,18.3894,13.9157,4.0839,-8.0898,10.5153,17.1489,0.0000,0.0000
349,23.266667,15,0.0000,0.0000,7.3250,0.0000,0.0000,0.0138,0.0000,0.0000,2.9001,0.0099,0.0000,0.0000,-0.0518,-0.0089,8.9885,0.1077,3.0661,0.0361,-20.2054,-4.2766,-6.5595,-1.1798,0.0215,-23.2898,-43.6856,5.6754,-0.4320,13.0816,12.9177,13.0199,3.7610,-0.5583,10.9321,17.1868,0.0000,0.0000
350,23.333333,15,0.0000,0.0000,2.1384,0.0000,0.0000,1.6176,0.0000,0.0000,2.9494,1.6567,0.0000,0.0000,-0.0300,-1.6371,6.1783,0.0451,3.1838,2.1705,-7.0348,8.5179,-30.5973,3.5341,1.7380,-38.2904,-37.1835,16.4650,3.2365,7.2539,42.1236,12.0956,3.4648,-13.7590,11.2597,13.8586,0.0000,0.0000
351,23.400000,15,0.0000,0.0000,15.9230,0.0000,0.0000,1.6256,0.0000,0.0000,2.8925,-1.6241,0.0000,0.0000,-0.0553,1.6200,6.0567,0.1135,3.1317,2.3538,-14.5617,-12.3707,-12.0682,-1.1747,-1.6245,-23.1480,-41.9295,4.2835,-1.6812,8.6978,15.7993,11.4165,3.3209,-1.3769,21.2366,15.5013,0.0000,0.0000
352,23.466667,15,0.0000,0.0000,16.0426,0.0000,0.0000,1.6273,0.0000,0.0000,2.9474,-1.6506,0.0000,0.0000,-0.0402,1.6292,8.8891,0.1257,3.1523,1.7407,-1.9407,-7.0353,-23.8904,5.0393,-1.4769,-36.0794,-40.8527,13.5009,0.6020,5.2220,28.9066,12.6485,-355.8481,-8.7255,7.8875,15.9157,0.0000,0.0000
353,23.533333,15,0.0000,0.0000,19.3502,0.0000,0.0000,1.6448,0.0000,0.0000,2.9417,-1.6454,0.0000,0.0000,-0.0551,1.6127,8.9159,0.0310,3.1829,1.7349,-18.9831,-2.9815,-12.0486,-4.1538,-1.7069,-41.8778,-38.7150,15.9082,3.2604,6.9894,41.3761,7.6551,3.5314,-13.4954,10.5888,4.6050,0.0000,0.0000
354,23.600000,15,0.0000,0.0000,19.4909,0.0000,0.0000,1.6416,0.0000,0.0000,2.8943,-1.6290,0.0000,0.0000,-0.0340,1.6151,6.0502,0.0163,3.1717,1.6921,-13.6121,-8.4079,54.8509,-2.6937,-1.6735,-35.7890,-38.7624,12.0932,1.5087,10.5375,32.4930,11.0433,-355.8548,-7.3972,3.2267,15.8228,0.0000,0.0000
355,23.666667,15,0.0000,0.0000,21.0045,0.0000,0.0000,0.0208,0.0000,0.0000,2.8113,0.0392,0.0000,0.0000,-0.0294,-0.0318,5.9654,0.0132,3.1205,1.6883,-11.7570,-16.4217,36.2565,-1.1761,-0.0950,-25.2739,-25.7613,6.1282,0.1612,7.0685,18.8807,13.3875,4.0136,-6.3914,3.5748,15.3480,0.0000,0.0000
356,23.733333,15,0.0000,0.0000,21.1834,0.0000,0.0000,0.0143,0.0000,0.0000,3.7471,0.0348,0.0000,0.0000,2.8734,-0.0046,6.8737,5.7254,3.2200,2.1752,-31.5928,-4.4604,26.6581,-7.0749,-0.2672,-37.5982,-36.5320,14.6897,3.5271,12.6743,33.3137,9.1623,4.1002,-11.1135,8.1853,16.3543,0.0000,0.0000
357,23.800000,15,0.0000,0.0000,24.1107,0.0000,0.0000,0.0009,0.0000,0.0000,0.0836,0.0131,0.0000,0.0000,2.8742,-0.0161,0.3324,5.7294,3.1202,0.0561,-12.1069,-26.6982,38.7780,-1.1300,-0.0724,-12.8787,-37.8329,-4.1702,-2.8622,4.0790,7.1831,5.5515,2.2333,-1.8770,33.4015,7.6092,0.0000,0.0000
358,23.866667,15,0.0000,0.0000,24.1736,0.0000,0.0000,0.0024,0.0000,0.0000,2.8315,0.0165,0.0000,0.0000,2.8367,0.0101,5.9086,5.6963,3.1458,2.0499,-16.9896,-20.9111,94.8348,-6.9339,-0.2516,-23.2533,-33.9569,4.7863,-0.6128,8.4640,7.1752,9.7161,3.4472,-3.5174,3.6462,13.2807,0.0000,0.0000
359,23.933333,15,0.0000,0.0000,26.9960,0.0000,0.0000,0.0143,0.0000,0.0000,2.8185,0.0002,0.0000,0.0000,2.8268,0.0271,5.8498,5.7341,3.1795,2.1295,-20.7289,-21.1623,89.4206,-4.0171,-0.1474,-25.2994,-44.7588,6.7777,-0.0796,12.2649,10.1109,10.6628,3.8898,-2.4381,20.8734,15.9143,0.0000,0.0000
360,24.000000,15,0.0000,0.0000,29.7639,0.0000,0.0000,0.0085,0.0000,0.0000,2.8026,-0.0049,0.0000,0.0000,2.8356,0.0196,5.8625,5.7189,3.1098,0.0110,-23.8362,-23.7634,88.0531,-6.9344,-0.2575,-25.2957,-28.8632,5.9921,0.0106,0.6487,24.7708,9.7237,4.0333,-10.9266,8.1304,23.5647,0.0000,0.0000
361,24.066667,15,0.0000,0.0000,32.3296,0.0000,0.0000,0.0115,0.0000,0.0000,0.1066,0.0145,0.0000,0.0000,2.8610,-0.0014,0.3385,5.7466,3.0665,2.2137,-38.1698,3.0757,120.3555,-2.4605,-0.1033,-27.3846,-41.6728,5.6732,0.5392,3.6845,23.5421,10.4958,-355.8406,-9.9739,24.8274,23.6929,0.0000,0.0000
362,24.133333,15,0.0000,0.0000,32.3596,0.0000,0.0000,0.0049,0.0000,0.0000,2.8360,-0.0217,0.0000,0.0000,2.8551,0.0121,5.8394,5.7509,3.1392,2.0797,0.0000,0.0000,0.0000,5.1117,0.1265,-29.7434,-23.9432,8.2945,0.6878,2.8782,37.0563,9.7524,4.0953,-11.2345,10.8379,21.3395,0.0000,0.0000
363,24.200000,15,0.0000,0.0000,32.4039,0.0000,0.0000,0.0074,0.0000,0.0000,0.1353,-0.0309,0.0000,0.0000,2.8709,0.0018,0.3551,5.7539,3.1248,1.6488,0.0000,0.0000,0.0000,0.5988,-0.0270,-37.9100,-52.6220,16.3356,3.0336,10.0217,24.4205,12.3319,-355.4140,-10.2432,42.1567,18.9506,0.0000,0.0000
364,24.266667,15,0.0000,0.0000,32.3935,0.0000,0.0000,0.0066,0.0000,0.0000,0.1302,-0.0420,0.0000,0.0000,2.8383,0.0242,0.3320,5.7303,3.0442,2.1467,0.0000,0.0000,0.0000,0.4244,-0.0316,-12.6993,-27.9858,-3.3280,-1.9745,2.1545,11.3771,6.2668,2.6412,-4.1703,24.7497,10.2746,0.0000,0.0000
365,24.333333,15,0.0000,0.0000,32.3948,0.0000,0.0000,0.0037,0.0000,0.0000,0.1363,-0.0310,0.0000,0.0000,2.8356,0.0240,0.3021,5.7225,3.0479,2.0535,-42.5110,-0.9092,117.3479,2.0041,0.0201,-31.7042,-45.0014,9.8315,1.3605,4.8997,33.8886,9.8902,4.1138,-10.6181,39.1240,21.4739,0.0000,0.0000
366,24.400000,15,0.0000,0.0000,32.3998,0.0000,0.0000,0.0101,0.0000,0.0000,0.1268,-0.0168,0.0000,0.0000,2.8502,0.0268,0.3042,5.7454,3.0643,0.0174,-40.7592,-1.0896,118.6265,0.4276,-0.0355,-31.8290,-37.6879,8.2766,1.3838,1.1419,38.0356,9.0171,4.0117,-13.5102,29.1608,24.5728,0.0000,0.0000
367,24.466667,15,0.0000,0.0000,29.8352,0.0000,0.0000,0.0131,0.0000,0.0000,0.1641,-0.0562,0.0000,0.0000,2.7962,0.0576,0.2953,5.7067,3.0832,3.8237,-8.3366,-21.7181,87.2360,2.0117,0.0111,-31.7700,-42.7362,9.3947,1.3188,7.3365,22.4699,11.7648,-355.6529,-8.9594,30.8459,14.2811,0.0000,0.0000
368,24.533333,15,0.0000,0.0000,27.1525,0.0000,0.0000,0.0027,0.0000,0.0000,0.1570,-0.0302,0.0000,0.0000,2.8405,0.0236,0.3333,5.7378,3.0689,1.6211,-10.9239,-14.6587,82.2796,-0.9126,-0.0698,-40.1169,-49.0716,16.6730,3.7167,4.0623,41.8080,6.9599,3.5073,-14.8582,33.1067,13.7449,0.0000,0.0000
369,24.600000,15,0.0000,0.0000,24.2498,0.0000,0.0000,0.0171,0.0000,0.0000,2.8589,-0.0321,0.0000,0.0000,2.8167,0.0386,5.8762,5.6951,3.1402,0.0170,-8.4255,-15.1254,87.2681,2.0063,0.0070,-33.9095,-30.7950,11.0220,1.4577,3.8048,39.4353,8.7099,3.9358,-12.0640,8.5283,18.5076,0.0000,0.0000
370,24.666667,15,0.0000,0.0000,21.3326,0.0000,0.0000,0.0304,0.0000,0.0000,0.1373,-0.0331,0.0000,0.0000,2.8002,0.0415,0.2238,5.6696,3.1283,3.7450,-19.9679,-17.9302,13.7581,-6.9151,-0.2788,-23.2073,-55.8301,3.7335,-1.1049,16.4965,4.3131,9.7285,3.3488,2.1691,37.4254,13.3228,0.0000,0.0000
371,24.733333,15,0.0000,0.0000,21.2144,0.0000,0.0000,0.0369,0.0000,0.0000,0.1742,-0.0435,0.0000,0.0000,2.8139,0.0237,0.3790,5.6598,3.1460,2.0595,-0.2973,-18.4251,57.6158,-0.9200,-0.1037,-23.1662,-38.8623,2.7774,-0.4729,2.7350,16.0881,10.0203,3.7826,-8.5776,28.9997,10.7653,0.0000,0.0000
372,24.800000,15,0.0000,0.0000,19.6522,0.0000,0.0000,1.6791,0.0000,0.0000,2.8559,-1.6973,0.0000,0.0000,2.8097,1.6582,5.8839,5.6321,3.1297,3.3298,-6.8132,-10.9001,66.6415,0.3654,-1.6431,-33.8813,-27.0725,8.9723,0.6342,5.5775,32.2567,8.4880,-355.8611,-8.8095,3.2588,24.6042,0.0000,0.0000
373,24.866667,15,0.0000,0.0000,17.9313,0.0000,0.0000,0.0418,0.0000,0.0000,2.8270,-0.0369,0.0000,0.0000,2.8152,0.0174,5.8389,5.6445,3.0448,1.7045,-18.9133,-5.0036,55.5715,-5.4784,-0.2468,-37.5850,-38.5926,14.1743,3.3797,10.4556,26.8644,11.1490,-355.4224,-11.8799,8.2137,24.6319,0.0000,0.0000
374,24.933333,15,0.0000,0.0000,17.7747,0.0000,0.0000,0.0284,0.0000,0.0000,0.1541,-0.0467,0.0000,0.0000,-0.0829,0.0027,0.3958,0.0352,3.0737,0.0043,3.3455,-11.8271,27.4176,-0.9217,-0.0952,-31.5794,-54.9797,11.5839,1.6843,10.0884,16.9128,15.3234,-355.4723,-7.4985,45.7006,13.1044,0.0000,0.0000
375,25.000000,15,0.0000,0.0000,14.6188,0.0000,0.0000,0.0409,0.0000,0.0000,2.8532,-0.0457,0.0000,0.0000,2.8255,0.0177,5.8988,5.6471,3.1743,0.4335,-27.0780,1.2497,21.8674,-8.3619,-0.3310,-39.1969,-53.1966,18.4914,5.1970,22.0413,18.5632,13.5923,-354.4852,-4.9769,21.5107,21.6486,0.0000,0.0000
376,25.066667,15,0.0000,0.0000,14.4948,0.0000,0.0000,0.0254,0.0000,0.0000,2.8676,-0.0265,0.0000,0.0000,2.8252,0.0109,5.9406,5.6643,3.1210,0.0188,-6.9930,-15.2791,19.5045,-2.4652,-0.1396,-17.0039,-30.0068,1.3960,-1.6243,5.1861,5.7999,7.1642,2.5857,-2.7593,5.9186,7.6050,0.0000,0.0000
377,25.133333,15,0.0000,0.0000,11.0950,0.0000,0.0000,0.0353,0.0000,0.0000,2.8676,-0.0404,0.0000,0.0000,2.8013,0.0362,5.9159,5.6640,3.1565,2.3722,-5.0600,-6.2862,19.0933,-0.9204,-0.1015,-27.4426,-31.8303,7.4456,0.4919,8.5896,16.2802,11.2521,-355.8331,-6.3335,0.8169,16.1370,0.0000,0.0000
378,25.200000,15,0.0000,0.0000,12.6893,0.0000,0.0000,1.6742,0.0000,0.0000,2.8320,-1.6578,0.0000,0.0000,2.8019,1.6704,5.9024,5.6640,3.1633,3.4009,-5.3119,-4.2949,3.9257,0.5499,-1.6337,-33.8597,-35.0747,10.2966,0.6651,5.7195,26.7340,9.6384,-355.8257,-8.6807,5.3997,23.5853,0.0000,0.0000
379,25.266667,15,0.0000,0.0000,7.2948,0.0000,0.0000,0.0027,0.0000,0.0000,2.8239,0.0183,0.0000,0.0000,-0.0898,0.0036,5.9191,0.0136,3.1663,2.1020,-15.2549,7.6446,-7.5995,-0.9183,-0.0642,-41.9898,-37.3414,16.9619,3.5515,8.6470,37.5309,11.1662,3.7599,-13.3543,5.3880,11.6166,0.0000,0.0000
380,25.333333,15,0.0000,0.0000,7.3275,0.0000,0.0000,0.0153,0.0000,0.0000,2.8300,-0.0125,0.0000,0.0000,2.8222,0.0188,5.8972,5.6663,3.1324,0.0042,-15.3042,2.1845,19.8174,-0.9682,-0.0834,-33.7188,-24.8801,10.0338,1.4821,7.0273,28.2274,10.7855,-355.6953,-10.6334,6.1128,24.6327,0.0000,0.0000
381,25.400000,15,0.0000,0.0000,7.3156,0.0000,0.0000,0.0059,0.0000,0.0000,2.8717,-0.0193,0.0000,0.0000,2.8209,0.0197,5.9850,5.6742,3.0706,0.0045,1.6113,-2.7994,10.3986,2.1314,0.0222,-27.4733,-31.4091,7.6338,0.4888,6.1906,13.4810,11.6705,-355.8291,-8.0561,7.8239,10.3431,0.0000,0.0000
382,25.466667,15,0.0000,0.0000,3.6624,0.0000,0.0000,0.0021,0.0000,0.0000,2.8590,0.0142,0.0000,0.0000,2.8636,0.0115,5.9578,5.7409,3.1797,0.3624,0.7871,7.1322,4.4434,2.1390,0.0306,-42.2874,-37.0442,17.3215,2.9953,5.0316,39.7912,7.6466,3.6717,-13.7787,12.8682,18.9168,0.0000,0.0000
383,25.533333,15,0.0000,0.0000,3.6306,0.0000,0.0000,0.0113,0.0000,0.0000,2.8152,-0.0113,0.0000,0.0000,2.8018,0.0356,5.8600,5.6921,3.1115,2.1048,-8.8747,-2.4832,29.9203,0.5409,-0.0326,-21.1079,-25.4580,4.0538,-0.4628,5.8897,8.8154,9.2997,3.4449,-5.2266,3.7557,7.5971,0.0000,0.0000
384,25.600000,15,0.0000,0.0000,3.6566,0.0000,0.0000,0.0123,0.0000,0.0000,2.8723,0.0087,0.0000,0.0000,-0.0819,0.0127,6.0089,0.0074,3.1234,0.0158,-8.5736,4.7114,12.7526,2.0720,0.0139,-33.6173,-42.0718,12.9763,1.6796,12.5396,17.2124,16.0677,-355.4047,-6.1898,8.1727,13.0060,0.0000,0.0000
385,25.666667,15,0.0000,0.0000,5.2857,0.0000,0.0000,1.6462,0.0000,0.0000,2.8621,-1.6356,0.0000,0.0000,-0.0828,1.6477,5.9388,0.0107,3.1546,0.3630,-1.8034,-8.7577,45.5672,5.1104,-1.4940,-10.4298,-16.4885,-1.0765,-1.3913,1.5288,10.1997,6.8824,2.2779,-3.7863,17.2011,0.6131,0.0000,0.0000
386,25.733333,15,0.0000,0.0000,5.2708,0.0000,0.0000,1.6602,0.0000,0.0000,2.8190,-1.6490,0.0000,0.0000,-0.0890,1.6728,5.8564,0.0088,3.1506,0.3315,-5.5436,-4.7747,17.0100,3.4919,-1.5490,-18.8801,-24.6727,1.7274,-1.3549,3.8649,17.3932,10.5260,3.2054,-3.7208,0.9425,15.2811,0.0000,0.0000
387,25.800000,15,0.0000,0.0000,3.6517,0.0000,0.0000,0.0139,0.0000,0.0000,2.8267,0.0038,0.0000,0.0000,-0.0893,0.0347,5.8779,0.0001,3.1182,0.0490,-8.5330,8.3692,0.2123,2.1443,0.0148,-40.0278,-36.4501,15.7302,2.5958,7.3994,32.3804,13.3185,-355.8365,-11.9646,7.4532,18.5930,0.0000,0.0000
388,25.866667,15,0.0000,0.0000,3.6602,0.0000,0.0000,0.0184,0.0000,0.0000,2.8594,-0.0101,0.0000,0.0000,-0.0720,0.0249,5.9519,0.0035,3.1801,3.2766,-26.1639,10.3388,11.0490,-3.9739,-0.1781,-37.9517,-29.0287,12.6749,2.7179,3.2589,41.8140,9.6655,3.5075,-15.6117,1.0052,9.6772,0.0000,0.0000
389,25.933333,15,0.0000,0.0000,3.6039,0.0000,0.0000,0.0118,0.0000,0.0000,2.8436,-0.0055,0.0000,0.0000,-0.1229,0.0297,5.9010,0.0877,3.1088,0.0404,-13.2538,8.1407,9.5662,0.5433,-0.0330,-37.9957,-30.0903,12.9774,2.2198,7.3051,27.8260,14.4429,-355.5919,-11.8725,1.6256,14.3027,0.0000,0.0000
390,26.000000,15,0.0000,0.0000,3.6632,0.0000,0.0000,0.0246,0.0000,0.0000,2.8456,0.0025,0.0000,0.0000,-0.0770,0.0265,5.9351,0.0085,3.0941,1.6805,-9.7129,2.5997,8.8480,3.6841,0.0524,-29.6040,-25.0954,8.3050,0.7196,3.5977,38.5471,12.2431,4.0770,-10.6992,3.4342,11.4882,0.0000,0.0000
391,26.066667,15,0.0000,0.0000,3.6746,0.0000,0.0000,0.0299,0.0000,0.0000,2.8718,-0.0192,0.0000,0.0000,-0.1264,0.0454,5.9510,0.0951,3.1279,1.6640,-8.6695,7.2080,9.1192,2.0966,-0.0027,-37.9926,-33.7852,13.8823,2.1658,6.1727,32.1648,13.3215,-355.8306,-11.9517,2.0553,18.8206,0.0000,0.0000
392,26.133333,15,0.0000,0.0000,0.0133,0.0000,0.0000,0.0410,0.0000,0.0000,2.8852,-0.0088,0.0000,0.0000,-0.1095,0.0372,5.9858,0.0454,3.1222,0.0402,-7.8922,5.8385,32.3273,2.1401,-0.0124,-29.6395,-29.3894,8.6539,0.8007,6.2030,25.6293,13.9145,-355.7823,-8.9197,3.2261,17.2248,0.0000,0.0000
393,26.200000,15,0.0000,0.0000,1.5694,0.0000,0.0000,1.6796,0.0000,0.0000,2.8355,-1.6324,0.0000,0.0000,-0.1157,1.6575,5.9569,0.0605,3.1146,1.7894,9.5540,-1.1002,30.3925,8.1727,-1.4456,-14.4884,-8.9584,2.0499,-0.3812,2.8930,21.7615,10.3194,3.4776,-5.4686,3.7639,10.8956,0.0000,0.0000
394,26.266667,15,0.0000,0.0000,-3.7556,0.0000,0.0000,0.0469,0.0000,0.0000,1.0810,0.0860,0.0000,0.0000,-0.0805,-0.0193,1.4709,0.2170,3.1098,0.0132,1.7898,8.0249,47.3613,5.1597,0.0761,-27.3308,-34.5369,6.5808,0.5033,6.0095,16.5542,14.5342,-355.8307,-8.2332,15.2181,5.1422,0.0000,0.0000
395,26.333333,15,0.0000,0.0000,1.4075,0.0000,0.0000,1.6727,0.0000,0.0000,1.1275,-1.5220,0.0000,0.0000,-2.9779,1.5761,1.5226,3.1336,3.1383,0.0261,16.2916,3.2213,39.3256,9.8135,-1.4073,-29.8258,-18.7979,5.0180,-0.0770,3.2125,36.2463,14.5046,-355.7935,-8.6673,5.3493,12.7332,0.0000,0.0000
396,26.400000,15,0.0000,0.0000,-0.6993,0.0000,0.0000,3.3751,0.0000,0.0000,3.6370,-3.0871,0.0000,0.0000,-3.5423,3.1562,4.2835,4.0071,1.9479,1.6496,8.0248,7.8456,-21.9433,5.1553,-3.2285,-36.1170,-39.7606,12.5911,-0.4471,2.2194,32.5682,13.7588,4.1276,-8.4659,22.7949,13.3513,0.0000,0.0000
397,26.466667,15,0.0000,0.0000,-3.7094,0.0000,0.0000,3.4556,0.0000,0.0000,1.8253,1.6028,0.0000,0.0000,-9.7157,3.1626,9.9351,10.2035,2.1889,1.5612,5.4741,13.4766,-13.5313,8.1692,-3.2289,-40.9896,-32.7057,16.2799,1.1393,6.7265,51.1861,13.8015,3.7620,-9.1842,9.7462,8.1938,0.0000,0.0000
398,26.533333,15,0.0000,0.0000,-3.0552,0.0000,0.0000,5.0882,0.0000,0.0000,5.3182,0.1299,0.0000,0.0000,-15.5689,4.6208,13.5706,13.1086,1.9501,3.8238,5.7695,9.9783,-14.6899,6.6623,-4.9095,-34.5401,-24.4309,13.0786,0.0054,7.3898,38.5788,23.2173,-355.7767,-5.7920,19.0729,5.9377,0.0000,0.0000
399,26.600000,15,0.0000,0.0000,2.8707,0.0000,0.0000,5.1804,0.0000,0.0000,7.9991,3.4766,0.0000,0.0000,-12.2488,-1.4971,16.6758,12.7407,1.9526,2.2187,-11.0096,4.7765,-24.6557,0.4169,-5.1345,-10.2851,-0.4549,14.7251,0.2861,7.6178,7.7844,21.6386,3.3417,-3.5355,17.1202,0.4524,0.0000,0.0000
400,26.666667,15,0.0000,0.0000,8.7058,0.0000,0.0000,7.0854,0.0000,0.0000,14.8623,-2.2614,0.0000,0.0000,-7.6863,-4.2272,16.1903,9.4411,1.9709,2.2750,24.3928,20.5957,-41.6897,11.2400,-6.7717,-22.7743,-4.7939,15.8409,0.4573,4.4627,33.5323,25.5196,4.1318,-12.1866,17.3854,5.5041,0.0000,0.0000
401,26.733333,15,0.0000,0.0000,2.5723,0.0000,0.0000,10.6072,0.0000,0.0000,7.9476,3.6519,0.0000,0.0000,-12.4936,0.2089,18.4854,13.5688,0.7820,0.1414,-24.7077,21.2814,46.4942,-1.3687,-10.5490,-35.1682,-30.4346,20.7995,3.3457,13.3411,42.4979,21.9998,3.2693,-11.6599,5.1388,2.5703,0.0000,0.0000
402,26.800000,15,0.0000,0.0000,3.6567,0.0000,0.0000,12.3640,0.0000,0.0000,2.1987,7.7473,0.0000,0.0000,-13.4418,2.7959,15.3566,13.6257,2.0743,2.2277,-29.1667,9.5565,31.6759,-0.0042,-12.2950,-19.8683,-24.2000,11.1974,0.9193,16.0458,28.5324,23.1338,-355.7857,-1.0993,14.5659,2.9906,0.0000,0.0000
403,26.866667,15,0.0000,0.0000,2.4528,0.0000,0.0000,15.2523,0.0000,0.0000,-5.5607,15.6469,0.0000,0.0000,-14.1081,6.1648,18.8976,10.3193,1.1962,2.2646,1.6961,12.8116,1.9031,6.6894,-15.1141,-23.2381,-16.8091,12.7069,1.7756,18.4342,38.3746,20.8246,3.7789,-3.5125,8.5147,4.4822,0.0000,0.0000
404,26.933333,15,0.0000,0.0000,13.6551,0.0000,0.0000,17.3225,0.0000,0.0000,-8.2970,16.2871,0.0000,0.0000,-10.4972,-2.7658,18.8742,18.0971,2.8581,2.2390,-29.7268,5.5864,34.1458,-3.1616,-17.1975,-3.2924,-14.4965,4.4698,1.2861,25.6204,10.4251,20.2129,-354.8938,2.8964,0.2275,0.9252,0.0000,0.0000
405,27.000000,15,0.0000,0.0000,17.0288,0.0000,0.0000,17.3811,0.0000,0.0000,-8.7480,16.4159,0.0000,0.0000,-12.4248,-6.7493,17.9738,24.4916,3.1056,2.2443,-37.1612,12.0838,35.4669,-6.0543,-17.1645,-9.1290,-29.1061,3.8203,4.8648,29.0899,13.5185,28.6708,-353.4148,0.2052,20.3658,5.5386,0.0000,0.0000
406,27.066667,15,0.0000,0.0000,12.4112,0.0000,0.0000,18.8940,0.0000,0.0000,-12.5343,18.7361,0.0000,0.0000,-7.8606,-7.9229,11.9565,19.8666,3.1232,2.2357,-18.3452,6.3282,70.1851,1.6535,-18.8240,-1.7745,-2.6923,6.2471,1.3356,21.1179,15.6580,24.0706,-353.7163,-7.8262,6.5756,0.9317,0.0000,0.0000
407,27.133333,15,0.0000,0.0000,11.6723,0.0000,0.0000,19.5137,0.0000,0.0000,-6.0714,14.2411,0.0000,0.0000,-9.4713,-9.6173,14.3477,23.7305,2.1040,0.1933,-11.7396,9.3961,68.7050,1.3689,-19.4407,-2.9618,-4.0684,8.1861,1.3487,15.4455,22.6459,29.6881,-354.7280,-11.6483,5.6080,7.7376,0.0000,0.0000
408,27.200000,15,0.0000,0.0000,13.3727,0.0000,0.0000,21.1160,0.0000,0.0000,-6.2675,12.6225,0.0000,0.0000,-11.5026,-8.1072,14.0578,25.8065,1.9364,2.2298,-7.0642,8.9520,33.5061,6.2576,-20.9743,2.8300,7.6442,10.7742,0.1035,14.1928,18.5555,28.8924,-354.7084,-9.4667,5.3326,8.6520,0.0000,0.0000
409,27.266667,15,0.0000,0.0000,13.3874,0.0000,0.0000,21.1606,0.0000,0.0000,-1.2581,10.0753,0.0000,0.0000,-3.0674,-12.5944,13.6707,21.8940,1.8167,0.1292,-13.1869,5.0893,29.7972,2.8770,-21.0448,5.1032,10.0638,15.7604,0.0422,9.8764,19.6642,24.5669,-355.0693,-12.4875,20.8402,4.2632,0.0000,0.0000
410,27.333333,15,0.0000,0.0000,10.2627,0.0000,0.0000,21.8050,0.0000,0.0000,2.9967,5.2083,0.0000,0.0000,-4.9804,-11.9781,13.6757,23.2139,1.8211,2.3208,-30.2779,-12.3039,-3.2569,-2.5727,-21.5820,13.7318,11.2033,16.4288,0.9408,3.7765,13.3381,21.2088,2.7281,-3.1366,26.1209,7.3028,0.0000,0.0000
411,27.400000,15,0.0000,0.0000,10.3293,0.0000,0.0000,21.8204,0.0000,0.0000,-0.7151,9.2348,0.0000,0.0000,-7.0284,-11.9651,14.9441,25.7827,1.4420,4.1479,-27.6541,-8.5822,-3.4311,0.7638,-21.6838,9.3844,9.6730,15.1593,0.3477,9.0806,15.8141,25.7861,-355.6464,-7.3280,24.5438,8.0460,0.0000,0.0000
412,27.466667,15,0.0000,0.0000,12.8747,0.0000,0.0000,21.8289,0.0000,0.0000,-1.8287,7.5794,0.0000,0.0000,-6.0238,-14.8110,11.2411,24.9027,1.5519,8.0180,5.1178,15.5106,-10.3165,12.8441,-21.4412,-0.6873,25.0686,21.2344,-2.5975,10.5220,39.2996,38.3898,3.1520,-21.1276,7.5330,11.9170,0.0000,0.0000
413,27.533333,15,0.0000,0.0000,15.2899,0.0000,0.0000,22.5149,0.0000,0.0000,-1.0589,8.5910,0.0000,0.0000,-5.9873,-14.1576,13.6967,21.1666,0.1420,7.9156,-13.5473,6.0857,-6.6639,5.7122,-22.3714,4.8149,7.2464,11.7772,0.1379,10.3082,17.2162,28.6878,-354.6025,-14.7150,14.8741,2.3715,0.0000,0.0000
414,27.600000,15,0.0000,0.0000,12.7417,0.0000,0.0000,21.8852,0.0000,0.0000,-1.0377,9.2465,0.0000,0.0000,-6.0065,-14.8328,13.7493,21.2378,1.8654,7.9253,-24.4681,1.6926,-18.1596,2.5775,-21.7669,0.7814,0.6567,9.5651,0.7349,9.9988,26.8002,32.6619,-355.2725,-16.9483,12.3881,3.3849,0.0000,0.0000
415,27.666667,15,0.0000,0.0000,12.7959,0.0000,0.0000,21.8720,0.0000,0.0000,-5.8547,11.8730,0.0000,0.0000,-3.8810,-14.8808,9.9127,18.1649,1.8758,6.3082,-25.7115,-0.9396,-19.3541,0.8976,-21.7364,4.2594,5.5705,9.5501,0.2534,11.9997,14.9055,25.9451,-354.2493,-13.4988,9.5553,0.6578,0.0000,0.0000
416,27.733333,15,0.0000,0.0000,12.1722,0.0000,0.0000,22.5086,0.0000,0.0000,-5.8305,11.1921,0.0000,0.0000,-5.9406,-14.2281,9.8512,21.1939,2.0140,10.0295,-21.3929,-2.3456,-14.3073,2.2075,-22.3690,7.4764,8.2027,9.9073,0.1086,9.9905,14.1694,26.7088,-354.5885,-13.4174,22.0039,2.3996,0.0000,0.0000
417,27.800000,15,0.0000,0.0000,11.0890,0.0000,0.0000,23.4602,0.0000,0.0000,-6.0193,10.2162,0.0000,0.0000,-6.9676,-10.4468,8.6273,20.3013,2.0745,10.0835,-24.0291,2.4223,-23.3583,2.5291,-23.2966,-1.3222,-0.9602,4.8107,0.8493,10.4357,26.7507,29.1639,-355.3512,-14.1709,17.7648,1.4592,0.0000,0.0000
418,27.866667,15,0.0000,0.0000,7.3115,0.0000,0.0000,22.4736,0.0000,0.0000,-1.3109,6.7057,0.0000,0.0000,-3.0131,-15.3967,12.4858,20.3283,1.8961,10.1069,-13.2598,-2.2371,-16.8520,5.8052,-22.3412,4.8579,10.6274,11.5360,-0.1620,7.6607,15.6818,25.9944,-354.4528,-17.6364,19.0938,3.2792,0.0000,0.0000
419,27.933333,15,0.0000,0.0000,6.9336,0.0000,0.0000,21.8240,0.0000,0.0000,-1.7538,7.4924,0.0000,0.0000,-5.0044,-11.9095,11.2780,17.3333,0.1021,8.2996,-12.4641,-5.0026,21.6448,5.9637,-21.6870,8.7226,15.2375,15.5873,-0.0464,7.5361,20.0502,26.2044,-355.3324,-13.0872,22.7132,1.5080,0.0000,0.0000
420,28.000000,15,0.0000,0.0000,10.0379,0.0000,0.0000,21.0952,0.0000,0.0000,-5.7372,12.6474,0.0000,0.0000,-9.4665,-8.0676,13.5854,20.1180,1.5372,6.1333,-9.1756,0.6354,40.5871,2.8757,-20.9788,10.0679,14.9792,17.3669,0.1938,7.9370,19.6904,26.2861,-355.5877,-10.5565,19.6197,1.8876,0.0000,0.0000
421,28.066667,15,0.0000,0.0000,13.4528,0.0000,0.0000,17.3726,0.0000,0.0000,-8.3104,16.3525,0.0000,0.0000,-12.5485,-4.6148,14.4241,22.3807,0.2243,2.3245,-30.5166,0.6188,19.9559,-1.5856,-17.2786,1.1075,-3.2275,7.6356,0.7425,20.8228,11.7519,23.4280,-354.9626,0.1491,6.9540,3.6293,0.0000,0.0000
422,28.133333,15,0.0000,0.0000,0.6171,0.0000,0.0000,17.2417,0.0000,0.0000,-8.1224,16.3133,0.0000,0.0000,-15.6064,2.9560,21.6657,17.4101,1.4975,2.2270,-19.9311,-3.5128,15.2898,-3.1420,-17.1193,-2.5463,-20.5756,2.1873,-0.0106,25.6476,7.6016,18.4864,3.7155,7.8785,18.8431,1.4390,0.0000,0.0000
423,28.200000,15,0.0000,0.0000,-0.7583,0.0000,0.0000,13.6715,0.0000,0.0000,-1.5499,13.0293,0.0000,0.0000,-15.9256,3.9470,24.4439,15.8977,1.8336,3.7679,-8.5400,-7.4224,-7.8974,-2.4385,-13.6680,-3.9670,-17.8515,6.7044,-0.5763,9.8274,21.7639,21.7926,3.6149,0.2981,15.5752,2.0396,0.0000,0.0000
424,28.266667,15,0.0000,0.0000,-2.1579,0.0000,0.0000,12.0088,0.0000,0.0000,5.3993,4.8576,0.0000,0.0000,-10.4264,3.2411,21.8245,9.5111,3.2689,2.0957,-16.8524,1.6382,-16.6885,0.5360,-12.0124,-14.1283,-32.3233,7.2259,-1.2858,7.7510,24.7948,18.9912,3.7328,-1.8505,7.9574,9.1069,0.0000,0.0000
425,28.333333,15,0.0000,0.0000,-2.3462,0.0000,0.0000,10.3245,0.0000,0.0000,16.6136,-4.7166,0.0000,0.0000,-9.6890,0.9975,21.8486,9.4944,3.2559,0.1127,-26.3538,11.1871,24.6074,-0.9757,-10.3470,-27.9243,-42.4034,17.4977,-1.0713,5.2742,34.6460,20.8356,-355.8003,-5.3330,46.7037,3.6099,0.0000,0.0000
426,28.400000,15,0.0000,0.0000,1.1194,0.0000,0.0000,7.1074,0.0000,0.0000,21.5822,-6.5779,0.0000,0.0000,-14.8212,1.8059,24.9391,16.8400,0.0748,0.0687,9.1635,11.8582,4.2052,6.4535,-6.9734,-22.7599,-22.8586,16.4838,-1.8787,-0.5227,43.6783,25.4442,-354.8285,-6.8192,20.1059,2.0694,0.0000,0.0000
427,28.466667,15,0.0000,0.0000,0.3981,0.0000,0.0000,3.4814,0.0000,0.0000,15.3516,0.6130,0.0000,0.0000,-18.2344,2.9268,22.4337,12.4494,0.1148,0.1464,-7.1759,7.4808,-13.0338,0.9163,-3.4923,-18.1336,-14.9976,16.9922,-0.5865,3.6123,33.4385,27.7175,-355.8330,-7.0451,0.5078,5.5956,0.0000,0.0000
428,28.533333,15,0.0000,0.0000,-0.5448,0.0000,0.0000,3.4957,0.0000,0.0000,11.8712,0.8015,0.0000,0.0000,-15.8365,3.2105,19.2098,10.0497,0.0015,0.0309,-5.8688,-5.7170,35.4401,0.3605,-3.5166,-7.6197,-21.6415,7.3498,-2.3246,4.0610,12.9640,20.8257,1.8948,2.0376,22.7562,3.8503,0.0000,0.0000
429,28.600000,15,0.0000,0.0000,-2.0054,0.0000,0.0000,1.7625,0.0000,0.0000,6.7127,-1.6733,0.0000,0.0000,-6.2981,1.6826,9.9076,0.5897,0.0394,0.0378,5.3008,6.3832,-2.9648,2.0882,-1.7390,-27.4948,-28.2975,9.4828,-0.4300,-0.3403,39.6005,16.6120,-355.6821,-12.0928,28.9729,15.5162,0.0000,0.0000
430,28.666667,15,0.0000,0.0000,1.4991,0.0000,0.0000,1.6558,0.0000,0.0000,3.8676,-1.6389,0.0000,0.0000,-2.6505,1.6339,6.9131,0.2553,1.8178,0.0866,8.6049,1.4649,31.1158,5.1565,-1.5407,-23.0690,-26.2391,4.7225,-0.8636,2.8166,35.6758,14.0117,-355.7466,-6.6248,24.4723,14.5926,0.0000,0.0000
431,28.733333,15,0.0000,0.0000,-0.0133,0.0000,0.0000,0.0042,0.0000,0.0000,2.9939,-0.0542,0.0000,0.0000,0.1094,0.0475,9.0137,0.3887,1.8747,0.0357,8.3285,-0.5293,15.9373,3.6402,0.0698,-12.5704,-15.9650,1.4936,-0.7736,2.0807,19.8331,10.6601,3.3905,-6.1137,7.6917,13.9512,0.0000,0.0000
432,28.800000,15,0.0000,0.0000,3.6718,0.0000,0.0000,0.0011,0.0000,0.0000,2.9836,-0.0699,0.0000,0.0000,0.1976,0.0499,8.8507,0.3753,0.0404,0.1070,-4.7046,-5.7330,7.0161,0.5491,-0.0205,-14.7710,-16.9595,2.1850,-0.9067,3.3081,19.7979,10.8135,3.3381,-4.1479,5.4682,17.5905,0.0000,0.0000
433,28.866667,15,0.0000,0.0000,8.9239,0.0000,0.0000,1.6053,0.0000,0.0000,3.0672,-1.7003,0.0000,0.0000,0.1768,1.6657,8.8448,0.4751,1.9082,1.5891,6.5812,-4.4095,-7.2834,3.8945,-1.4848,-27.4855,-35.3237,6.9900,-0.5949,3.0405,35.0886,10.9707,-355.8066,-7.7193,8.2511,12.2886,0.0000,0.0000
434,28.933333,15,0.0000,0.0000,3.7568,0.0000,0.0000,0.0144,0.0000,0.0000,5.8956,-0.0522,0.0000,0.0000,0.2336,0.0285,11.8959,3.2086,3.2545,1.4996,15.5510,-0.7634,0.2195,8.1744,0.2558,-20.8461,-14.9110,7.8240,0.1202,5.3133,24.9409,12.8934,4.0101,-7.6936,9.5031,17.8653,0.0000,0.0000
435,29.000000,15,0.0000,0.0000,3.6469,0.0000,0.0000,0.0022,0.0000,0.0000,5.9832,-0.0510,0.0000,0.0000,0.2429,0.0210,12.0343,3.2126,1.6130,1.7867,13.7281,3.3489,-33.3897,5.1670,0.2062,-40.3478,-33.2779,18.2629,2.0391,4.6284,47.2709,8.2378,3.4794,-12.7364,0.1551,14.0504,0.0000,0.0000
436,29.066667,15,0.0000,0.0000,3.6707,0.0000,0.0000,0.0122,0.0000,0.0000,6.7377,-0.0279,0.0000,0.0000,0.2557,0.0226,13.0357,3.2802,1.9490,3.7417,2.9284,0.8861,-28.0562,3.4884,0.1291,-27.4743,-23.5649,11.0032,0.4879,6.7085,29.3925,13.0761,-355.8570,-8.0398,7.9322,20.0392,0.0000,0.0000
437,29.133333,15,0.0000,0.0000,0.1631,0.0000,0.0000,0.0021,0.0000,0.0000,6.7473,-0.0261,0.0000,0.0000,-4.0635,4.0025,12.8824,2.9564,2.0467,3.7780,-11.9228,-1.5874,-18.5502,-4.0329,-0.0783,-17.5087,-4.9332,10.0178,-0.4568,-0.3386,21.2264,11.5474,2.9713,-4.2150,21.9391,15.4737,0.0000,0.0000
438,29.200000,15,0.0000,0.0000,5.8441,0.0000,0.0000,1.7545,0.0000,0.0000,11.9396,-6.9691,0.0000,0.0000,-0.2158,1.8113,12.8585,5.7398,1.9366,3.7767,8.8852,-2.5440,4.4088,-1.3211,-1.7540,-23.7088,-19.0760,7.9435,-1.5916,-3.5698,15.7254,11.5504,2.6350,-6.9125,12.9456,5.5136,0.0000,0.0000
439,29.266667,15,0.0000,0.0000,1.8923,0.0000,0.0000,1.7045,0.0000,0.0000,6.7661,-1.7608,0.0000,0.0000,0.0660,1.7248,12.8079,3.1085,1.8185,1.7014,-6.8209,-5.0629,-3.5559,-6.9540,-1.8203,-13.1045,-6.1833,7.1151,-0.8849,-0.8258,7.2116,6.6608,0.9288,-0.4712,24.5273,2.3268,0.0000,0.0000
440,29.333333,15,0.0000,0.0000,0.5243,0.0000,0.0000,0.0430,0.0000,0.0000,3.9462,-0.0703,0.0000,0.0000,0.0788,0.0187,9.9494,3.0785,0.1249,1.5317,0.1185,-6.4170,-20.9530,-8.2779,-0.3310,-5.6828,-6.8996,3.0600,-1.3686,-4.3642,5.7402,4.3566,-0.1442,-0.2975,15.7525,7.4196,0.0000,0.0000
441,29.400000,15,0.0000,0.0000,2.4479,0.0000,0.0000,1.7014,0.0000,0.0000,3.9184,-1.7064,0.0000,0.0000,-2.1796,1.6693,9.9986,0.8156,2.0416,1.7359,-6.1490,-12.3256,30.9222,-11.0953,-1.8881,-1.8112,-1.9205,2.9277,-0.9468,-5.7387,1.0429,1.8304,-3.0382,6.7527,18.0981,1.2583,0.0000,0.0000
442,29.466667,15,0.0000,0.0000,-3.6700,0.0000,0.0000,0.0351,0.0000,0.0000,4.7645,-0.0567,0.0000,0.0000,-2.1684,-0.0183,10.9713,0.7724,0.1811,1.6016,-7.8799,-7.5023,11.6656,-14.8953,-0.5136,-0.9939,-9.0318,1.5647,-2.8687,-6.2451,-5.4256,0.4223,-4.9428,8.3642,13.5682,6.4994,0.0000,0.0000
443,29.533333,15,0.0000,0.0000,-3.7244,0.0000,0.0000,0.0362,0.0000,0.0000,10.8745,-5.3566,0.0000,0.0000,-2.1235,-0.0403,11.7679,0.7539,0.2727,0.1982,-2.0808,2.5994,-15.8918,-11.7613,-0.4267,-15.9774,-20.6889,4.9627,-3.0827,-5.4648,15.3556,12.0465,1.6086,-3.0515,6.8293,16.7051,0.0000,0.0000
444,29.600000,15,0.0000,0.0000,-3.7166,0.0000,0.0000,0.0210,0.0000,0.0000,4.8147,-0.0747,0.0000,0.0000,-2.1375,-0.0577,10.9504,2.4293,1.8831,0.0876,14.1195,1.7574,36.6541,-10.3666,-0.3734,-0.4448,-17.9788,-3.4487,-4.3907,-0.3955,-7.9685,-0.6470,-3.9244,8.5876,8.0916,7.2620,0.0000,0.0000
445,29.666667,15,0.0000,0.0000,-3.6937,0.0000,0.0000,0.0326,0.0000,0.0000,4.8118,-0.1143,0.0000,0.0000,0.4563,-0.0295,10.8715,3.3181,1.8608,0.1710,7.1642,-0.7956,23.7410,-13.0725,-0.4623,-2.2720,-10.4978,1.1897,-2.8428,-5.2548,-5.4516,-1.3909,-3.8771,5.9915,1.5521,9.7174,0.0000,0.0000
446,29.733333,15,0.0000,0.0000,-3.6815,0.0000,0.0000,0.0286,0.0000,0.0000,4.8203,-0.1245,0.0000,0.0000,-3.9710,4.1133,10.8800,3.0356,1.9256,0.1373,1.6563,9.2863,-12.9112,-12.0004,-0.4279,-30.3564,-39.0108,11.1895,-0.1973,15.6168,14.0996,14.3051,3.8483,0.8409,21.3786,8.2175,0.0000,0.0000
447,29.800000,15,0.0000,0.0000,-3.7295,0.0000,0.0000,0.0135,0.0000,0.0000,4.8120,-0.0684,0.0000,0.0000,0.4936,-0.0787,10.9075,3.3070,0.1975,2.3710,-2.9053,2.3355,-0.0545,-17.0460,-0.5566,-15.6505,-40.2534,0.8964,-4.8671,13.9859,-7.8345,6.7045,-0.5241,9.2755,17.6953,7.3540,0.0000,0.0000
448,29.866667,15,0.0000,0.0000,-3.8202,0.0000,0.0000,0.0224,0.0000,0.0000,4.7760,-0.0522,0.0000,0.0000,-2.0734,-0.0872,10.8893,2.3564,0.1630,2.2955,20.5513,6.5276,8.8096,-11.5738,-0.4091,-13.1377,-22.3303,2.3034,-2.8188,-2.6361,7.5163,10.1092,1.1014,-3.0930,3.2322,6.0588,0.0000,0.0000
449,29.933333,15,0.0000,0.0000,-3.7806,0.0000,0.0000,0.0295,0.0000,0.0000,4.8378,-0.0522,0.0000,0.0000,-2.0649,-0.0796,11.0223,2.3583,0.2087,0.1438,6.6332,1.1783,9.3631,-13.1616,-0.4607,-7.6795,-24.3459,-1.2586,-4.6941,5.5287,-4.2363,4.9698,-2.0957,8.8774,5.6037,0.6159,0.0000,0.0000
450,30.000000,15,0.0000,0.0000,-3.7670,0.0000,0.0000,0.0186,0.0000,0.0000,4.8744,-0.0868,0.0000,0.0000,-2.0907,-0.0633,11.0409,0.7356,0.2312,0.0000,3.4218,-0.7577,-5.6776,-11.7661,-0.4113,-5.6551,-22.0398,-1.7888,-4.4971,-0.9833,2.2490,5.4927,-1.3556,5.4627,10.2328,8.3548,0.0000,0.0000
451,30.066667,15,0.0000,0.0000,-3.7616,0.0000,0.0000,0.0267,0.0000,0.0000,4.8112,-0.0258,0.0000,0.0000,0.5099,-0.0719,10.8860,3.3574,0.1270,0.1294,-17.2819,-11.5716,-1.2530,-15.1527,-0.5149,0.2220,-16.8008,-3.0657,-5.1423,5.3318,-11.6936,-5.0638,-6.6204,15.5394,2.7304,7.6296,0.0000,0.0000
452,30.133333,15,0.0000,0.0000,-2.0089,0.0000,0.0000,1.7193,0.0000,0.0000,3.9320,-1.6930,0.0000,0.0000,-2.5728,1.6333,9.8506,0.2714,2.0218,0.6658,-30.8772,-2.7541,-24.2626,-13.9245,-1.9462,-15.2273,-22.6880,1.3464,-3.3419,4.0278,11.0575,10.2920,1.1052,4.4591,9.5812,13.7291,0.0000,0.0000
453,30.200000,15,0.0000,0.0000,-3.7369,0.0000,0.0000,0.0582,0.0000,0.0000,3.0337,-0.1036,0.0000,0.0000,-2.6524,0.0790,8.8332,0.2828,0.1603,0.0000,-3.1435,2.9210,-16.5811,-9.4352,-0.3795,-16.9580,-25.1003,1.9508,-2.0632,-1.9732,9.7645,12.4819,2.2180,-6.6585,2.7347,8.1933,0.0000,0.0000
454,30.266667,15,0.0000,0.0000,-2.0865,0.0000,0.0000,1.7027,0.0000,0.0000,9.0807,-6.8472,0.0000,0.0000,-0.1695,1.7136,9.7916,2.7795,1.7491,0.6278,1.2087,3.4133,-8.1232,-5.4660,-1.7913,-19.7865,-15.6754,4.1851,-1.9060,-3.3017,22.9596,10.3871,2.9629,-3.4834,11.9522,21.4306,0.0000,0.0000
455,30.333333,15,0.0000,0.0000,-3.7378,0.0000,0.0000,0.0317,0.0000,0.0000,3.8278,-0.0138,0.0000,0.0000,-3.8452,3.7215,9.7620,0.0233,0.0667,1.5589,-23.4317,2.8440,23.2199,-11.5595,-0.4157,-20.3064,-19.0383,5.5707,-1.9479,5.8442,14.0626,11.2761,2.2131,2.0067,15.5077,17.4915,0.0000,0.0000
456,30.400000,15,0.0000,0.0000,-3.7261,0.0000,0.0000,0.0337,0.0000,0.0000,3.9031,0.0115,0.0000,0.0000,0.2147,-0.0009,9.9040,0.3224,0.1192,0.0000,2.2248,8.0439,42.4017,-0.4444,-0.0859,-27.4251,-21.9239,8.1640,0.4893,4.2994,28.0529,12.8687,-355.8531,-9.5161,11.4403,19.0286,0.0000,0.0000
457,30.466667,15,0.0000,0.0000,-2.1374,0.0000,0.0000,1.6454,0.0000,0.0000,3.9130,-1.6257,0.0000,0.0000,0.1740,1.6398,7.0812,3.0832,2.0002,1.6521,3.7725,6.6165,26.5411,3.9364,-1.5241,-27.4825,-23.4300,6.8517,-0.2931,5.0177,29.6167,11.5486,4.0496,-6.2111,0.5529,21.3029,0.0000,0.0000
458,30.533333,15,0.0000,0.0000,-2.1594,0.0000,0.0000,1.6506,0.0000,0.0000,3.8218,-1.5695,0.0000,0.0000,-0.1339,1.6080,7.0084,2.7790,1.7906,1.7057,9.5245,4.0041,18.1774,2.4560,-1.5662,-18.8361,-7.2210,4.8354,-0.2923,-0.9784,33.6331,11.4453,-355.8190,-8.9487,11.9082,17.3868,0.0000,0.0000
459,30.600000,15,0.0000,0.0000,-2.1083,0.0000,0.0000,1.6560,0.0000,0.0000,3.8556,-1.5661,0.0000,0.0000,0.2061,1.5891,7.0920,3.0718,1.8629,1.6009,-23.7839,-0.6851,16.1611,-4.9780,-1.7359,-17.1063,-17.1003,2.8714,-1.5631,7.0469,14.7359,9.0908,2.4842,1.6841,15.3463,15.7994,0.0000,0.0000
460,30.666667,15,0.0000,0.0000,-2.1660,0.0000,0.0000,1.6403,0.0000,0.0000,3.8207,-1.5687,0.0000,0.0000,-0.1204,1.5926,6.9998,2.8232,1.8636,1.7257,-11.0938,-0.7628,35.9678,-1.9648,-1.6579,-14.8629,-15.9892,1.9725,-1.5342,1.0724,14.6004,8.8941,2.4160,-2.4467,9.8218,17.6387,0.0000,0.0000
461,30.733333,15,0.0000,0.0000,-2.1702,0.0000,0.0000,1.6528,0.0000,0.0000,3.8547,-1.5593,0.0000,0.0000,-0.0906,1.6023,7.0928,2.8669,1.7953,1.6930,-13.0634,0.1183,40.5650,2.3040,-1.5715,-16.7135,-3.6227,5.1248,-0.1304,1.6035,27.5464,10.9095,3.7522,-4.7055,15.4561,21.2759,0.0000,0.0000
462,30.800000,15,0.0000,0.0000,-2.1899,0.0000,0.0000,1.6348,0.0000,0.0000,3.8845,-1.5653,0.0000,0.0000,0.2134,1.5987,9.7957,3.1945,1.9646,1.6537,-5.6867,-3.2998,33.7124,2.4408,-1.5505,-8.8892,-11.7179,0.5279,-1.2556,2.6009,8.7542,5.5776,1.7298,-0.3879,15.8883,10.7313,0.0000,0.0000
463,30.866667,15,0.0000,0.0000,1.4025,0.0000,0.0000,1.6274,0.0000,0.0000,3.8527,-1.5781,0.0000,0.0000,0.2584,1.5967,9.6967,3.1967,1.7501,1.6753,-12.1140,2.3445,3.1286,0.9351,-1.5791,-25.2770,-14.1911,6.0257,-0.2298,3.1555,31.9460,10.9708,4.1015,-6.7915,22.0621,20.1406,0.0000,0.0000
464,30.933333,15,0.0000,0.0000,-2.2325,0.0000,0.0000,1.6090,0.0000,0.0000,3.9005,-1.5783,0.0000,0.0000,0.2389,1.5999,9.7759,3.2003,2.0204,1.7038,-5.8865,3.4192,6.7785,0.8780,-1.5625,-20.9586,-18.5104,4.1762,-0.8644,3.2082,23.3252,10.7850,3.6009,-4.6978,19.3968,21.4648,0.0000,0.0000
465,31.000000,15,0.0000,0.0000,1.4406,0.0000,0.0000,1.6630,0.0000,0.0000,3.8897,-1.6129,0.0000,0.0000,-0.0724,1.6499,7.1357,2.8781,1.9241,1.6495,-24.7785,0.9383,-3.2368,-5.4585,-1.7500,-23.2113,-19.9555,5.1433,-0.8570,6.9949,17.4731,11.1064,3.3308,-2.1260,18.9081,20.1149,0.0000,0.0000
466,31.066667,15,0.0000,0.0000,-2.1744,0.0000,0.0000,1.6321,0.0000,0.0000,3.8664,-1.5564,0.0000,0.0000,-0.0331,1.5949,9.6525,2.8830,1.9757,1.7049,-15.4450,7.0570,-6.2771,-2.0565,-1.6517,-27.3833,-20.8621,6.7820,-0.1730,3.8474,26.9443,11.5602,3.9941,-7.2757,22.0753,20.9740,0.0000,0.0000
467,31.133333,15,0.0000,0.0000,-2.1770,0.0000,0.0000,1.6318,0.0000,0.0000,3.9525,-1.6106,0.0000,0.0000,2.8273,1.6340,7.1706,8.2989,2.0204,1.7125,-13.4952,15.1557,-15.8546,-0.5912,-1.6189,-39.9638,-28.3894,13.2921,1.7696,7.0977,43.8060,4.7904,3.6711,-10.9598,8.1750,3.4909,0.0000,0.0000
468,31.200000,15,0.0000,0.0000,-2.1751,0.0000,0.0000,1.6262,0.0000,0.0000,6.6979,-1.5930,0.0000,0.0000,0.2338,1.6189,15.0310,0.5287,1.9634,1.6749,-8.6079,-5.1817,18.0054,-0.5439,-1.6127,-6.9966,4.6700,9.5519,0.5340,-0.6241,16.3597,6.5792,2.0260,-0.5143,17.3517,19.5004,0.0000,0.0000
469,31.266667,15,0.0000,0.0000,1.4728,0.0000,0.0000,1.6398,0.0000,0.0000,3.8857,-1.5932,0.0000,0.0000,0.2095,1.6342,7.0441,3.1227,2.0443,1.5449,-14.8325,-1.9159,24.1410,-2.0592,-1.6597,-18.9326,-0.0736,6.8279,0.1274,-2.3341,41.0403,10.9237,-355.2665,-8.3766,19.4147,0.5767,0.0000,0.0000
470,31.333333,15,0.0000,0.0000,-2.1438,0.0000,0.0000,1.6482,0.0000,0.0000,3.9246,-1.6073,0.0000,0.0000,0.1768,1.6407,7.1134,0.4528,1.9738,1.5632,7.5312,3.7639,17.9363,3.8942,-1.5281,-18.9632,-17.6227,3.4358,-0.8801,4.0646,18.0596,10.3773,3.2734,-3.7614,10.0690,13.9403,0.0000,0.0000
471,31.400000,15,0.0000,0.0000,-2.0907,0.0000,0.0000,1.6948,0.0000,0.0000,3.9043,-1.6699,0.0000,0.0000,0.1828,1.6781,7.0294,3.1025,0.1106,1.6070,-2.8806,1.3898,27.4792,3.4917,-1.5839,-16.7468,-14.3034,2.9210,-0.8816,2.8982,25.8977,10.5092,3.6516,-3.7148,7.9120,21.4295,0.0000,0.0000
472,31.466667,15,0.0000,0.0000,-2.1498,0.0000,0.0000,1.6550,0.0000,0.0000,3.9019,-1.5998,0.0000,0.0000,0.1851,1.6309,7.0723,0.4394,1.9995,1.6198,-12.0729,2.9964,14.6051,-2.0599,-1.6750,-21.0424,-15.6781,4.5574,-0.8106,3.8062,28.6204,10.6466,3.8725,-3.6321,16.8487,10.2611,0.0000,0.0000
473,31.533333,15,0.0000,0.0000,-2.1021,0.0000,0.0000,1.7019,0.0000,0.0000,3.8988,-1.6318,0.0000,0.0000,0.1988,1.6750,7.0976,0.4411,1.8043,1.7255,-14.2929,5.5861,19.4183,-0.9599,-1.6953,-25.2764,-19.0513,5.8840,-0.4429,3.9921,35.2471,10.5507,-355.7784,-5.9049,12.1212,10.2207,0.0000,0.0000
474,31.600000,15,0.0000,0.0000,-3.7451,0.0000,0.0000,0.0618,0.0000,0.0000,3.8824,-0.0045,0.0000,0.0000,0.1763,0.0437,7.0218,0.4026,0.1811,1.6128,-13.8933,9.5679,17.1824,-0.6026,-0.1183,-29.5769,-25.5565,9.2175,0.8215,10.2133,33.3534,12.3057,4.1282,-6.3079,9.9970,10.2622,0.0000,0.0000
475,31.666667,15,0.0000,0.0000,-2.1688,0.0000,0.0000,1.6520,0.0000,0.0000,3.9001,-1.5925,0.0000,0.0000,0.2222,1.6066,7.0752,0.4331,0.2203,1.5830,-6.1023,5.6791,7.9326,0.8695,-1.6060,-25.2743,-23.0008,5.8328,-0.5379,4.4600,31.7832,11.0014,4.0956,-5.7230,1.1105,8.1032,0.0000,0.0000
476,31.733333,15,0.0000,0.0000,-3.7546,0.0000,0.0000,0.0540,0.0000,0.0000,3.8997,-0.0080,0.0000,0.0000,0.2063,0.0314,7.0617,0.4446,0.0374,1.5470,-12.2857,5.4750,13.9636,0.5995,-0.0737,-23.1340,-16.5435,6.5935,0.0157,4.5243,34.0130,12.3920,-355.8437,-7.3195,12.0912,5.6665,0.0000,0.0000
477,31.800000,15,0.0000,0.0000,-3.7299,0.0000,0.0000,0.0585,0.0000,0.0000,3.8520,0.0138,0.0000,0.0000,0.2113,0.0243,7.0189,0.4164,0.0807,1.6538,-13.8947,6.7652,28.3815,-0.5964,-0.1149,-25.2750,-18.4709,7.2949,0.2129,5.6148,33.1210,12.3032,-355.8633,-7.4329,8.2353,10.0004,0.0000,0.0000
478,31.866667,15,0.0000,0.0000,-3.7565,0.0000,0.0000,0.0564,0.0000,0.0000,3.8483,0.0010,0.0000,0.0000,0.2066,0.0216,6.9709,0.4269,0.2211,1.6295,-0.5221,12.9560,9.6401,2.3793,-0.0205,-38.0433,-29.7834,13.9984,1.9893,7.5145,46.3357,8.7513,3.4980,-11.1707,1.6598,8.1932,0.0000,0.0000
479,31.933333,15,0.0000,0.0000,-3.7467,0.0000,0.0000,0.0583,0.0000,0.0000,3.8799,0.0056,0.0000,0.0000,0.2116,0.0212,7.0659,0.4083,0.1828,1.6500,-16.7581,5.2835,21.9133,-3.5128,-0.2037,-23.1610,-23.6804,6.1565,-0.2518,8.5543,21.8502,12.3392,3.8692,-3.8016,9.7891,14.6790,0.0000,0.0000
480,32.000000,15,0.0000,0.0000,-2.0693,0.0000,0.0000,1.7124,0.0000,0.0000,3.8648,-1.6728,0.0000,0.0000,0.2194,1.6769,6.9759,0.4516,1.8509,1.5985,1.8013,12.0203,-1.9397,5.1145,-1.5602,-40.3823,-20.5151,11.4893,0.8806,5.2095,46.6784,6.7442,3.8796,-9.8145,3.2918,5.6467,0.0000,0.0000
481,32.066667,15,0.0000,0.0000,-2.1626,0.0000,0.0000,1.6470,0.0000,0.0000,3.8845,-1.5968,0.0000,0.0000,0.2027,1.6269,7.0493,0.4533,2.0458,1.5893,-4.6391,10.1277,12.6770,2.3649,-1.5652,-33.8757,-21.3805,9.3305,0.5001,4.7466,48.1786,7.7184,4.0884,-9.0071,5.5075,8.1129,0.0000,0.0000
482,32.133333,15,0.0000,0.0000,-3.7557,0.0000,0.0000,0.0566,0.0000,0.0000,3.8816,-0.0063,0.0000,0.0000,2.9882,0.0344,7.0430,5.8810,0.0502,1.7035,1.9947,12.5441,15.1144,5.1156,0.0650,-38.1212,-24.5727,13.0609,1.5034,7.7569,44.1123,7.0319,3.7076,-10.1370,5.7382,4.1063,0.0000,0.0000
483,32.200000,15,0.0000,0.0000,-3.7354,0.0000,0.0000,0.0698,0.0000,0.0000,3.8477,0.0099,0.0000,0.0000,2.9922,0.0133,7.0315,5.8339,0.0106,1.5915,-4.8972,8.1115,10.5011,2.0740,-0.0433,-27.4550,-22.2741,8.1402,0.4793,7.4985,30.4964,10.1136,-355.8603,-7.1342,1.1561,19.3581,0.0000,0.0000
484,32.266667,15,0.0000,0.0000,-3.7459,0.0000,0.0000,0.0637,0.0000,0.0000,3.8955,-0.0363,0.0000,0.0000,0.2116,0.0445,9.6469,0.4642,0.1766,1.5757,-13.2798,1.4931,10.2430,-3.5115,-0.2088,-17.0275,-18.5219,3.8837,-1.0323,6.7086,15.9502,10.6444,3.0762,-1.2959,13.7273,19.1356,0.0000,0.0000
485,32.333333,15,0.0000,0.0000,-3.7584,0.0000,0.0000,0.0508,0.0000,0.0000,3.8269,0.0059,0.0000,0.0000,0.2482,0.0161,6.9455,0.4813,0.0431,1.6930,-7.7695,6.9350,3.9093,-0.9111,-0.1171,-25.2766,-27.3488,7.0869,0.1317,8.6340,29.8552,12.4643,4.1063,-5.2000,1.2535,8.2222,0.0000,0.0000
486,32.400000,15,0.0000,0.0000,-3.7243,0.0000,0.0000,0.0579,0.0000,0.0000,3.8151,0.0093,0.0000,0.0000,0.2541,0.0146,9.5774,0.4661,0.0096,1.5532,-17.8576,6.6902,16.2659,-3.3626,-0.1990,-25.2750,-35.0281,7.1299,0.0222,12.0893,16.6984,13.0003,3.9656,-2.6101,1.8923,18.2307,0.0000,0.0000
487,32.466667,15,0.0000,0.0000,-3.7138,0.0000,0.0000,0.0593,0.0000,0.0000,3.8716,0.0131,0.0000,0.0000,3.0009,0.0172,9.7125,5.8539,0.1851,1.6342,-12.5655,17.5186,7.4725,-0.5438,-0.1142,-42.1101,-22.8461,14.3318,2.5492,5.6108,47.5068,4.4545,2.9771,-14.6626,9.4735,2.6488,0.0000,0.0000
488,32.533333,15,0.0000,0.0000,-3.7346,0.0000,0.0000,0.0494,0.0000,0.0000,3.8314,-0.0024,0.0000,0.0000,0.2322,0.0116,9.4626,0.4725,0.1877,1.5891,-13.4459,2.8762,8.5884,-3.5064,-0.1952,-19.2055,-27.9647,3.7407,-1.1519,10.3858,16.0800,11.2882,3.3202,-0.1822,9.6809,16.8610,0.0000,0.0000
489,32.600000,15,0.0000,0.0000,-3.7499,0.0000,0.0000,0.0452,0.0000,0.0000,3.8699,-0.0105,0.0000,0.0000,2.9944,0.0211,9.6159,5.8988,0.2474,1.5822,-10.6248,9.4151,8.9148,-0.5475,-0.1007,-29.5157,-19.7269,8.9383,0.7430,4.1947,33.4012,9.6052,4.1277,-10.5310,13.7613,16.6094,0.0000,0.0000
490,32.666667,15,0.0000,0.0000,-3.7621,0.0000,0.0000,0.0499,0.0000,0.0000,3.8439,0.0235,0.0000,0.0000,3.0015,0.0009,9.6601,5.8673,0.1633,1.6138,-10.0495,4.4129,25.5995,-1.9717,-0.1490,-21.1337,-29.9609,4.7893,-0.7150,7.0491,15.0550,9.1691,3.5460,-3.9540,2.3627,23.6580,0.0000,0.0000
491,32.733333,15,0.0000,0.0000,-3.7512,0.0000,0.0000,0.0523,0.0000,0.0000,3.8732,0.0050,0.0000,0.0000,0.2294,0.0239,9.6681,0.4680,0.1640,1.5784,-9.7374,1.8776,35.5568,-1.9647,-0.1509,-16.8751,-11.0132,5.2532,-0.4762,1.2280,25.5328,11.5796,3.7040,-6.2962,17.5971,10.5406,0.0000,0.0000
492,32.800000,15,0.0000,0.0000,-2.1017,0.0000,0.0000,1.6972,0.0000,0.0000,3.8651,-1.6359,0.0000,0.0000,2.9938,1.6644,7.0365,5.8640,0.1750,1.5877,-13.1545,18.8845,-4.4028,-0.9631,-1.6913,-45.7454,-32.2426,17.2385,3.0103,10.1864,46.3317,2.2646,3.1247,-11.9743,3.3346,2.8097,0.0000,0.0000
493,32.866667,15,0.0000,0.0000,-2.1215,0.0000,0.0000,1.6584,0.0000,0.0000,3.8548,-1.6218,0.0000,0.0000,0.2111,1.6382,9.6127,0.4648,2.0466,1.5895,-9.2084,10.6168,20.7336,2.3002,-1.5780,-33.8717,-21.4513,9.2848,0.4961,5.8612,43.7375,8.6997,4.1034,-8.2501,4.9581,0.9063,0.0000,0.0000
494,32.933333,15,0.0000,0.0000,-3.6950,0.0000,0.0000,0.0703,0.0000,0.0000,3.8420,-0.0058,0.0000,0.0000,0.2360,0.0424,9.4930,0.4752,0.1506,1.6928,-10.5778,5.5975,5.5949,-0.5514,-0.1251,-23.2697,-26.3485,6.0820,-0.1912,8.6336,27.4744,12.4369,4.0254,-4.1360,5.2808,10.4856,0.0000,0.0000
495,33.000000,15,0.0000,0.0000,-3.7355,0.0000,0.0000,0.0642,0.0000,0.0000,3.8628,-0.0006,0.0000,0.0000,2.9879,0.0355,9.6612,5.8658,2.0368,1.6297,-23.0076,8.1077,18.7323,-3.9788,-0.2238,-27.2479,-30.8778,8.1678,0.4791,13.9359,24.2740,10.1291,-355.8512,-2.4269,4.9949,12.1794,0.0000,0.0000
496,33.066667,15,0.0000,0.0000,-3.7271,0.0000,0.0000,0.0683,0.0000,0.0000,3.8576,-0.0228,0.0000,0.0000,0.5371,0.0327,6.9682,0.6383,0.1799,1.6121,-5.6528,2.4738,19.3893,0.8718,-0.0792,-16.9378,-16.9721,4.0308,-0.6342,5.9534,22.8301,11.2785,3.6430,-3.2385,3.3890,14.8763,0.0000,0.0000
497,33.133333,15,0.0000,0.0000,-3.7025,0.0000,0.0000,0.0649,0.0000,0.0000,3.8914,-0.0232,0.0000,0.0000,0.2254,0.0390,9.6590,0.4627,0.0484,1.5869,7.9445,7.9923,25.7309,5.3732,0.0647,-27.4862,-16.1857,8.0902,0.4476,5.1724,41.5102,11.9761,4.1239,-8.7858,7.1907,1.1585,0.0000,0.0000
498,33.200000,15,0.0000,0.0000,-3.7615,0.0000,0.0000,0.0658,0.0000,0.0000,3.8751,-0.0270,0.0000,0.0000,0.4967,0.0409,9.6333,0.6001,0.1651,1.5379,-11.8576,4.1493,49.8779,0.9247,-0.0754,-20.9628,-15.4995,5.8351,-0.1709,5.8757,23.1325,12.0083,3.8460,-5.2318,15.6920,19.3001,0.0000,0.0000
499,33.266667,15,0.0000,0.0000,-3.7373,0.0000,0.0000,0.0711,0.0000,0.0000,3.8738,-0.0121,0.0000,0.0000,0.2451,0.0260,9.6468,0.4594,0.1321,1.5383,-13.5047,6.7812,31.2598,-0.5533,-0.1261,-25.2748,-24.1776,7.1343,0.1577,7.0738,37.8580,11.9279,-355.8192,-6.3273,2.5373,3.4564,0.0000,0.0000
500,33.333333,15,0.0000,0.0000,-3.6972,0.0000,0.0000,0.0579,0.0000,0.0000,3.8165,0.0519,0.0000,0.0000,3.0311,-0.0129,9.5052,5.8719,0.1692,1.5343,0.9497,1.6549,33.6666,3.6857,0.0182,-12.9281,-15.3846,2.6992,-0.6710,6.5847,15.3879,7.0806,3.2007,-2.2489,9.6233,23.7108,0.0000,0.0000
501,33.400000,15,0.0000,0.0000,-2.0998,0.0000,0.0000,1.6663,0.0000,0.0000,3.8382,-1.6015,0.0000,0.0000,0.2247,1.6235,9.4678,0.4570,0.1894,1.6502,-8.9910,4.3256,29.6059,0.8718,-1.6203,-23.1054,-22.2396,4.7984,-0.8012,4.4520,28.9070,11.0104,3.9512,-4.6724,11.7879,12.6056,0.0000,0.0000
502,33.466667,15,0.0000,0.0000,-3.7099,0.0000,0.0000,0.0746,0.0000,0.0000,3.8173,0.0015,0.0000,0.0000,2.9922,0.0233,9.6020,5.8546,0.1937,1.5220,-8.5929,3.2644,55.8983,0.9273,-0.0839,-19.0498,-23.3864,4.1664,-0.6491,5.9727,15.2249,8.7291,3.4677,-4.2796,0.1424,23.5576,0.0000,0.0000
503,33.533333,15,0.0000,0.0000,-3.6783,0.0000,0.0000,0.0759,0.0000,0.0000,3.8771,-0.0143,0.0000,0.0000,2.9921,0.0400,9.6723,5.8681,0.0728,1.5364,-4.0969,6.9369,40.6644,3.6845,0.0007,-25.2742,-22.7170,7.2233,0.2283,6.5193,31.8481,10.0520,4.1271,-6.9611,2.5693,14.5584,0.0000,0.0000
504,33.600000,15,0.0000,0.0000,-3.6995,0.0000,0.0000,0.0698,0.0000,0.0000,3.8612,0.0039,0.0000,0.0000,2.9965,0.0203,6.9943,5.8550,0.1337,1.5419,-2.8509,-1.0940,47.7669,2.4268,-0.0327,-9.2379,-17.7950,0.4464,-1.3038,6.2813,14.3726,5.6404,2.7554,-0.3896,1.5960,22.6588,0.0000,0.0000
505,33.666667,15,0.0000,0.0000,-3.6944,0.0000,0.0000,0.0733,0.0000,0.0000,1.2348,0.0047,0.0000,0.0000,0.2354,0.0245,4.3549,0.4568,0.1638,1.5674,-16.0722,1.0981,44.4276,-2.0231,-0.1734,-17.0583,-36.2425,-0.3821,-1.9026,6.9153,14.7616,10.6491,3.1062,-1.7019,22.6733,19.2044,0.0000,0.0000
506,33.733333,15,0.0000,0.0000,-3.7306,0.0000,0.0000,0.0682,0.0000,0.0000,3.8552,-0.0131,0.0000,0.0000,2.9753,0.0382,9.6024,5.8569,0.1799,1.5500,-11.1013,-0.7251,68.1079,-0.6139,-0.1255,-13.0728,-19.7321,1.7820,-1.3859,5.6631,11.2382,6.1670,2.5743,-0.9799,2.5163,23.7056,0.0000,0.0000
507,33.800000,15,0.0000,0.0000,-3.6881,0.0000,0.0000,0.0770,0.0000,0.0000,3.8272,0.0210,0.0000,0.0000,2.9956,0.0196,9.6237,5.8400,0.1731,1.5647,-3.4236,0.5821,58.3072,2.3843,-0.0411,-12.7118,-7.9446,4.4384,-0.3350,2.2368,24.6925,8.5426,3.6316,-5.2978,11.6664,15.1101,0.0000,0.0000
508,33.866667,15,0.0000,0.0000,-3.7122,0.0000,0.0000,0.0781,0.0000,0.0000,3.8483,0.0222,0.0000,0.0000,0.2586,0.0133,7.0256,0.4636,0.1355,1.5305,-9.5280,-1.9579,51.5123,2.3638,-0.0428,-10.6224,-4.2634,4.9779,-0.1707,2.2155,23.9477,10.8803,3.5047,-4.3593,14.0264,14.9869,0.0000,0.0000
509,33.933333,15,0.0000,0.0000,1.3680,0.0000,0.0000,1.6253,0.0000,0.0000,3.8737,-1.5641,0.0000,0.0000,0.2472,1.5624,9.5173,0.4605,0.1892,1.5808,-23.0903,-3.9137,41.9098,-4.8398,-1.7882,-17.0718,-22.8674,1.8807,-2.1204,4.8635,17.5363,9.2115,2.7162,0.2181,13.8716,14.9825,0.0000,0.0000
510,34.000000,15,0.0000,0.0000,-3.7416,0.0000,0.0000,0.0673,0.0000,0.0000,3.8837,-0.0102,0.0000,0.0000,0.2585,0.0216,6.9996,0.4682,0.0564,1.5129,-12.8061,-1.0319,55.9113,-0.6086,-0.1243,-13.0796,-16.9040,2.4178,-1.1661,5.6693,13.3155,9.2731,2.7170,-1.0002,2.9690,19.3146,0.0000,0.0000
511,34.066667,15,0.0000,0.0000,-3.7501,0.0000,0.0000,0.0520,0.0000,0.0000,3.9058,0.0008,0.0000,0.0000,2.9935,0.0183,9.7046,5.8874,0.0960,1.6214,-4.9055,1.5526,48.6073,2.3867,-0.0164,-14.9824,-17.5407,3.1771,-0.7367,5.1621,22.0853,8.5163,3.5754,-3.5388,9.4579,17.6517,0.0000,0.0000
512,34.133333,15,0.0000,0.0000,-3.7700,0.0000,0.0000,0.0530,0.0000,0.0000,3.8481,0.0217,0.0000,0.0000,0.2469,0.0050,9.6178,0.4619,0.0768,0.6122,-9.3259,-1.7453,62.1080,0.8744,-0.0646,-10.7996,-5.8043,4.5870,-0.3520,2.4468,27.7695,11.5497,3.7365,-3.2645,13.8383,4.1820,0.0000,0.0000
513,34.200000,15,0.0000,0.0000,-3.7193,0.0000,0.0000,0.0670,0.0000,0.0000,3.8799,-0.0034,0.0000,0.0000,0.2581,0.0136,7.0180,0.4493,0.1407,1.5775,-16.5150,6.6980,38.6370,-0.5502,-0.1223,-25.2733,-29.5230,7.1625,0.1186,10.1035,27.6497,12.6292,4.0866,-4.1639,0.4498,10.4778,0.0000,0.0000
514,34.266667,15,0.0000,0.0000,-2.1437,0.0000,0.0000,1.6589,0.0000,0.0000,3.8881,-1.6049,0.0000,0.0000,0.2106,1.6269,7.0489,0.4482,0.1558,1.7001,-15.4756,-2.7481,50.7018,-2.0181,-1.6784,-12.9213,-6.4343,3.6811,-0.7120,-0.2572,20.3686,8.8074,2.8020,-2.5014,10.3154,18.0121,0.0000,0.0000
515,34.333333,15,0.0000,0.0000,-3.6998,0.0000,0.0000,0.0750,0.0000,0.0000,3.8388,0.0083,0.0000,0.0000,0.2469,0.0230,9.5074,0.4462,0.1437,1.6217,-16.0482,0.9275,44.2455,-0.5524,-0.1300,-16.8082,-9.5671,5.4460,-0.3290,2.9329,26.9135,11.8022,3.8110,-5.2039,16.0177,12.6012,0.0000,0.0000
516,34.400000,15,0.0000,0.0000,-3.7599,0.0000,0.0000,0.0619,0.0000,0.0000,3.8491,-0.0023,0.0000,0.0000,2.9862,0.0245,9.6154,5.8588,0.1124,1.6400,-8.5936,3.2588,41.3029,0.9287,-0.0715,-18.9619,-17.6331,4.7873,-0.4412,3.4957,28.8793,9.5585,3.9788,-6.2884,11.6491,9.7660,0.0000,0.0000
517,34.466667,15,0.0000,0.0000,-3.6901,0.0000,0.0000,0.0740,0.0000,0.0000,3.8459,-0.0022,0.0000,0.0000,2.9987,0.0281,6.9707,5.8496,0.1381,1.5801,-8.6224,4.3968,42.8520,2.4290,-0.0367,-21.0439,-22.5714,5.2466,-0.2815,6.2759,19.4299,9.5515,3.7878,-5.2909,1.0811,23.6456,0.0000,0.0000
518,34.533333,15,0.0000,0.0000,-3.7058,0.0000,0.0000,0.0643,0.0000,0.0000,3.8978,-0.0120,0.0000,0.0000,0.2398,0.0430,7.0352,0.4610,0.1370,1.6247,-13.4412,10.8777,23.4895,-0.5510,-0.1194,-31.6946,-28.7382,10.5190,1.2184,8.6275,33.6998,12.1971,4.1145,-8.4943,1.2092,10.0179,0.0000,0.0000
519,34.600000,15,0.0000,0.0000,-3.7212,0.0000,0.0000,0.0602,0.0000,0.0000,3.8529,0.0002,0.0000,0.0000,2.9912,0.0301,9.5189,5.8659,0.1716,1.6499,-11.6433,9.4039,21.8203,-0.4436,-0.1122,-29.4801,-38.0650,10.2189,0.9433,10.1161,27.9515,10.3036,-355.8012,-6.3304,3.3836,9.7693,0.0000,0.0000
520,34.666667,15,0.0000,0.0000,-3.6983,0.0000,0.0000,0.0695,0.0000,0.0000,3.8425,-0.0006,0.0000,0.0000,0.2157,0.0357,9.6337,0.4230,0.1933,1.7109,-3.3172,10.1558,21.0561,0.9901,-0.0768,-31.6498,-29.7850,10.6165,1.1579,7.3522,32.4684,12.6035,-355.8561,-9.1168,0.2783,10.2563,0.0000,0.0000
521,34.733333,15,0.0000,0.0000,-3.6904,0.0000,0.0000,0.0743,0.0000,0.0000,3.8600,-0.0100,0.0000,0.0000,0.2093,0.0384,9.6286,0.4327,3.2530,1.7227,-13.5196,6.7453,35.3870,-2.0203,-0.1743,-25.2761,-22.8595,7.1435,0.1451,6.9010,33.9490,12.0871,-355.8546,-6.3653,11.5913,1.0700,0.0000,0.0000
522,34.800000,15,0.0000,0.0000,-3.7071,0.0000,0.0000,0.0568,0.0000,0.0000,3.8637,-0.0164,0.0000,0.0000,2.9922,0.0346,6.9721,5.8757,0.1512,1.6698,-11.9739,8.1290,23.3898,-0.6136,-0.1140,-27.4334,-24.9667,8.1448,0.4823,7.1659,27.8036,10.1110,-355.8550,-7.3645,1.0865,19.3750,0.0000,0.0000
523,34.866667,15,0.0000,0.0000,-3.6905,0.0000,0.0000,0.0740,0.0000,0.0000,3.8868,-0.0245,0.0000,0.0000,2.9758,0.0609,7.0291,5.8761,0.2270,1.5994,-10.9917,6.7881,39.0156,2.0768,-0.0474,-25.2783,-18.7911,7.2545,0.2286,7.4659,27.6129,10.1300,4.0907,-6.1399,9.6934,17.1134,0.0000,0.0000
524,34.933333,15,0.0000,0.0000,-3.7441,0.0000,0.0000,0.0667,0.0000,0.0000,3.8784,-0.0457,0.0000,0.0000,2.9587,0.0595,9.4969,5.8792,0.0768,1.6500,-7.5999,10.5698,27.3291,2.1398,-0.0383,-31.7866,-26.1146,10.3171,1.0341,6.1734,45.5403,7.7434,3.8781,-9.7325,9.7022,9.9063,0.0000,0.0000
525,35.000000,15,0.0000,0.0000,-2.0564,0.0000,0.0000,1.6703,0.0000,0.0000,3.9289,-1.6514,0.0000,0.0000,2.9643,1.6500,7.0469,5.8524,2.0157,1.7366,-22.3359,-0.8160,27.1177,-2.0961,-1.6911,-16.8703,-14.0259,3.1972,-1.1617,3.7665,28.6123,7.6200,3.7683,-1.2007,12.1959,9.5918,0.0000,0.0000
