frame,time_qtm_s,time_rs_s,torso_alpha_deg,torso_beta_deg,torso_gamma_deg,neck_alpha_deg,neck_beta_deg,neck_gamma_deg,shoulderR_alpha_deg,shoulderR_beta_deg,shoulderR_gamma_deg,elbowR_deg
1,0,25.627,0.995542136366036,0.589872478692356,-174.528270541511,99.2719831104198,12.65815798576,-5.16577648971741,3.43839045763779,7.56042597264628,-41.2644898735258,156.319115398954
2,0.01,25.637,1.00569757009247,0.592699832778732,-174.52819922916,99.2795734658993,12.610445614346,-5.19035673214972,3.45103928288116,7.55948173230659,-41.2488404089929,156.336588384301
3,0.02,25.647,0.991391984257724,0.587372793161805,-174.524985169965,99.3058794599661,12.6127932295887,-5.17772499843299,3.43592558982726,7.54480997813874,-41.2577082208801,156.329439818075
4,0.03,25.657,0.97276399676502,0.585599187409361,-174.541347215533,99.3526095765499,12.623903614862,-5.18754051760722,3.42947983377327,7.53243613643037,-41.2871570573114,156.20841200927
5,0.04,25.667,0.977869205315712,0.592216578155197,-174.561963677174,99.3544175269379,12.6187717071217,-5.20266786140025,3.45421889386385,7.54245847440815,-41.2850137541637,156.198589700955
6,0.05,25.677,0.983224712502703,0.596506367673403,-174.564697203578,99.3340380758815,12.605072710254,-5.19641140349494,3.47116952001164,7.55063005973187,-41.2878662943568,156.17631447986
7,0.06,25.687,0.987506815929772,0.60733571893493,-174.580052285174,99.3532995480897,12.6035751303575,-5.20188647432669,3.48350430609278,7.55379458443976,-41.3080863839549,156.190402113124
8,0.07,25.697,0.965807287223499,0.598058367908005,-174.569693025925,99.3607356453022,12.5748624081229,-5.23572859831139,3.45894588959021,7.54454844551514,-41.2573873257201,156.169988368174
9,0.08,25.707,0.952680587732897,0.599870989118852,-174.575416958567,99.3400630426299,12.5535299926664,-5.23404301672302,3.43841644590254,7.53435765619509,-41.3239068171334,156.202663108048
10,0.09,25.717,0.960005732901026,0.608577491557406,-174.589660630107,99.3286879418731,12.5479759094516,-5.27369669266839,3.46473814013866,7.54681364874228,-41.2762533958301,156.208647074721
11,0.1,25.727,0.943286913408488,0.614301792811991,-174.583209255697,99.3278502562821,12.5251508009582,-5.27847873925031,3.43427899647261,7.54891080112592,-41.2943580713809,156.22899772099
12,0.11,25.737,0.925691591288934,0.613524878481131,-174.592300303995,99.3226982531595,12.5478418315438,-5.29716980253236,3.42218592136496,7.54486299756108,-41.2955018616483,156.220735710712
13,0.12,25.747,0.940853713966509,0.622792817372642,-174.584518980073,99.2676138916696,12.5225179986606,-5.29627177641022,3.43315074075113,7.55575345497386,-41.2718531447368,156.217661809091
14,0.13,25.757,0.93297265717952,0.623449465981825,-174.618472939842,99.2313131700518,12.5415372255742,-5.28931413720751,3.45533401259009,7.57474653271703,-41.2525206836843,156.169566805937
15,0.14,25.767,0.938581243723449,0.639953811787649,-174.621738447571,99.2038815967972,12.5569664626014,-5.28605759588082,3.44785915710397,7.58230660064386,-41.2704372602057,156.204683399635
16,0.15,25.777,0.934048151039685,0.6364298161348,-174.622387290724,99.1998675037516,12.5003946367956,-5.30041700548385,3.44408865445015,7.57660363170749,-41.3112496235688,156.204931544857
17,0.16,25.787,0.905204124870366,0.651525049854659,-174.649360557552,99.2301855742672,12.5267852175419,-5.3025942990199,3.44838142807894,7.60131688427283,-41.2421974155751,156.183210259416
18,0.17,25.797,0.890983168434969,0.646069722791481,-174.621805175421,99.2528462913366,12.4585268671205,-5.30010375016087,3.41813926666692,7.58466566348164,-41.2891895937163,156.193398892783
19,0.18,25.807,0.869725301542865,0.651481439985519,-174.633867966394,99.3008983011509,12.4443908969739,-5.29370941989502,3.40315266157936,7.57737728330425,-41.2908540787638,156.207961265654
20,0.19,25.817,0.854721328402817,0.642085830033809,-174.638493924449,99.3307396032217,12.4465938127796,-5.28189328831722,3.40344069612321,7.56532175219856,-41.2788380582426,156.185719683063
21,0.2,25.827,0.829377742959271,0.639121644724106,-174.659072141534,99.375668489148,12.477929589166,-5.27617673852739,3.40567241061385,7.56954685195855,-41.269358912368,156.169018738055
22,0.21,25.837,0.824149544214956,0.646107024076213,-174.653609739418,99.3938912702176,12.4885684888942,-5.27804175657838,3.40206259529011,7.5627427468061,-41.2191919199546,156.206068607683
23,0.22,25.847,0.812685514234405,0.653404235865695,-174.668722484885,99.4162034540901,12.5213351971389,-5.27697475017416,3.41407044514214,7.5732913764186,-41.176340705458,156.214941651737
24,0.23,25.857,0.803898142627835,0.639936204431624,-174.659053767619,99.420722562049,12.5317923639905,-5.27717714782943,3.40845282301608,7.55227621123462,-41.1999558506838,156.221518329252
25,0.24,25.867,0.791307812625238,0.641932954884088,-174.665358764803,99.4275181105336,12.5297340508903,-5.28480480887565,3.39976471290825,7.54953509381584,-41.198313934471,156.257638153997
26,0.25,25.877,0.768332285790064,0.622254476084599,-174.65095399671,99.4377140908899,12.5579567030456,-5.26919276882634,3.38362101177032,7.52659762675724,-41.1967508164173,156.251742977638
27,0.26,25.887,0.77830198673842,0.62005693641028,-174.654540491913,99.4238065898393,12.6110529213018,-5.2815958215489,3.408265666984,7.52361153011527,-41.1750054039871,156.256619534653
28,0.27,25.897,0.750677161986969,0.626168733000037,-174.654744178159,99.4404218156508,12.6029773443952,-5.29771325526621,3.38995835805143,7.52983035792587,-41.2125741223038,156.249816450901
29,0.28,25.907,0.727367774932629,0.610242524086396,-174.658782077389,99.4596434364368,12.6515131258995,-5.28108189535688,3.37154845557717,7.50912481931424,-41.2798987709639,156.283270296923
30,0.29,25.917,0.698315400132867,0.598036685054265,-174.651356070309,99.4897950970459,12.6557840423517,-5.2764840950508,3.34962681957132,7.49281199478103,-41.2581158193162,156.298955403814
31,0.3,25.927,0.685070023081434,0.592344540943584,-174.65142804905,99.5070590379995,12.6831768465897,-5.28180931220698,3.33494888743048,7.48205182243363,-41.2798411955142,156.326683791334
32,0.31,25.937,0.632666262537362,0.565026698101605,-174.65052560175,99.549429605499,12.7009788414718,-5.26947742062667,3.30855671313795,7.46185203788728,-41.2690855768143,156.277751745889
33,0.32,25.947,0.59497616018905,0.556548575270095,-174.650057755104,99.5742671587564,12.6963016232262,-5.26535518309717,3.28716642332017,7.45702297843397,-41.2650415820499,156.288507179464
34,0.33,25.957,0.569141802323675,0.551990855062003,-174.643350665959,99.5744072614943,12.6867983465808,-5.27896212306336,3.27601668320314,7.4645084121616,-41.2549858819141,156.254975887517
35,0.34,25.967,0.540642470239796,0.54727969579987,-174.633566291345,99.5698527349889,12.64502921676,-5.2591176110729,3.24443437752937,7.4628548136204,-41.279514368944,156.284772825992
36,0.35,25.977,0.521843668839885,0.537630597248505,-174.634018554726,99.5588371303736,12.6328646763786,-5.2609048124583,3.22936388025555,7.45699017781,-41.3406078371268,156.303737472994
37,0.36,25.987,0.497233948798032,0.537403522927982,-174.656438016413,99.551913548679,12.6372284610955,-5.25989164628167,3.23986942328122,7.47289043244232,-41.2919792888006,156.290873275941
38,0.37,25.997,0.460514433020977,0.533788348499074,-174.660740900926,99.581580132968,12.629118549394,-5.27447598698642,3.21421732225384,7.48056027321439,-41.3207808289159,156.274530026875
39,0.38,26.007,0.421899077750454,0.517279612769125,-174.671720429614,99.5960957310871,12.6317593603548,-5.25298602476539,3.19455909432186,7.47874335130679,-41.338341764637,156.305298603844
40,0.39,26.017,0.387965009069665,0.523899978944143,-174.671871261232,99.6172402497256,12.636412932409,-5.27632966023596,3.16400522333166,7.48567002116672,-41.3382841297452,156.277902260204
41,0.4,26.027,0.371483088894385,0.527396814677603,-174.676590440861,99.617755688007,12.6271465478671,-5.31849219359566,3.14755132560478,7.48365834532055,-41.4002170098686,156.315931645904
42,0.41,26.037,0.32549167312118,0.512428340081362,-174.694525963004,99.6274698171612,12.6345070050255,-5.3214990398988,3.13748969020355,7.48512059986278,-41.333376493541,156.276588446259
43,0.42,26.047,0.294049336592097,0.513663133216869,-174.680990028688,99.6078012373406,12.634274651104,-5.33378113929288,3.11784267709149,7.49083498835991,-41.3962057620999,156.278049782205
44,0.43,26.057,0.26678320711387,0.505396815662766,-174.678687484501,99.582950521845,12.6339297566476,-5.32032346949711,3.10947514724366,7.48638631629592,-41.4165503199538,156.264351805582
45,0.44,26.067,0.24223040026835,0.493653249395832,-174.69288934182,99.5481425653493,12.6405419856415,-5.31880993001772,3.11608648728865,7.48066741039646,-41.4030478793172,156.273797957169
46,0.45,26.077,0.234030124296855,0.497391149116767,-174.669229162706,99.5038905924968,12.6332757199207,-5.31329176940524,3.11015248264874,7.48061286510772,-41.4286630450345,156.289446654651
47,0.46,26.087,0.199157056559018,0.485194478328684,-174.672331734916,99.5021288089004,12.6428400098246,-5.28313337562603,3.09802643180351,7.47666908694938,-41.3910560613201,156.27523149393
48,0.47,26.097,0.194357599648814,0.487111334582428,-174.654396279807,99.4762439702991,12.6067364467408,-5.29202257919543,3.09753696810208,7.47054371433377,-41.4807586690255,156.308246804143
49,0.48,26.107,0.172187135440883,0.481463318201765,-174.654599809927,99.4829237395458,12.6414265429582,-5.31204683244833,3.09513082584057,7.4686975912862,-41.4624303617606,156.263580643553
50,0.49,26.117,0.133922893796849,0.475698655286029,-174.657454261785,99.501603054992,12.6425710215995,-5.28973580682033,3.08838864183445,7.46153987204991,-41.4055058598943,156.259689850618
51,0.5,26.127,0.119902488323219,0.483176830376022,-174.649415946599,99.4890179071185,12.6641598810788,-5.2979145379698,3.0980577553903,7.47544485293475,-41.4082184000422,156.245556117235
52,0.51,26.137,0.103693824244453,0.484828733793742,-174.641105027039,99.4907016480017,12.6297751501604,-5.32273772587041,3.09746276751732,7.46760865860408,-41.3689687704857,156.23182161353
53,0.52,26.147,0.0718235265869811,0.483147255771273,-174.625597306164,99.474093356857,12.6318634129137,-5.30745706217797,3.08894676422159,7.46555639320596,-41.3813128584106,156.22058855504
54,0.53,26.157,0.0612371586910123,0.484062106133281,-174.613531160455,99.451587776347,12.6317321462641,-5.31721531204637,3.09362773014796,7.46248976718104,-41.3344654213299,156.244014402943
55,0.54,26.167,0.0442497694431211,0.487593491534101,-174.604932519506,99.4386354972595,12.6426260151645,-5.31924617918425,3.09105040834699,7.46062247183502,-41.4230307535502,156.246733492427
56,0.55,26.177,0.0195822165196154,0.489127692455962,-174.586780344699,99.4234128573583,12.6286972194071,-5.31131049175296,3.08562942673577,7.46247155826635,-41.386405388607,156.224333749117
57,0.56,26.187,0.0101380654340959,0.486154839139972,-174.57341778183,99.3961174823436,12.5724928290096,-5.27384822519298,3.10496614530788,7.4601159253212,-41.3927600391152,156.215145123142
58,0.57,26.197,0.00498621823925117,0.483793566469857,-174.552824829198,99.373170948318,12.5717450251903,-5.26107978055694,3.10270626126184,7.45735387269823,-41.397099988402,156.223409169796
59,0.58,26.207,-0.0305064580875343,0.48511339224136,-174.549519365832,99.401024094693,12.5636083122084,-5.2518380067573,3.08337784804022,7.45129139839116,-41.3938899868147,156.227227729797
60,0.59,26.217,-0.0376443410010466,0.486976565400815,-174.53732363297,99.3964569532155,12.5660235380246,-5.22782490976667,3.10616335388222,7.46072109760363,-41.3669108412562,156.209683461615
61,0.6,26.227,-0.0624097812867249,0.471582449669967,-174.516816679607,99.4031923030174,12.5713158835488,-5.20815385523329,3.07923439101534,7.44476454271561,-41.3967331184447,156.227863450631
62,0.61,26.237,-0.0793866032738097,0.477869387655212,-174.505282442497,99.4092713445037,12.5821043846456,-5.24672286657162,3.07320423053427,7.45218425382385,-41.4051392157396,156.231261986085
63,0.62,26.247,-0.0981662231003391,0.488336757535553,-174.49014094159,99.4190744012195,12.5801189159281,-5.22688998040717,3.05694381194401,7.46512481545509,-41.3895332264123,156.248583278282
64,0.63,26.257,-0.109051770137678,0.483096882552893,-174.487495892518,99.4020272704542,12.5913416264367,-5.22700187485329,3.06962597726743,7.46152429415821,-41.3343621617229,156.236544651015
65,0.64,26.267,-0.111363126360916,0.486400228482669,-174.483130742551,99.3934007594705,12.5683062212952,-5.22265514570216,3.07521364751106,7.47245557557767,-41.3857519175288,156.223619623374
66,0.65,26.277,-0.12412993141822,0.480941679673541,-174.470050698658,99.382311048211,12.573744175084,-5.2195247605059,3.06609244414505,7.47151986993941,-41.3819974610023,156.260184179202
67,0.66,26.287,-0.137257298132303,0.480561433082599,-174.477386411041,99.3870718106215,12.5750396196768,-5.22599482023212,3.08242550421652,7.48059768020434,-41.3530256726972,156.207654353369
68,0.67,26.297,-0.134823799283725,0.482146066693505,-174.464360253762,99.3704824266697,12.5639119958363,-5.20597687616399,3.0733559876478,7.47581842382813,-41.3817308856928,156.241972619636
69,0.68,26.307,-0.134650577425816,0.484209588564859,-174.459292693977,99.346292885668,12.5439696395741,-5.19814380783069,3.07199388834102,7.47217785260165,-41.3740020841033,156.23952244328
70,0.69,26.317,-0.162304217010278,0.49194731236345,-174.455514122617,99.3643838062836,12.5256417726854,-5.19877981802179,3.04193989553378,7.47984263353374,-41.3840457582987,156.242517414816
71,0.7,26.327,-0.178386604379682,0.495603484004505,-174.459686677969,99.3866834533861,12.5279852876297,-5.19267861730381,3.03937778028526,7.48842657037439,-41.366541796991,156.210398984569
72,0.71,26.337,-0.187893720647809,0.477297885333344,-174.444426242506,99.3888283846731,12.4929704296654,-5.17704546093148,3.02141673878493,7.47084616466956,-41.3396311633901,156.202275895233
73,0.72,26.347,-0.191227686795929,0.48178536314964,-174.472874325011,99.4075320112602,12.5171023406973,-5.18962280460222,3.04844672932923,7.48588484688769,-41.3094116524246,156.186217688185
74,0.73,26.357,-0.218030335059528,0.484599526905277,-174.450352494131,99.4222153285764,12.4911542900093,-5.18112020745182,3.00200142853576,7.48031202029507,-41.3381143151127,156.199105970579
75,0.74,26.367,-0.216550150292922,0.476480263573,-174.45287136022,99.3924619712166,12.4711371887952,-5.16736666317728,3.00504659160727,7.47267619939354,-41.3351470650599,156.219066562757
76,0.75,26.377,-0.200878095135537,0.47326444511005,-174.464402463783,99.3594031822513,12.4587647534921,-5.15937719027383,3.02466580292162,7.47264178030661,-41.3738233739136,156.207123525854
77,0.76,26.387,-0.204157412179188,0.464452727121071,-174.455640413429,99.3429012104303,12.4424059558588,-5.13007392482437,3.01543052932455,7.46305512944371,-41.3337465447953,156.210477743617
78,0.77,26.397,-0.214278682516016,0.454725572746859,-174.444463096305,99.3323337399396,12.4193281109987,-5.13394207138,2.99403664121384,7.4555204474705,-41.3365293601168,156.20814077156
79,0.78,26.407,-0.193739513992229,0.446644128980779,-174.46062138899,99.2987094920661,12.4440623140119,-5.13441098505975,3.02728957278717,7.45069898580781,-41.333306993261,156.199629917672
80,0.79,26.417,-0.185304510568921,0.454671748371947,-174.458037550799,99.2862166111881,12.4286064155167,-5.17272729648531,3.03419868815201,7.45860880050811,-41.3625091559822,156.197080666587
81,0.8,26.427,-0.19693116208924,0.43856843715119,-174.482165572075,99.3109637510252,12.4368467331059,-5.15106303135405,3.03483129386897,7.45428084758171,-41.3136571883131,156.195633460223
82,0.81,26.437,-0.190075287970681,0.437037490855382,-174.462235283381,99.3145026497176,12.4281887232863,-5.16345939296443,3.03199819049022,7.4529621106086,-41.3199548136528,156.177889621289
83,0.82,26.447,-0.208462705207309,0.432588511930183,-174.478747961132,99.3507561038064,12.4548407083001,-5.19682181653753,3.02319409805546,7.4524812471275,-41.2855707818554,156.163467475315
84,0.83,26.457,-0.202345310400185,0.428504965618185,-174.469034406885,99.3509233160021,12.4251728977281,-5.22351511462976,3.02889376836654,7.45419166574856,-41.2945143231421,156.161237925316
85,0.84,26.467,-0.199770172807964,0.43910421910927,-174.482661362082,99.3674185447659,12.4402112960539,-5.24636814633172,3.04912389659074,7.4767594268997,-41.2730294802905,156.113944810609
86,0.85,26.477,-0.207651956913866,0.439166939272235,-174.465995137278,99.3831009590858,12.4205217885484,-5.24985273495726,3.0237814971635,7.46735942046035,-41.3052482217457,156.144810558701
87,0.86,26.487,-0.207627438731131,0.428709493411415,-174.472446609996,99.3724875244036,12.4298957927937,-5.24083036395479,3.0451519364749,7.47269809664444,-41.2799394587655,156.126098826065
88,0.87,26.497,-0.222807503620729,0.425862376034131,-174.469776649666,99.3753982874836,12.3861083040896,-5.25692778836289,3.03216436385087,7.46415225188799,-41.3039227209797,156.126520359036
89,0.88,26.507,-0.212945423995552,0.4426253870533,-174.465749647753,99.3572321548201,12.393833924607,-5.25624896720677,3.03214571007758,7.48608493605947,-41.3195589838371,156.135506041317
90,0.89,26.517,-0.224670016908989,0.427429138520517,-174.461380714449,99.3470959708454,12.3484055168463,-5.23265720573503,3.02406989868797,7.47826508180333,-41.3326703406913,156.155870113751
91,0.9,26.527,-0.213301166175312,0.432122707448012,-174.471655236465,99.3142275072947,12.3410453577698,-5.21822740127186,3.026211331493,7.47828053839094,-41.2852925334412,156.176606634608
92,0.91,26.537,-0.195760999380086,0.430835779060975,-174.479769899049,99.2988539893043,12.3622653456029,-5.2071854179268,3.05836945080158,7.49436114369481,-41.2957852272502,156.166895909846
93,0.92,26.547,-0.20911426131991,0.424260042084746,-174.493945105556,99.3101475663364,12.3764991138391,-5.1944268116217,3.05202707504395,7.48570455953516,-41.3006812787604,156.149737246357
94,0.93,26.557,-0.192496644551713,0.430112474387296,-174.497725309682,99.2959848581755,12.3899806129688,-5.19401156761389,3.06762360665612,7.50037201066836,-41.2735993727798,156.156739636529
95,0.94,26.567,-0.194088449923856,0.41964602938553,-174.480994660198,99.291913014679,12.3969926218279,-5.19559774121828,3.04457834569969,7.48663746421698,-41.2908330422884,156.173130721215
96,0.95,26.577,-0.207325076859959,0.42055041345809,-174.493895376708,99.3141028038826,12.4251075113535,-5.18243610000308,3.04005076052327,7.49108167908628,-41.2425450225419,156.159359747438
97,0.96,26.587,-0.209482339574138,0.409026943382297,-174.485660623733,99.3117707939686,12.4244974919261,-5.17490480742895,3.03288771453247,7.47773231664042,-41.2438477971922,156.169121723897
98,0.97,26.597,-0.203566587018533,0.409595132793586,-174.49158389436,99.3096252328129,12.4369893861053,-5.20459542302888,3.05061680424149,7.48072778310764,-41.2121144228875,156.125680286966
99,0.98,26.607,-0.20778986719248,0.41689772509381,-174.48472190656,99.3214096736993,12.4267588265801,-5.20570831451189,3.03739325952456,7.4899220811907,-41.2594864158092,156.135076103635
100,0.99,26.617,-0.214058064999066,0.403146406467864,-174.479547403415,99.3164130580015,12.429230981274,-5.18053074974705,3.03317891207095,7.47344196882907,-41.251670777062,156.125550295567
101,1,26.627,-0.196284916293359,0.407630295084527,-174.46508937808,99.3058187323935,12.3989442048977,-5.18230109258815,3.02834716444296,7.48523421754054,-41.275573676253,156.143214142175
102,1.01,26.637,-0.198144481731337,0.396319786170539,-174.458666559836,99.3114774233577,12.3703795463487,-5.1965371153439,3.01446201924199,7.47823013923237,-41.3031357274341,156.148819490647
103,1.02,26.647,-0.185743915792014,0.410506968250548,-174.459414270601,99.3117272681554,12.3683715547828,-5.19363382993049,3.03326921249575,7.50549483389596,-41.2872844589655,156.136525055226
104,1.03,26.657,-0.191881839376299,0.400725070842775,-174.459469291431,99.324281803849,12.3639832893238,-5.19459406965331,3.02014469579284,7.49529423411852,-41.2551922987421,156.130346414339
105,1.04,26.667,-0.190282613706143,0.40885505503482,-174.46362673568,99.3238041120062,12.3639036723553,-5.19415995482492,3.02371887126488,7.49723983970498,-41.2721169553637,156.127193471808
106,1.05,26.677,-0.200155610904164,0.390986649960622,-174.474478254607,99.3425471312424,12.3908929398894,-5.18647634780018,3.01745905764469,7.48362205429934,-41.2625534296276,156.146203418668
107,1.06,26.687,-0.187919137919708,0.400271856967941,-174.46346965873,99.335546890856,12.3812494720284,-5.19145083790715,3.02852979185763,7.49693369722465,-41.2170821200594,156.121744050625
108,1.07,26.697,-0.206208590380669,0.402994721908129,-174.479960212564,99.3449896697548,12.3879302363889,-5.19507291528857,3.015139016524,7.4931428645707,-41.2243533324645,156.126351376704
109,1.08,26.707,-0.201101114525553,0.402298194107586,-174.492839146331,99.3244601936934,12.4224055966964,-5.1804338924298,3.02875321583161,7.49898895458173,-41.2428723427519,156.101092574147
110,1.09,26.717,-0.186284864928942,0.399195637512441,-174.503692418586,99.303037552252,12.4120864750024,-5.19859075912275,3.04753479181105,7.49607428601215,-41.2205233871289,156.134311177061
111,1.1,26.727,-0.190866902582432,0.39834803721172,-174.510814309961,99.2794641987704,12.4036384925345,-5.15525646393052,3.0448666948307,7.49240791226985,-41.2675466804331,156.141410580249
112,1.11,26.737,-0.189910275432423,0.400707921334344,-174.515552728636,99.2721475840474,12.3976087373039,-5.16668772793016,3.04328531682528,7.48544916232033,-41.2476476789722,156.149199745647
113,1.12,26.747,-0.191198584348274,0.404923714984916,-174.541458832117,99.2769479626339,12.4247622144171,-5.15306103580873,3.06836517465897,7.49525759571621,-41.2449200098436,156.110085475182
114,1.13,26.757,-0.196136052476508,0.402083270721715,-174.548011774836,99.2735668644633,12.3867170454537,-5.17653248547454,3.05465820149441,7.48319915566518,-41.2103590472996,156.13744843753
115,1.14,26.767,-0.189378832276456,0.414909237080338,-174.550823167391,99.2733592717801,12.3811642385954,-5.16238361239625,3.05146871092389,7.48277731308795,-41.2467002340051,156.153437333632
116,1.15,26.777,-0.18838884375388,0.423659036461989,-174.559228290948,99.284801539661,12.3869791475626,-5.15516580825175,3.05599987921938,7.49305086315678,-41.2130811983814,156.155752252328
117,1.16,26.787,-0.18381173756221,0.427527545325066,-174.563460286659,99.2919489752484,12.3773294922585,-5.16990569728683,3.04841574399084,7.48963360618447,-41.2106889149443,156.156000157535
118,1.17,26.797,-0.18054149477965,0.425850593049957,-174.55961150569,99.2884367896017,12.3462578256246,-5.18189282701237,3.05922166092126,7.49577604188151,-41.2031756641544,156.150475740358
119,1.18,26.807,-0.183353891289578,0.425373235552858,-174.566930876734,99.2783243522357,12.3316277574439,-5.16167064505727,3.05597817358113,7.48572037358814,-41.2292709413614,156.128173395681
120,1.19,26.817,-0.171216162550155,0.429485678625215,-174.578189090255,99.2671489957586,12.3337152682085,-5.18155372842737,3.07780045914532,7.48687757473591,-41.1948439396543,156.129720860008
121,1.2,26.827,-0.187094920587025,0.436359002230151,-174.592129975927,99.2797949905603,12.3195829092932,-5.18915892598487,3.06458143175566,7.49324715738442,-41.1973964761525,156.133384344296
122,1.21,26.837,-0.179753638996969,0.43986539895705,-174.585285140771,99.2674852613588,12.3015566822026,-5.20860888460815,3.06220761219635,7.49548508883423,-41.1920300521014,156.138937981648
123,1.22,26.847,-0.17246205292415,0.451538511194446,-174.588830734114,99.2617048844283,12.304053849474,-5.19930688077429,3.05785274370279,7.49827154622489,-41.2424349887155,156.149922899018
124,1.23,26.857,-0.179053902891954,0.441138975724079,-174.579486040505,99.2708544118273,12.2638712430369,-5.18425218242717,3.05173493894131,7.49210611731562,-41.2078512272986,156.13377264672
125,1.24,26.867,-0.180435297561107,0.445588874234835,-174.59822353997,99.2758086634435,12.2564216226245,-5.20428312592062,3.05677154233171,7.49472232158741,-41.2448840836238,156.124270948753
126,1.25,26.877,-0.163285157062109,0.44624964143163,-174.607317227533,99.2661292756439,12.3042616436164,-5.19322754745339,3.06786596874786,7.49270440635777,-41.2358415568503,156.137961141696
127,1.26,26.887,-0.163446008597566,0.465471803628184,-174.608101152114,99.2751689936162,12.2942589537458,-5.22124732858306,3.05952997830785,7.50935015458175,-41.2483286818585,156.135040123791
128,1.27,26.897,-0.161534533318209,0.457628390192283,-174.607892757939,99.2750771278913,12.2911220018047,-5.19795235085467,3.06019226853506,7.49604949689831,-41.2348210386844,156.141998070789
129,1.28,26.907,-0.162014797103498,0.467758536726898,-174.608645775569,99.2764442802938,12.2854950958743,-5.20958166924202,3.0465736132114,7.50896495609468,-41.2500313373276,156.136362304141
130,1.29,26.917,-0.162359635298832,0.473252417763225,-174.623643704584,99.2714313134472,12.3075305641526,-5.19423568219591,3.05178945772055,7.51322048021687,-41.2538019722103,156.144434922777
131,1.3,26.927,-0.130241590419866,0.459454100480366,-174.623582395821,99.236237580481,12.2971093560623,-5.19584737720087,3.08362329130306,7.49279249853851,-41.2456664515502,156.147311765058
132,1.31,26.937,-0.127707713845805,0.466807254460601,-174.62991721123,99.2287858276493,12.3119721446334,-5.17659604225068,3.08748302384066,7.49935533929473,-41.2070805012579,156.161423681485
133,1.32,26.947,-0.115688466499077,0.468907664469177,-174.63791127523,99.2258141526456,12.3139660134219,-5.18376532687851,3.10156145901948,7.51101610551356,-41.2254074367065,156.141872431288
134,1.33,26.957,-0.114009212160834,0.467540675494085,-174.623957874341,99.2184159950822,12.3220073973515,-5.17294327009518,3.06926463016566,7.48476621064066,-41.2664403589295,156.181975545956
135,1.34,26.967,-0.091022886361575,0.461703272878664,-174.651941166639,99.2014224819219,12.332746055315,-5.16050618400354,3.11574126332215,7.49665555877806,-41.228552871314,156.170938885012
136,1.35,26.977,-0.082880880113741,0.460514534933526,-174.667381924596,99.2119691498909,12.3655192742077,-5.15576514731616,3.12761871410231,7.48073378649187,-41.2159667430984,156.153853937577
137,1.36,26.987,-0.0761951003693138,0.460504492160012,-174.6624763859,99.224534225593,12.3674307839986,-5.16712517194459,3.11679414303998,7.46971343551709,-41.2553361878644,156.191170651577
138,1.37,26.997,-0.062629756766982,0.461503278723103,-174.678554593451,99.2212725229274,12.40209920763,-5.16952159002298,3.14968408618706,7.47531569511618,-41.2537179100109,156.17756410915
139,1.38,27.007,-0.0620217194352429,0.461011149768082,-174.684162906926,99.2228795946381,12.3907260276295,-5.17545365584194,3.13885855106848,7.4676263266105,-41.276377382885,156.186153031499
140,1.39,27.017,-0.0473931496758986,0.44897956327304,-174.680806682233,99.2039158776657,12.3781789866518,-5.1457754555908,3.14198253825702,7.45305525613305,-41.2805054985025,156.208967949207
141,1.4,27.027,-0.0306886015654727,0.451279550770133,-174.665772246864,99.1895096848133,12.3482433817331,-5.1467248820083,3.14112190172374,7.45150457665348,-41.3019748062383,156.196334130667
142,1.41,27.037,-0.0319542603735708,0.458301016761682,-174.670316327029,99.2029855744346,12.3371447017337,-5.14052086427031,3.13986148197962,7.45863351727509,-41.2990911971978,156.210900235834
143,1.42,27.047,-0.0195478988754459,0.450586369736359,-174.687103065658,99.1939782605883,12.3421217466417,-5.11844563146849,3.153374497307,7.45446769304048,-41.2776075128511,156.220958197741
144,1.43,27.057,0.00790812876230533,0.457249530516868,-174.682444009613,99.178678601475,12.3057694670521,-5.11615092462645,3.17662993473545,7.46215867113198,-41.2877108418284,156.201559244484
145,1.44,27.067,0.00787477056455599,0.4637049478351,-174.690966981835,99.1859096152855,12.3029536160415,-5.13722896024248,3.17900385764252,7.47933749447875,-41.2787168109763,156.203700892366
146,1.45,27.077,0.0136707262532129,0.462686733595747,-174.688140578933,99.1888378802422,12.3176646102233,-5.1147485883601,3.18164548878682,7.47380071722645,-41.2379150095997,156.190711826614
147,1.46,27.087,0.023681836222446,0.456814053095488,-174.680127828182,99.1859947590917,12.3133291131459,-5.12139184995092,3.1879980614446,7.47129092544359,-41.2556619036198,156.182041396695
148,1.47,27.097,0.0284662838720345,0.458572638050542,-174.699183091905,99.1972392112493,12.3187082070769,-5.11911240274625,3.20114578982746,7.47350905757756,-41.2996252624683,156.174484863581
149,1.48,27.107,0.038867781160839,0.455623302236492,-174.704238466267,99.1885566264594,12.3306979017649,-5.11004279215555,3.21356380675014,7.47280086764372,-41.2326784273465,156.181466826164
150,1.49,27.117,0.0504344094815678,0.450270449293096,-174.697882901716,99.1814815039458,12.3335331857376,-5.10804970715513,3.21882093183165,7.47107071526958,-41.2751408972868,156.187165045678
151,1.5,27.127,0.0478525711616148,0.45576068094899,-174.698148660463,99.193635941688,12.3192216494831,-5.11654406202981,3.20390327993521,7.46502712611693,-41.2620739551883,156.199030626145
152,1.51,27.137,0.0668283007967921,0.459026125859566,-174.715596202642,99.1806459934836,12.3524387882398,-5.11858465788692,3.23788950664409,7.47148472837879,-41.2807660675602,156.194089410259
153,1.52,27.147,0.0703674018752134,0.466050088202204,-174.722409315079,99.1836318135473,12.3363320706043,-5.1100966381183,3.23366388225877,7.46952193403904,-41.3077015111891,156.208211087844
154,1.53,27.157,0.0752936386102523,0.461395264934963,-174.715759377488,99.1784574760245,12.3122328631672,-5.10327126316093,3.23247330947251,7.46331064699028,-41.3108766019944,156.197997599859
155,1.54,27.167,0.0816876557018163,0.473177512298975,-174.717444131147,99.1894090372981,12.3099845674103,-5.12680785879508,3.23839627259983,7.48133852807563,-41.3387548753595,156.191145300066
156,1.55,27.177,0.0621139924643651,0.471842140376807,-174.739296818281,99.2038930597913,12.30953881589,-5.08119536431391,3.23698655129681,7.47664599837552,-41.303257509324,156.161242944122
157,1.56,27.187,0.0762610649897854,0.483356056847897,-174.725365280289,99.1874751507322,12.3037507829689,-5.08268637522006,3.24243426150294,7.48555572929353,-41.3015849322863,156.203152483667
158,1.57,27.197,0.0901597266683855,0.484783986621242,-174.734313292126,99.1849704210837,12.3003395772562,-5.08304278556868,3.25812290946108,7.485047152752,-41.312360597443,156.198220444688
159,1.58,27.207,0.0793498143338071,0.49547209329133,-174.73747229663,99.1983827602717,12.2995443381177,-5.05477352732257,3.25818142676148,7.50231981319919,-41.2833508975469,156.167980065171
160,1.59,27.217,0.0727204426520084,0.486325754351761,-174.734095471181,99.2182613420441,12.3119988554434,-5.0318074968182,3.24243971198498,7.48703593917314,-41.3250875405221,156.188736205222
161,1.6,27.227,0.0692458104345583,0.49272263527683,-174.736706705545,99.2265537741426,12.3260524281431,-5.03512031342189,3.24189661898491,7.49307981619562,-41.3054395118349,156.196875875691
162,1.61,27.237,0.0690458090992796,0.495779385072402,-174.739549828648,99.2272954951548,12.3334842625659,-5.00902025236144,3.24546133061847,7.49241867608827,-41.3093023460621,156.19529584868
163,1.62,27.247,0.0670120852847648,0.483231232071164,-174.753822747941,99.2077386519998,12.3536759615334,-5.00670308613519,3.25642267765019,7.48624767316877,-41.2943725690687,156.19753523571
164,1.63,27.257,0.0817234067512262,0.481817654642964,-174.763838760554,99.1944144239857,12.3586861012944,-5.01419105428081,3.2807354416318,7.48440572742003,-41.3154732037374,156.191100892761
165,1.64,27.267,0.0692916152719915,0.479396184712539,-174.757305648082,99.1865322144952,12.363383571448,-5.00244263596465,3.26848485541987,7.48610356956031,-41.3334448616968,156.187446761091
166,1.65,27.277,0.0757969504155604,0.482396147727417,-174.755255416933,99.1816806398826,12.355255109043,-5.02606546886015,3.25789868712492,7.4886154693728,-41.3335487446334,156.210806489871
167,1.66,27.287,0.0842949226918641,0.487126704535371,-174.747093416928,99.1592220043509,12.3388270512188,-5.02336137608047,3.26547346063516,7.50268147707336,-41.3659088140208,156.201722000365
168,1.67,27.297,0.0948967661547781,0.484312525288134,-174.742039271958,99.1356330991415,12.3384355554009,-5.03030990445625,3.26570207876585,7.49787784301431,-41.3936348637998,156.193918563824
169,1.68,27.307,0.111716920193594,0.487421418706089,-174.749691948828,99.1121240866863,12.3756826750304,-5.02202237519162,3.28279349859338,7.51351548931325,-41.3791087634285,156.186439175415
170,1.69,27.317,0.113186633159693,0.49514588883489,-174.756951976379,99.1127066730671,12.3480650477215,-5.03091900542022,3.28324826685307,7.52941261742627,-41.3809649347107,156.20753951837
171,1.7,27.327,0.123650438260221,0.485530144308201,-174.763233369396,99.0940521841062,12.3461062188638,-5.02615813027166,3.28136956696461,7.51571912054928,-41.394447014077,156.212790225335
172,1.71,27.337,0.126127503165599,0.47871189788991,-174.759576757884,99.0827663457849,12.3422327063021,-5.02507824486905,3.28683958269014,7.51605318764801,-41.3413230493837,156.184407120962
173,1.72,27.347,0.153988803909676,0.497839499922012,-174.756970222631,99.0572761302176,12.3045093303587,-5.04502467039565,3.29248470610537,7.53854175586198,-41.3359230973168,156.202938529313
174,1.73,27.357,0.159067847679986,0.491493889225303,-174.77468243201,99.036185760675,12.3240185076493,-5.05980283721979,3.30417236708909,7.53371443008244,-41.3570310266725,156.208956533368
175,1.74,27.367,0.174638685525133,0.485529632229807,-174.772121301604,99.0046928866918,12.276889499811,-5.03011072774396,3.30997841062566,7.53083158476728,-41.3877882958286,156.233396220902
176,1.75,27.377,0.191805793421153,0.478958379517412,-174.782119596556,98.9729306745624,12.2830754344617,-5.00548203255835,3.3375072703405,7.52870938922008,-41.345338582018,156.214816240572
177,1.76,27.387,0.205680116034751,0.485020497125661,-174.782146892694,98.9541656688712,12.2641042132685,-5.01542912609389,3.34340810832338,7.54113010138535,-41.4088111284661,156.237983126289
178,1.77,27.397,0.190608415318238,0.475868708288282,-174.781885762319,98.9401693572134,12.2604443636763,-4.99543391057293,3.32960318725091,7.52397114612081,-41.4696119706,156.210622700708
179,1.78,27.407,0.205147133057661,0.4814581838052,-174.779104627699,98.9278807675522,12.2599643854145,-5.02983344023949,3.34311353145374,7.52306964419019,-41.4598005151627,156.214484718513
180,1.79,27.417,0.203716927717715,0.475414468001586,-174.787078712123,98.9351696165737,12.2733158348178,-5.02727443556451,3.34652901237953,7.53112018719678,-41.4976274284187,156.204227098002
181,1.8,27.427,0.215105983373088,0.479961550690384,-174.793812090323,98.9187256191259,12.2604840221042,-5.03435135571993,3.35954442855865,7.54014749353208,-41.4772699236093,156.209914109318
182,1.81,27.437,0.214408808039989,0.469692332598804,-174.7900052265,98.8956125758505,12.2674924010596,-5.01122857804761,3.35669399962646,7.53540458827304,-41.5165572802209,156.214697065419
183,1.82,27.447,0.227683221349753,0.476244633867045,-174.803660726442,98.8862756905496,12.2735346955148,-5.03355371900957,3.37728041820143,7.54328959535733,-41.5151251405343,156.191051366871
184,1.83,27.457,0.223981857898771,0.457475812576891,-174.811376763774,98.8908118910286,12.2805962438591,-5.00530403551155,3.37271228389495,7.52709378976353,-41.5605860839977,156.196588225671
185,1.84,27.467,0.241797204097509,0.471340810820582,-174.794598134539,98.8696815330546,12.2492794065459,-5.01646122405196,3.37295036081739,7.54203592269084,-41.532783503817,156.214270960376
186,1.85,27.477,0.238224246875114,0.454680369306489,-174.804443534417,98.8745249402768,12.2587628890028,-5.00906349469995,3.37038649933295,7.5226483392075,-41.5636876215487,156.228244737667
187,1.86,27.487,0.242207898363238,0.473200733897053,-174.812209864539,98.8678305527775,12.249199714312,-5.0311088922555,3.37549573060395,7.54667027218342,-41.5178296985327,156.206274613701
188,1.87,27.497,0.260301795075645,0.463164792446683,-174.83462956418,98.8362623030067,12.2589624162781,-5.01821818059038,3.39948096827016,7.53084121953361,-41.548251584076,156.22227752051
189,1.88,27.507,0.247251580386171,0.450967755627318,-174.858854773724,98.8361462577484,12.2919590678128,-5.01802441072293,3.39898301770911,7.52566954501359,-41.4813099877832,156.207267059626
190,1.89,27.517,0.245093494225915,0.466640284584214,-174.861798229499,98.8266275760722,12.251768937095,-5.01716116633795,3.38579823298821,7.54974398493397,-41.5120609625543,156.22713820177
191,1.9,27.527,0.262124146995736,0.464246262676163,-174.893361856062,98.7902477058453,12.2910947103474,-5.0144105741592,3.41641930544953,7.54001888169549,-41.4800902325764,156.227847120586
192,1.91,27.537,0.264566118152995,0.463211193405417,-174.90110204379,98.7808574498299,12.293327423841,-4.98307245939825,3.41516726868064,7.5428846408697,-41.5262758889799,156.243841240352
193,1.92,27.547,0.272894009605472,0.457854728767675,-174.930366714238,98.7675652586578,12.3240494800876,-5.0020306324863,3.43039570660057,7.54095582684437,-41.5804120790406,156.269736967439
194,1.93,27.557,0.276779680876909,0.462006748098753,-174.94962814112,98.7663477798214,12.3445729147184,-5.014041982071,3.43594954199052,7.55022492913009,-41.5414536719713,156.249606646663
195,1.94,27.567,0.262898623042582,0.449565823072058,-174.951618860412,98.7831016893046,12.3274487166721,-4.98899287106815,3.40741768852949,7.52668196598277,-41.6089452495349,156.272436288311
196,1.95,27.577,0.267780555537678,0.444029031851309,-174.971602857431,98.7847277375391,12.3315181144732,-4.99435141149197,3.42338907267171,7.53886847639964,-41.5648244776103,156.257114334995
197,1.96,27.587,0.252891028009933,0.446376069099409,-174.993198115142,98.7839855828927,12.3505412570711,-5.02421934899622,3.41726256263195,7.54009277343701,-41.6021008778665,156.25937325691
198,1.97,27.597,0.255522492922949,0.448646019869591,-174.999438724405,98.7852525226041,12.3631612494911,-5.01106592467333,3.43049915977016,7.55167390058193,-41.5756624761379,156.260121397587
199,1.98,27.607,0.250514425946318,0.453598963662748,-175.011983846188,98.7760179279162,12.3689653171139,-5.00290098617159,3.43291446134316,7.5659951651508,-41.6064707640454,156.238200274548
200,1.99,27.617,0.24842223931861,0.442433097218183,-175.012085936833,98.7578149189567,12.350315552728,-5.00591881929886,3.42866459655546,7.55655700895005,-41.6412463285966,156.25119591888
201,2,27.627,0.238095510716364,0.439632548404543,-175.017290966898,98.7545655852913,12.3568823454339,-4.98084446459493,3.42263813337064,7.55503129402564,-41.6692238042384,156.249921924627
202,2.01,27.637,0.234314420812309,0.442598580619481,-174.999304055221,98.7445409595505,12.3353558699374,-4.98083658656373,3.40856860454105,7.56246628374497,-41.6917455907901,156.244434499407
203,2.02,27.647,0.250641079943462,0.459628755929448,-175.00467657096,98.7322168348541,12.3078402841888,-5.01063048775746,3.42526622509843,7.58041126351198,-41.6554892190121,156.235252616849
204,2.03,27.657,0.243602661209823,0.446462235212977,-174.993859045372,98.7456730428575,12.3055277444377,-4.99034837935156,3.41419477342389,7.57606882113761,-41.729831980527,156.243582940595
205,2.04,27.667,0.227815720976623,0.447648875963563,-174.997207441826,98.7417724108719,12.3037790349794,-4.96796782297096,3.39956498177714,7.58154792551974,-41.7246258002302,156.232486052394
206,2.05,27.677,0.231478217496027,0.443861279207511,-174.99417016746,98.7548938304429,12.320777959685,-4.96527954447698,3.40847603244169,7.58255065426389,-41.7178001033489,156.253140256039
207,2.06,27.687,0.224703401505269,0.45449392435873,-174.982593962575,98.7627682425239,12.3239183236482,-4.98119274514536,3.38624653823379,7.59292344615041,-41.7348563335759,156.272268506128
208,2.07,27.697,0.201738829966303,0.454122404666471,-174.965626480065,98.7912232876491,12.3240325242453,-4.98369743395809,3.35267991996069,7.58792271814105,-41.7845171164834,156.270707903214
209,2.08,27.707,0.210119961978469,0.450051361254662,-174.977648592377,98.7528495178317,12.3430149159191,-4.95042103979155,3.38267136613841,7.59616211344292,-41.7607029917336,156.270090498405
210,2.09,27.717,0.206157701808374,0.442578057893499,-174.975977827074,98.7401118517963,12.3364848487787,-4.94208457123342,3.39663267535463,7.5944223826245,-41.6952370467205,156.237227255938
211,2.1,27.727,0.192132542773064,0.448690352465694,-174.987764905578,98.7424640293482,12.3598311713834,-4.96537825483185,3.39109990007198,7.60355312308815,-41.6494867093139,156.233059049855
212,2.11,27.737,0.186182784950182,0.430142530164963,-174.983589143396,98.7439809108996,12.3496724810196,-4.93833824724878,3.37937954507835,7.57246613596088,-41.7104488150182,156.276882912144
213,2.12,27.747,0.19687419110627,0.420710284900086,-174.991199688514,98.7162642720046,12.385816178623,-4.91773025428203,3.40554678481352,7.57236637783529,-41.7279879030156,156.253355763118
214,2.13,27.757,0.18634880465085,0.427666393226604,-174.995712034542,98.722733257063,12.373864636342,-4.92962819164764,3.38804528961357,7.57148161161587,-41.7382974442809,156.26996853741
215,2.14,27.767,0.177731356046884,0.419167246673256,-175.026168994549,98.6953011078454,12.4201127108691,-4.93391457476423,3.42516898462692,7.57933287892029,-41.72370312951,156.222082425048
216,2.15,27.777,0.159482912822762,0.420658081748899,-175.021961354384,98.7084965771132,12.4075645651497,-4.94612127902275,3.38762753878451,7.56622148371482,-41.7614575066906,156.2751313435
217,2.16,27.787,0.156701265508069,0.416910716572037,-175.050599994596,98.6969261582623,12.4628558591942,-4.9343247644636,3.41854651005426,7.56677331754503,-41.7199823285471,156.250049245859
218,2.17,27.797,0.155655973798786,0.417142333014264,-175.063828787935,98.6707027868465,12.475386643272,-4.95450080616589,3.42505530296901,7.56642843981819,-41.7314767686253,156.251018740204
219,2.18,27.807,0.11717572429227,0.411753618051122,-175.084862503205,98.6808660617696,12.4931719936517,-4.92946794064815,3.41762317409135,7.57339371039738,-41.7247415489112,156.250493293516
220,2.19,27.817,0.135470784368404,0.430530672715173,-175.090733699284,98.6573874213936,12.4687787271196,-4.98254920274739,3.45030605343179,7.59290791538826,-41.7265930199334,156.238005119529
221,2.2,27.827,0.114401175088138,0.435371554811338,-175.088061371056,98.6544681324417,12.4551554812689,-4.97892711400413,3.43223742192929,7.59904098986807,-41.7128395204612,156.264203949761
222,2.21,27.837,0.0966774928281085,0.434842760875107,-175.091006816288,98.6431594886234,12.4258198418734,-4.99332612692739,3.42890775443666,7.59795058171225,-41.7516197120202,156.260514516745
223,2.22,27.847,0.0704497599497281,0.453700611334686,-175.071067551386,98.6568029385924,12.3883261706738,-4.96638600071042,3.40035238705066,7.61788593084013,-41.7807333507347,156.229420675062
224,2.23,27.857,0.0501092621012259,0.454774675805608,-175.049267641262,98.6605190249311,12.3566633924516,-4.94561606820732,3.38285379708731,7.61692885332102,-41.7784652118281,156.284157454996
225,2.24,27.867,0.0386556838049295,0.469372470886572,-175.035860121064,98.6610436801671,12.3341673775313,-4.98828281447224,3.3804922346227,7.63780935712428,-41.8355398280957,156.267994769471
226,2.25,27.877,0.0152803233975284,0.472178088982654,-175.017493087402,98.6658172000058,12.3173138742739,-4.9437645515895,3.36747990806899,7.64134420212329,-41.8295805187424,156.260506591007
227,2.26,27.887,-0.000806877447015748,0.480449466702765,-174.98182405847,98.6688407013718,12.3115400210886,-4.94970936077242,3.34089252377791,7.65039474909471,-41.8606904055861,156.278961445565
228,2.27,27.897,-0.0137853719545117,0.480713417613594,-174.966294665513,98.671409337968,12.2944485213716,-4.94102636882639,3.32618714793483,7.64917420583328,-41.9053506361939,156.285551312978
229,2.28,27.907,-0.0573289106784994,0.465674753081022,-174.958857766828,98.6976489202957,12.3148961900415,-4.91112589640514,3.30449434756373,7.63974344466114,-41.8745726438464,156.271021876539
230,2.29,27.917,-0.0672014508109827,0.474528102258219,-174.924006534996,98.7039873459926,12.3142553683379,-4.91171400816105,3.2780450247095,7.64498200891374,-41.8624002468127,156.283685764104
231,2.3,27.927,-0.0833937841582829,0.467778322545064,-174.927997508794,98.7235943423601,12.3545980849151,-4.91093413263753,3.28513849343242,7.64467983919272,-41.8409669439113,156.242825563314
232,2.31,27.937,-0.104426385734883,0.453233034456073,-174.899131944936,98.7264885608433,12.4087781385875,-4.89810594792659,3.25849978358233,7.6263600372315,-41.8651950709524,156.27429024018
233,2.32,27.947,-0.117940978897242,0.451784813485587,-174.8860533676,98.7252860077228,12.4272802574184,-4.90523527883455,3.25316261338015,7.62774090154618,-41.8680919739543,156.244892261021
234,2.33,27.957,-0.128674003909155,0.43912181872684,-174.904179146006,98.7260635337107,12.4813773780861,-4.88829705124588,3.27513974696979,7.62597395869112,-41.8474307443567,156.224640607623
235,2.34,27.967,-0.145613860636463,0.416679046128443,-174.895603443969,98.715392544202,12.522272604757,-4.87837179106568,3.24524326953316,7.58756391507197,-41.8602623190271,156.256881742609
236,2.35,27.977,-0.145240911547458,0.429488148170545,-174.90468734131,98.6958350741119,12.5379845257213,-4.88926727471903,3.2597230678142,7.60235184250167,-41.8349618799249,156.262595399624
237,2.36,27.987,-0.140616264733422,0.418284703192336,-174.924107605631,98.6646261587375,12.5429462907345,-4.92223253796429,3.28039955684453,7.59100466620304,-41.8341865705706,156.242685301771
238,2.37,27.997,-0.131931784787608,0.420683044415563,-174.91546511019,98.6384089220768,12.54181170628,-4.93179722240338,3.27814125866112,7.58869937162323,-41.793986271771,156.279950776638
239,2.38,28.007,-0.141974335573516,0.40698157070416,-174.919394861518,98.6146155904602,12.5469392138709,-4.94322326487917,3.2637731446668,7.55879538452609,-41.8473084069829,156.312441998724
240,2.39,28.017,-0.126100155804375,0.425261890714941,-174.9336926013,98.5869229917436,12.5469619795742,-4.96132073458925,3.31710553391419,7.59012499242398,-41.777569449882,156.275611664612
241,2.4,28.027,-0.131188084778407,0.426538128082801,-174.926791489655,98.5818292216964,12.4806397026226,-4.98063129632055,3.31475601293126,7.5952053575167,-41.8063990297999,156.297954266696
242,2.41,28.037,-0.122866782178973,0.431951410508221,-174.925288374339,98.5886302680718,12.4604815797772,-4.99764016565069,3.33957716981128,7.60255222672765,-41.7647553971761,156.262474974018
243,2.42,28.047,-0.142799053220818,0.43080840837362,-174.887195049214,98.604454152678,12.4078502828733,-4.99892430526798,3.30632537078538,7.5945329407127,-41.8209784629924,156.301403284359
244,2.43,28.057,-0.139169996843834,0.424924173231832,-174.878708123404,98.5971592316175,12.3790363671094,-4.99230836887158,3.32022832151934,7.59898841837896,-41.7821356201027,156.297850213417
245,2.44,28.067,-0.147926247674638,0.435383179634188,-174.865861064995,98.6203795633826,12.3291375359575,-5.00803348688607,3.31922441890256,7.6123314025384,-41.7978059106642,156.295827421947
246,2.45,28.077,-0.160819794290615,0.445369195348704,-174.83816666197,98.6329060978957,12.2841328259952,-4.9946382799903,3.30392704139295,7.62441921720176,-41.8212018454011,156.304439669839
247,2.46,28.087,-0.15623371297405,0.436519514889839,-174.818964536288,98.6221699300261,12.287113319256,-4.9702857579494,3.31793343325128,7.62244652144199,-41.7987952020678,156.274338301682
248,2.47,28.097,-0.166113366271285,0.442944800078112,-174.792465844244,98.6347628252577,12.255986260781,-4.97891775538998,3.29440946235456,7.62397514764436,-41.8237315720258,156.286670163747
249,2.48,28.107,-0.17441767866186,0.441932488174675,-174.787106945287,98.6573454280062,12.2570539777054,-4.94560576135965,3.29873481959335,7.62449129978246,-41.8208286634039,156.312824455071
250,2.49,28.117,-0.176440234942622,0.435403272307945,-174.793880738285,98.6473858173285,12.2609039541143,-4.95016704934359,3.31003573986752,7.61868436120362,-41.8185277718345,156.291311563885
251,2.5,28.127,-0.184627574518738,0.427889023154229,-174.772536262179,98.6381089005667,12.2619070859156,-4.93306342873807,3.29427364423033,7.61201042344192,-41.7978252773253,156.290037870614
252,2.51,28.137,-0.193846800604004,0.432167141988336,-174.780874326642,98.6444899134385,12.2908387054879,-4.93622038413031,3.29826348034975,7.61433056538025,-41.8130832655436,156.281398294472
253,2.52,28.147,-0.183075254745965,0.425208424252971,-174.761840572718,98.619850676812,12.2986015956287,-4.94589594436318,3.30329426772196,7.60529527076825,-41.7823884309694,156.285869120044
254,2.53,28.157,-0.19346621325514,0.422820973906679,-174.753446419774,98.6337366595091,12.3030843554712,-4.94621269203977,3.30274467191733,7.60355707023558,-41.7862344424871,156.277502187905
255,2.54,28.167,-0.201682424705734,0.415606595690847,-174.744715350833,98.6194193028409,12.3401087895438,-4.93576665363356,3.27283254840362,7.58202754226393,-41.8272981948499,156.306477194933
256,2.55,28.177,-0.20819367567008,0.422268257083013,-174.742509422593,98.6198166273152,12.3354301266371,-4.95455261493712,3.27539426667395,7.59463925167719,-41.8567634646216,156.279115905847
257,2.56,28.187,-0.201106050758626,0.420817780805656,-174.734653501425,98.6000669372022,12.3347610631459,-4.96493807213625,3.26794254702284,7.58729652623017,-41.8459949780921,156.295617248625
258,2.57,28.197,-0.202782304989472,0.423985713099472,-174.74901651889,98.584929427827,12.3384637391457,-4.9750154146634,3.28831484375491,7.58797190038427,-41.8109396713285,156.287350400349
259,2.58,28.207,-0.222144939952181,0.423630612721309,-174.772488958272,98.5972611303948,12.3614330497483,-4.97173926501467,3.28908410902453,7.58262537032389,-41.8626181928747,156.305189032687
260,2.59,28.217,-0.206848457867835,0.426358308578875,-174.769796703741,98.5630901526812,12.3541739080065,-4.99923456166794,3.29014389040522,7.58468632704154,-41.8815029407968,156.305552848665
261,2.6,28.227,-0.224572840384939,0.414616619694748,-174.795218174949,98.5841303848878,12.3336526058186,-4.97722092680899,3.30116582379596,7.57191252543888,-41.8493425009041,156.282295545745
262,2.61,28.237,-0.21294142589423,0.425009338096613,-174.813039085609,98.5612687179217,12.3748273181659,-4.9906161860877,3.33665830020625,7.59067273055937,-41.8264343292341,156.292829143319
263,2.62,28.247,-0.225859207821115,0.417475302830767,-174.82526111156,98.5609928242458,12.3438113294943,-4.97194568679598,3.33150695663866,7.57732494585754,-41.7871151767035,156.285778302217
264,2.63,28.257,-0.217688537030921,0.419922139192629,-174.821189046305,98.544930477884,12.3145666638791,-4.99421533171402,3.33839169638451,7.581545803222,-41.8308104893182,156.303529633481
265,2.64,28.267,-0.237023769257325,0.416974908981651,-174.819573614531,98.5420003415538,12.3053117931808,-4.95590075432488,3.30998877682169,7.57796487153916,-41.8413554914952,156.31248390827
266,2.65,28.277,-0.224118731200707,0.418247222789542,-174.827231218844,98.5224679547486,12.3023434847753,-4.95697602813401,3.33713835324675,7.58824396470215,-41.8330785475422,156.301421963696
267,2.66,28.287,-0.242675851489019,0.411496972308611,-174.813967494013,98.5435902113646,12.2766289355571,-4.95265141562926,3.31982890657307,7.58038368522784,-41.8675650961076,156.304954552536
268,2.67,28.297,-0.251608216371669,0.415342420936086,-174.834763415547,98.5634711416664,12.2891201803876,-4.95676772894693,3.32407112754716,7.58481139909777,-41.8489558649497,156.297730221917
269,2.68,28.307,-0.267410729823349,0.422499491016709,-174.819284546544,98.592884478205,12.2345231649967,-5.00758044138297,3.31068334538157,7.59608273637436,-41.8404447202199,156.304470938528
270,2.69,28.317,-0.271049639622917,0.424135206354161,-174.820067739018,98.6030049520202,12.2719548151515,-4.98767490324779,3.29611527823879,7.5873404163071,-41.8363670317971,156.311834098944
271,2.7,28.327,-0.269200914153796,0.430174272916737,-174.839995634588,98.6072596915474,12.3021728961477,-5.02431134635723,3.32188156936648,7.60039146662393,-41.8287123603913,156.286466666277
272,2.71,28.337,-0.276371948971393,0.406986949934473,-174.837908172245,98.5934842885469,12.2861760938797,-4.99311980805052,3.31974922278906,7.5728496926608,-41.8653779570951,156.318872930899
273,2.72,28.347,-0.277747049712913,0.418511437342397,-174.831939780543,98.5861642219313,12.2790250221423,-5.03972095269601,3.3074608890882,7.57515639754031,-41.8498183895833,156.330260673498
274,2.73,28.357,-0.271039497801915,0.405645861010067,-174.832501613403,98.553722808567,12.2528060158225,-5.00447969363106,3.31743503162892,7.55747095816323,-41.8351517263983,156.344329097329
275,2.74,28.367,-0.272448271466791,0.412298755864661,-174.841834487245,98.5464959209128,12.2518827327293,-5.01328905057193,3.32007782326957,7.56471236660388,-41.7959345746953,156.307993238659
276,2.75,28.377,-0.267762426623029,0.407694405151219,-174.87150367535,98.5221081501729,12.277368959876,-5.01397313469316,3.34477525751923,7.56708476137718,-41.8126288580281,156.321154016865
277,2.76,28.387,-0.252553376144827,0.400060498931292,-174.875473739036,98.4956623122173,12.2954155295458,-4.99813475119586,3.37738596825271,7.56418611003504,-41.7682854150843,156.301225704856
278,2.77,28.397,-0.254059250332896,0.411069855153924,-174.882735795845,98.4814403404087,12.298079886794,-5.04503675803258,3.36365089227902,7.57043522930933,-41.752610943815,156.327325832948
279,2.78,28.407,-0.243995651979349,0.393596315187383,-174.886721424826,98.4627861360829,12.299532866996,-5.05726722739269,3.38321750187151,7.54890249218132,-41.8015826386143,156.339895809941
280,2.79,28.417,-0.243174951986301,0.403697155742832,-174.883033318786,98.4620323555248,12.2895847903867,-5.05986255632957,3.37268998895917,7.55413055937917,-41.7864331048257,156.344130542973
281,2.8,28.427,-0.236430588132107,0.400586213205078,-174.902611588247,98.4522638624325,12.305157718349,-5.06458415188301,3.4110034125393,7.55710569438163,-41.7822831358828,156.33341026973
282,2.81,28.437,-0.250692939958514,0.389813777110994,-174.903096814688,98.4725826941353,12.2791184161373,-5.049136792672,3.39330795283134,7.54134201923321,-41.7352676867298,156.317343917538
283,2.82,28.447,-0.266864702266656,0.390446619691803,-174.903891442697,98.4889945917071,12.2719234644403,-5.07719420703072,3.38180686837281,7.53484303960481,-41.7010041149872,156.344792294551
284,2.83,28.457,-0.253610599993556,0.395666569417347,-174.893696471809,98.4764008759922,12.2442613821723,-5.10050504172643,3.39488307288693,7.54410362889182,-41.7503404547536,156.346590491033
285,2.84,28.467,-0.265975514181184,0.386346240246154,-174.898151409861,98.5078261869881,12.2581625491307,-5.0909602200714,3.39337138478851,7.52982502728942,-41.6645958260858,156.325646660742
286,2.85,28.477,-0.27138129704888,0.389837689562156,-174.8967970151,98.5385766992768,12.2350559790105,-5.10790808087097,3.39612409919316,7.53290746059207,-41.6068479366554,156.320124952824
287,2.86,28.487,-0.278321510454758,0.399183487968905,-174.863471404518,98.5533827341805,12.1582446030524,-5.12614396050669,3.36760603481672,7.5399639527677,-41.6409340067342,156.356016488221
288,2.87,28.497,-0.289958940352699,0.411094681562318,-174.85317947604,98.592952001986,12.125124037417,-5.15819360684317,3.35175999961174,7.54240296015931,-41.607660680331,156.375038161019
289,2.88,28.507,-0.302665699708956,0.4021701161227,-174.832144546853,98.6130746227981,12.0910009830938,-5.10112125414918,3.33827754982061,7.52075955253832,-41.5271713458451,156.37922686204
290,2.89,28.517,-0.315915197102532,0.416023571632055,-174.840123732285,98.6354360973743,12.0518996235284,-5.12087820888804,3.34789434540873,7.53227347746869,-41.5445778802746,156.383132878671
291,2.9,28.527,-0.31392109873028,0.410059413517531,-174.825848750171,98.6405323857385,12.0221136928768,-5.10583687832349,3.34070329553041,7.51969652197566,-41.5014784747975,156.378993075856
292,2.91,28.537,-0.307775702658237,0.424834504818403,-174.824105753273,98.6207271465809,11.9653830853902,-5.12071441320557,3.35694985721317,7.52232028670979,-41.477525765888,156.395479185892
293,2.92,28.547,-0.304538246619951,0.416417204450461,-174.819720497381,98.5744493756892,11.9381645553156,-5.11780281534615,3.3677495182134,7.50315617790868,-41.4555922971558,156.398265982408
294,2.93,28.557,-0.308724335988618,0.415737014103112,-174.822706443878,98.5264676737637,11.872702722907,-5.1067022241024,3.38303490895486,7.49140184079527,-41.4213868364197,156.415098385091
295,2.94,28.567,-0.308209274420674,0.42427372761488,-174.814824426841,98.5048566210498,11.7770326527759,-5.11116004897192,3.38231641236916,7.48413870252164,-41.3742318724539,156.419312223328
296,2.95,28.577,-0.30086363118497,0.432838345981784,-174.80250013143,98.4812730926371,11.6730096796118,-5.11753400493343,3.37979684250915,7.47119349605979,-41.3830130194993,156.455606437117
297,2.96,28.587,-0.291117578303103,0.447185611187242,-174.795942884135,98.4813049354079,11.5417700444594,-5.13122724796455,3.39244626642824,7.4774853025454,-41.3076309814843,156.467186644571
298,2.97,28.597,-0.307824173952821,0.445754408131374,-174.801055074419,98.51948497726,11.4461095323387,-5.10448158913411,3.38558422123968,7.45094347786441,-41.3062144574354,156.465067035024
299,2.98,28.607,-0.288939577955186,0.468059919349808,-174.787708314448,98.5377746893768,11.3116571421861,-5.09197256689755,3.38332989905967,7.4414766416523,-41.3300385188324,156.539803543392
300,2.99,28.617,-0.304653336522214,0.480348862820022,-174.776231607133,98.589319441626,11.2228314506736,-5.04947421918986,3.37682042550142,7.44707280492247,-41.2714766476288,156.531075455373
301,3,28.627,-0.293251830792276,0.485450597291431,-174.772754807489,98.5945583173521,11.116804944223,-5.01943008267773,3.38771353821489,7.42844075100459,-41.2383888000807,156.570406710326
302,3.01,28.637,-0.298160000458413,0.497614667841395,-174.768486633575,98.6194956839791,11.025422476438,-5.01461901520629,3.39000293475664,7.41935884765488,-41.2618952996418,156.588679542819
303,3.02,28.647,-0.301017945120854,0.518881923438453,-174.781617154346,98.6442392907476,10.954307758947,-5.01178702754027,3.40459371871883,7.42996252581722,-41.194467959926,156.582903191027
304,3.03,28.657,-0.289406844031526,0.52797498164642,-174.778359228019,98.658255157321,10.842066238521,-4.99687080619257,3.41361061965382,7.41728442093141,-41.1499663041451,156.661172208466
305,3.04,28.667,-0.28862172921057,0.53517768311499,-174.77753530937,98.6539400420133,10.7495160452183,-4.97651887165895,3.42887608127797,7.40768639019507,-41.0803373859726,156.662280137733
306,3.05,28.677,-0.281145199960278,0.559344363506532,-174.798521626304,98.6501930066159,10.6720022101925,-4.95064238370982,3.47070479095059,7.41861959545868,-41.0445741983172,156.661484715411
307,3.06,28.687,-0.26996865293811,0.559880862558157,-174.798681877043,98.6563362074525,10.5550738400559,-4.92124188921163,3.49138318836942,7.41218022754318,-41.023549141429,156.678045365588
308,3.07,28.697,-0.281404178540497,0.588179718382144,-174.790931833105,98.72112174791,10.4683744339009,-4.88602812412222,3.47025973774113,7.42525611153643,-41.0377052831525,156.705038168012
309,3.08,28.707,-0.286986542864957,0.613541027436905,-174.821282212586,98.7825981755944,10.367001729037,-4.86641749012392,3.49712241968637,7.43891108356067,-41.0055322986175,156.722511315979
310,3.09,28.717,-0.277046203215413,0.622433660902447,-174.81955686515,98.8416327898203,10.2616946959579,-4.81735538224746,3.5037514956607,7.43866210075285,-40.977581523785,156.742526830645
311,3.1,28.727,-0.283702600356285,0.634956493238563,-174.839153128702,98.900106421409,10.3080702608795,-4.81824646272531,3.52319038724087,7.43683272752612,-40.8074495191368,156.717139632614
312,3.11,28.737,-0.289454315413822,0.664650769839639,-174.847187714751,98.9572047353243,10.1708999925175,-4.8128872745248,3.52209767753552,7.44289511138274,-40.7909643099325,156.787305795653
313,3.12,28.747,-0.281838787437455,0.6744122162908,-174.861884817681,99.0471579653635,10.0715486533318,-4.78304343123334,3.55902470322584,7.43996406556937,-40.69926561103,156.761066561989
314,3.13,28.757,-0.26640170735865,0.691590636712411,-174.873060863461,99.0681690751928,9.96121090304009,-4.75963875634953,3.5907300028392,7.43991105382826,-40.5824854216893,156.77270146026
315,3.14,28.767,-0.25868950706508,0.707243315377742,-174.874887872981,99.0921102391861,9.83733916146572,-4.7550007638724,3.60866225404689,7.43584319027854,-40.5434388130896,156.751416768382
316,3.15,28.777,-0.255810845217802,0.727133683184158,-174.897791687121,99.1212632158972,9.75535738207621,-4.7059991234172,3.64557472188075,7.4488939930683,-40.452524620039,156.773271938775
317,3.16,28.787,-0.24563213688946,0.734441612596344,-174.89556535153,99.1253148477004,9.62609620499941,-4.69191883010853,3.65741873140122,7.4305196845322,-40.3957845173237,156.805635630751
318,3.17,28.797,-0.219705092415862,0.744746811545872,-174.917618442629,99.1163073379516,9.50040589055793,-4.66291325233575,3.70857769681938,7.43154558589048,-40.3537922828219,156.785824932635
319,3.18,28.807,-0.230494977756182,0.744443001326202,-174.920583070384,99.1410990696558,9.38252702949969,-4.63278344699702,3.68673188013693,7.3986085408386,-40.3425825352938,156.833819907835
320,3.19,28.817,-0.229872013388375,0.771167393764664,-174.940644180393,99.1542452846885,9.26869488527127,-4.59644164421851,3.71736857749374,7.41620774548634,-40.3346015375657,156.83670887019
321,3.2,28.827,-0.216483606879291,0.792653553733438,-174.95700454814,99.1447278198351,9.1592502481447,-4.56332562981942,3.73223315179797,7.4156367551304,-40.3110204981734,156.843497678288
322,3.21,28.837,-0.222973750054845,0.788082230191566,-174.972544623657,99.1588136969471,9.07202661427113,-4.47913169843629,3.73937500970928,7.39429689615455,-40.304113322993,156.831284470021
323,3.22,28.847,-0.222292576381399,0.811011922072384,-174.978980373143,99.1585105225036,8.99862348825698,-4.47209210978153,3.73513570992579,7.39533422914889,-40.2839328293017,156.856897501332
324,3.23,28.857,-0.199760035502555,0.822220160196223,-175.006492222307,99.1387873888893,8.94837413391353,-4.45495811903561,3.77441581960165,7.39937936607153,-40.225081207589,156.862065467048
325,3.24,28.867,-0.174170423630974,0.83005245660768,-175.025862524916,99.1188322747599,8.86854739225581,-4.43486604493026,3.80584128276925,7.39630761987708,-40.1506853812909,156.860940040131
326,3.25,28.877,-0.170462448812472,0.838447770745337,-175.050609386181,99.1222603860773,8.84160753823717,-4.4118633648185,3.8090294485101,7.39176009979737,-40.06168914847,156.879128525064
327,3.26,28.887,-0.161319919351681,0.857362801264101,-175.070993012246,99.1359324234093,8.81298379194551,-4.40034808836825,3.80804916788721,7.406214225177,-39.9767298612512,156.906807445529
328,3.27,28.897,-0.152652693993118,0.853885393193431,-175.08819993028,99.1411403236428,8.77504564325045,-4.40539181627448,3.80612890033017,7.38364415018575,-39.9178015124443,156.917430092572
329,3.28,28.907,-0.149745226960881,0.859996975159451,-175.110967271719,99.166963198971,8.71444883110047,-4.36757629784928,3.79820700231054,7.37768829985799,-39.8796435141783,156.960843702842
330,3.29,28.917,-0.125899643083632,0.874906569542549,-175.130654768649,99.1661318614083,8.66249915209239,-4.35284798937731,3.80899014195417,7.37965326154937,-39.8597425311451,156.988112090564
331,3.3,28.927,-0.118233333553879,0.890655587883391,-175.137885359945,99.1853336414654,8.56209706572265,-4.34525296069379,3.79292614994196,7.38284232398171,-39.874377904826,157.022981409918
332,3.31,28.937,-0.109955579130562,0.895178807027253,-175.160063391513,99.2093855348901,8.50307807136053,-4.30516429660114,3.79877521842396,7.36739996747603,-39.8199915111688,157.015732791342
333,3.32,28.947,-0.0911243519548257,0.911593100463725,-175.164363326568,99.2301381719804,8.41019363479634,-4.29600112797955,3.79372474592225,7.36937339222636,-39.8491584871716,157.061131990482
334,3.33,28.957,-0.0881494038478398,0.91107113237037,-175.188121343795,99.2406562395464,8.32815822675291,-4.28557423346188,3.80536719846574,7.35766994660649,-39.7864485539796,157.03597717175
335,3.34,28.967,-0.0706481503668305,0.919392456810205,-175.219477327472,99.251635978699,8.2962789270091,-4.27766425178463,3.82983757831866,7.35523250787821,-39.7254449228742,157.053710144974
336,3.35,28.977,-0.0490199532256873,0.927560489734168,-175.235380045203,99.278418203596,8.23132928990352,-4.26131257909638,3.83717871750634,7.34912806412948,-39.7629355869488,157.080478495221
337,3.36,28.987,-0.0464992069267804,0.936734113754114,-175.25444251728,99.3215794256894,8.20080216565718,-4.24030969037836,3.83157742841008,7.3388933460352,-39.7306663309511,157.101747046867
338,3.37,28.997,-0.0459855935072088,0.926138076721143,-175.2796448287,99.3709913063901,8.14474590481741,-4.1844626823781,3.83394098647153,7.31579741193057,-39.6885975648771,157.11827215528
339,3.38,29.007,-0.0363676762835261,0.926978785777009,-175.302014640678,99.44646202355,8.10292595677046,-4.15923948629877,3.82743387343687,7.28668939767492,-39.7085959651195,157.1624644315
340,3.39,29.017,-0.0203661858904128,0.935235406020361,-175.316997775768,99.4888504441895,8.03101424387523,-4.14194932147246,3.83375224228287,7.28132200653444,-39.6723590038146,157.202244220808
341,3.4,29.027,-0.00418511398805,0.941360564975971,-175.350649865546,99.5481312321982,7.9814219507192,-4.1538227599247,3.83917274995227,7.25128139779442,-39.6868593245429,157.245874675489
342,3.41,29.037,0.00324122364166494,0.939703023394414,-175.388920722884,99.599061858061,7.94370769000725,-4.08829102927112,3.8468108708535,7.23615372804752,-39.6337008983011,157.297384180839
343,3.42,29.047,0.020475615972309,0.945476303123677,-175.4063695818,99.6327567300123,7.90083062105384,-4.06542394999383,3.84861200437988,7.23490382034001,-39.6583718251725,157.323493997927
344,3.43,29.057,0.0268235848652849,0.948240099435201,-175.452528401364,99.6456008753519,7.8892436907897,-4.06985965067161,3.85302906006436,7.23344427943536,-39.6545547318427,157.340411563543
345,3.44,29.067,0.0460502939567414,0.943963378164223,-175.488947366438,99.6387350452478,7.84495890463015,-4.06086488994776,3.86759023682278,7.23000448253831,-39.6470813542181,157.38769051285
346,3.45,29.077,0.0468070112585659,0.935816245548691,-175.534216797347,99.6460343528675,7.82290843173206,-4.06401621409181,3.86360978209639,7.22173615235948,-39.6221940963519,157.41128906597
347,3.46,29.087,0.0618214832097065,0.945336075540832,-175.597604610343,99.6097855404917,7.81029190690397,-4.08430502351585,3.90218747569344,7.24542073254363,-39.6335381824494,157.387194399185
348,3.47,29.097,0.065158129025028,0.948859819131386,-175.643005763454,99.5877400574003,7.76874607391196,-4.09396484563011,3.900555553358,7.26369320997878,-39.6096307512373,157.393921446391
349,3.48,29.107,0.07348015021982,0.943333615301965,-175.703376746241,99.5745517547572,7.73236509162351,-4.09267348009523,3.9059285854585,7.2740125912939,-39.7018806343509,157.441978123896
350,3.49,29.117,0.072276325437215,0.935531575138176,-175.750880978643,99.5580143531356,7.66448915664507,-4.09721250424649,3.89572619493362,7.28159747306227,-39.7651664481886,157.450792360072
351,3.5,29.127,0.0555319934520434,0.956771035934392,-175.815818367725,99.5712834266962,7.63837865388284,-4.11301177503656,3.87157577478524,7.33695582112063,-39.8528741165511,157.468341767694
352,3.51,29.137,0.0456087525708815,0.937086053891489,-175.889790268161,99.5744690409883,7.64500047608777,-4.12070679223244,3.85982976007802,7.34518883259171,-39.9248620113877,157.466708355162
353,3.52,29.147,0.0379778293319767,0.922366557818404,-175.963836544085,99.5576424770267,7.59727529824944,-4.10365760724002,3.86146856301919,7.36727218461643,-40.0352498289194,157.476732481213
354,3.53,29.157,0.0645459521092941,0.896569197109204,-176.050820610596,99.504239495436,7.58915400502777,-4.11212933739875,3.87595184298968,7.38710364823111,-40.1710570198544,157.50647880847
355,3.54,29.167,0.031167626203983,0.891954960969875,-176.136740849671,99.4922915941815,7.55619308383146,-4.12345882140544,3.83980640142342,7.44128962790589,-40.3400673954847,157.492012985407
356,3.55,29.177,0.0144657126917651,0.883882363712494,-176.24366490494,99.4815481287867,7.55808848304553,-4.10535084994533,3.82659415751847,7.48731902456515,-40.4137256660716,157.494960629574
357,3.56,29.187,-0.0134673676096706,0.881495444583813,-176.353519278285,99.5024961232491,7.55607055298814,-4.11910758831488,3.77794893677706,7.54421588592756,-40.614989715817,157.514925782902
358,3.57,29.197,-0.0324707005338735,0.862694960272536,-176.442421754297,99.5213609021533,7.5100083986626,-4.12306116059431,3.70477571370791,7.60094744887368,-40.8152908249895,157.552788387879
359,3.58,29.207,-0.0348642023954321,0.859261920024447,-176.557781545575,99.5360236051717,7.51849652325417,-4.12991795905724,3.65550349011564,7.68292315746227,-40.949226477985,157.580037265246
360,3.59,29.217,-0.0243394162488641,0.831414192652606,-176.677598658869,99.5447682873006,7.54770460794961,-4.13161806057992,3.59159782302716,7.74747391914735,-41.2337785551184,157.711399413463
361,3.6,29.227,-0.0254411901751448,0.796408599577959,-176.799827008521,99.5503944867942,7.55252578230022,-4.12292916691627,3.49755144334048,7.79519889885192,-41.4945306471794,157.77018670937
362,3.61,29.237,-0.0366155286194361,0.775312269482706,-176.94220688887,99.5725447296926,7.55174844603124,-4.10054322264452,3.40748904278046,7.86803836545579,-41.7984917241981,157.833214229317
363,3.62,29.247,-0.0143543368939341,0.7698169992183,-177.094514226786,99.5503823803447,7.54565990071848,-4.13849429700712,3.32805703813634,7.96786325174324,-42.0552739152508,157.943332076391
364,3.63,29.257,-0.0349990001642263,0.727251844541369,-177.253460287748,99.5800171538544,7.57427730338055,-4.11742873255496,3.1908282730982,8.03401404268934,-42.2031933656897,158.069537736859
365,3.64,29.267,-0.0267169776975164,0.711915229474147,-177.416102626879,99.5756783983632,7.58900870615671,-4.12006802732581,3.08001334218307,8.13943117774668,-42.5125240590835,158.166905204098
366,3.65,29.277,-0.025955533273303,0.678537297109819,-177.57771555694,99.59369947438,7.66231847680686,-4.09522304509706,2.90420101818405,8.21285464179535,-42.8670881771694,158.34919006053
367,3.66,29.287,-0.015928857864342,0.652303909721602,-177.753292817846,99.5946100517135,7.73471589918133,-4.07630596481859,2.73959361826515,8.30218472186843,-43.1711166050718,158.471446596089
368,3.67,29.297,-0.0139224012450409,0.624057373735465,-177.909349995438,99.6036621699733,7.72530247245525,-4.10761002766146,2.53023419415291,8.39834316050388,-43.5431821252942,158.644843770155
369,3.68,29.307,-0.0248237588373463,0.597850289068951,-178.117756649568,99.6338499351515,7.77508233369861,-4.11263298193261,2.33158784317223,8.51424547831945,-43.882543932369,158.790426563313
370,3.69,29.317,0.00873259130565616,0.580402019331233,-178.295846565951,99.5915988305953,7.7983948820407,-4.12437303858357,2.12129237148224,8.64401167678383,-44.2619929350983,158.962637763513
371,3.7,29.327,0.0060127981865499,0.535658526523335,-178.473137627388,99.6038161985429,7.87485879477165,-4.08905367895227,1.86293451907738,8.75725909166972,-44.7166687219873,159.109185142763
372,3.71,29.337,0.0229229178406598,0.499713701306613,-178.676330859965,99.5872155613451,7.93088641128302,-4.11586952204052,1.6462871509001,8.90946378457553,-45.0138859241237,159.163679099848
373,3.72,29.347,0.0459106700696083,0.473256976615211,-178.866978049962,99.5762174751922,7.95700732381276,-4.13830043502442,1.37443767938033,9.06263898565849,-45.4222532450758,159.2535570726
374,3.73,29.357,0.0598000441009829,0.430958111090445,-179.045312237186,99.5600479858917,7.98823654445694,-4.15254606519334,1.08792183460271,9.22292115675372,-45.8395592249106,159.334204862803
375,3.74,29.367,0.0526597087818575,0.420617011711385,-179.214501361138,99.5784921363213,8.03976284229007,-4.17352800026566,0.723163386993163,9.4243082572461,-46.2750315115543,159.437229542118
376,3.75,29.377,0.0763448903617863,0.377699779071926,-179.38320069871,99.5474582903169,8.09996137621893,-4.16477275402018,0.376432002526307,9.6210692010187,-46.7205517877257,159.497406471354
377,3.76,29.387,0.104944118741073,0.349604983312525,-179.53973898615,99.536362245681,8.12981689216207,-4.13548644217732,0.0111737185559471,9.8200567778149,-47.2688472776198,159.560113030516
378,3.77,29.397,0.124522417028582,0.311215440546524,-179.705938408925,99.5169898196677,8.17258680087175,-4.13424554159703,-0.375849755498928,10.0180191858973,-47.8299670159666,159.622047579939
379,3.78,29.407,0.161745368519121,0.276409572842855,-179.854480710965,99.475469479492,8.17456665900073,-4.15448294047242,-0.819479641500823,10.2326573286295,-48.4179755333107,159.753065769195
380,3.79,29.417,0.175918459628872,0.232441192928502,179.978782115736,99.450206271907,8.22929331375873,-4.15216873943391,-1.25616880008824,10.4540607653315,-48.9539431300199,159.786473297236
381,3.8,29.427,0.18429058741271,0.197528796013015,179.813617178349,99.4189475930939,8.26804866929728,-4.1783485599839,-1.71588164559126,10.6743330572125,-49.5604197727466,159.849988772806
382,3.81,29.437,0.206959861313586,0.171600869145378,179.67034942107,99.3714531270526,8.26178967096902,-4.1933140321711,-2.19922560228634,10.9186166810014,-50.0410212808118,159.875569991327
383,3.82,29.447,0.225173957279609,0.135009350945431,179.504798969144,99.340959413619,8.2998407864643,-4.14245726897071,-2.65688055462148,11.1464506307827,-50.5051007750759,159.871165962356
384,3.83,29.457,0.241989123111157,0.089712588896883,179.336490828049,99.300857126086,8.3639625712004,-4.10785934441101,-3.15853738835689,11.3654534959312,-50.9390381188148,159.858028640046
385,3.84,29.467,0.274908417730648,0.0608670827234737,179.175799390908,99.2696961400964,8.39821615937144,-4.10055987344669,-3.66087720652385,11.6168442945829,-51.2508193274586,159.854901563324
386,3.85,29.477,0.288797975575777,0.0306664991393993,179.017093921725,99.258088163925,8.40248468609908,-4.06884277084032,-4.2063932919426,11.8660345131143,-51.6075882122091,159.840925266498
387,3.86,29.487,0.33713124670717,-0.00390239965320864,178.866406874849,99.2068129620677,8.4575458862182,-4.0696404201342,-4.73033653162223,12.1043969445617,-52.0255822043326,159.807854752634
388,3.87,29.497,0.352561330678211,-0.0339056251749005,178.727621917046,99.193904540063,8.49507000782145,-4.01786105601071,-5.32645132959686,12.3649834593513,-52.5295310465433,159.820647214401
389,3.88,29.507,0.380107954171351,-0.0678546033963106,178.57614252653,99.1769602583901,8.52266789433445,-4.0150773996019,-5.90212140398542,12.6600681956924,-52.9544775446347,159.731048450212
390,3.89,29.517,0.407402660098723,-0.114403724297361,178.445925667703,99.1593508505936,8.55534587454951,-3.99993191033278,-6.46748326923964,12.8914120187801,-53.3309144173816,159.595667743715
391,3.9,29.527,0.428194324131264,-0.161641704876585,178.336846078081,99.13619935754,8.58853561491987,-3.97719461413029,-7.11035205011606,13.1656370726471,-53.7704281195694,159.498658446337
392,3.91,29.537,0.45723081161542,-0.209089363328354,178.198256609789,99.1086232625713,8.69329842247011,-3.95339245773679,-7.76755810562104,13.4351193869287,-54.3301406917851,159.463097467553
393,3.92,29.547,0.498188384369606,-0.249339918409634,178.08781103206,99.0731697481028,8.71913282995633,-3.95304969400417,-8.44409724376681,13.708034388863,-54.8094318909618,159.418073215883
394,3.93,29.557,0.541109558668544,-0.267532770750273,177.966962399019,99.0234709698988,8.76983942293011,-3.93249226599247,-9.11672438439387,14.0204552348717,-55.2926632708075,159.338430378465
395,3.94,29.567,0.562628336276236,-0.293565364406198,177.867545115228,99.0091371529524,8.75363064333659,-3.97162349078969,-9.85636979917819,14.3126356070974,-55.7128485667294,159.337929497078
396,3.95,29.577,0.614050881468479,-0.316148306826202,177.78949494258,98.9513613521668,8.80661227334085,-3.92701814549449,-10.5982163021332,14.5883353454545,-56.1427565736173,159.332805401153
397,3.96,29.587,0.667016405635154,-0.352165062281629,177.704356762174,98.9155928710369,8.77852805162464,-3.97662725624177,-11.3495210305864,14.8478142144425,-56.6433666381579,159.337385466695
398,3.97,29.597,0.700208341467656,-0.38462442578681,177.623293444173,98.8895705699782,8.75230224393111,-3.96775013320196,-12.1378707138012,15.1118855283876,-57.0568124832263,159.347086343843
399,3.98,29.607,0.756010144297504,-0.425752329312997,177.542936046418,98.8440609377072,8.78120820486597,-3.91143347723591,-12.9325158866536,15.3582971061727,-57.505098736184,159.382486816299
400,3.99,29.617,0.797757213065242,-0.457438101367744,177.447416835551,98.7822351713319,8.82898781399295,-3.88438411652013,-13.7098845354615,15.6309838934519,-57.8175192974075,159.349188640811
401,4,29.627,0.842773609308446,-0.481652800942831,177.399776838994,98.7263195691668,8.82780451808879,-3.83812072030369,-14.5261246344152,15.8698538603932,-58.2275548640796,159.341413817134
402,4.01,29.637,0.967998613592732,-0.520123842232252,177.285712817367,98.5798285092525,8.87217081001748,-3.81161133137713,-15.2125591678219,16.129401285124,-58.4366472412008,159.275606086246
403,4.02,29.647,1.03438121973984,-0.545262561516946,177.196002242389,98.5060999180223,8.93788051235887,-3.78961851958664,-16.0014199062684,16.3735110501607,-58.7798079760661,159.250594078166
404,4.03,29.657,1.08447039000899,-0.588909724659612,177.111865046623,98.4491703833513,8.96917737878047,-3.79225866744421,-16.8004277911051,16.6141853502474,-59.019378082518,159.230900002881
405,4.04,29.667,1.11921384599903,-0.615931242836705,177.040532761283,98.4171255800497,9.07392689317705,-3.74861741011357,-17.6220373049964,16.8562973766071,-59.3275016453445,159.203627825774
406,4.05,29.677,1.17885152854344,-0.648449069735724,176.964451539483,98.3621329749029,9.13890874102735,-3.74037167437151,-18.4229909708562,17.0870641246387,-59.744037279503,159.168383542759
407,4.06,29.687,1.23913407727102,-0.67854184958619,176.885009242499,98.3093616617739,9.17372103042332,-3.74722917319585,-19.207999221364,17.3251090490095,-60.0735114590058,159.089679443122
408,4.07,29.697,1.28588371338401,-0.711938268256412,176.790499305455,98.2560496359609,9.23020203012361,-3.72906016332924,-19.9840629039723,17.5470981281,-60.3695205569615,158.994529509832
409,4.08,29.707,1.33850395779653,-0.755001767746026,176.703941232895,98.1932983660421,9.26932903450944,-3.70314615840454,-20.7306187413162,17.7495230234301,-60.5789254762638,158.86871009338
410,4.09,29.717,1.37872109286229,-0.789297103969919,176.629390550521,98.1473281408934,9.31085191352379,-3.65715246287765,-21.5239889151071,17.9347222419658,-60.8107488294585,158.793672725493
411,4.1,29.727,1.38783976393963,-0.824828159222359,176.551609846286,98.1322581943981,9.3902549864546,-3.62898676996053,-22.3692548144097,18.1425237847941,-60.940198272141,158.724096212943
412,4.11,29.737,1.41382420794986,-0.840621043211888,176.435892789073,98.1067025037356,9.44483989366244,-3.65226078584055,-23.1075861167647,18.3746829986381,-60.9566806240138,158.575214027253
413,4.12,29.747,1.42835343225816,-0.859895783676858,176.366608237545,98.1011588617917,9.45680480837703,-3.64521548319815,-23.8972746255985,18.5565841294969,-61.2592439457194,158.469851901232
414,4.13,29.757,1.45286602772403,-0.870899365368445,176.268974271601,98.0897134064918,9.49238437580995,-3.63888195622425,-24.6719336856,18.8084658177186,-61.6378176877706,158.310153888076
415,4.14,29.767,1.50086070074738,-0.899103027610652,176.191196471169,98.0561843078734,9.51902388357892,-3.61709876780787,-25.4245228023024,18.97966066457,-61.8149996980638,158.236489751086
416,4.15,29.777,1.5253297591894,-0.933516681324229,176.130080240315,98.0405445122198,9.53852647152839,-3.60261832438225,-26.2429930606862,19.1408793489499,-61.9292917767295,158.171914453
417,4.16,29.787,1.56055502073805,-0.953474363239298,176.037285714338,98.0177779532618,9.5993767716722,-3.55174284035946,-26.9693692843163,19.3213360851783,-62.0362951037861,158.042752290218
418,4.17,29.797,1.57749040204617,-0.969591837322052,175.956623209774,98.0055522040065,9.63047186371955,-3.55420172980707,-27.7116402376625,19.4967537454969,-62.2244265211063,157.930070621379
419,4.18,29.807,1.60564121277073,-1.00364367914105,175.868215212111,97.9527982707866,9.66004949135379,-3.52366598515045,-28.4098482707645,19.6468800903195,-62.3144844563847,157.814698967069
420,4.19,29.817,1.64028698884568,-1.01694151621226,175.786740504758,97.9088277566454,9.6639204955767,-3.48700196473325,-29.1145327041307,19.8134584470757,-62.3851746039292,157.717807300414
421,4.2,29.827,1.6765613392182,-1.04152773873473,175.727809591035,97.8727852272967,9.67591806293298,-3.4625147132828,-29.8070058179782,19.9392921281877,-62.5839745547309,157.643642898166
422,4.21,29.837,1.70162134581387,-1.05533234655562,175.650212790529,97.8465951844245,9.71263955242539,-3.44256457913274,-30.5156439881977,20.0947851361999,-62.807561236117,157.600658761296
423,4.22,29.847,1.75017182428432,-1.07542296018364,175.586081109776,97.7976746291937,9.725423857358,-3.41762156007654,-31.1884046158783,20.2169531242897,-63.0852778421037,157.55596166877
424,4.23,29.857,1.78176557856209,-1.10832260522182,175.505006019882,97.7542351894125,9.80421805104227,-3.38114682279193,-31.8371005107295,20.327005396756,-63.174561345208,157.473568021142
425,4.24,29.867,1.81357067280874,-1.12878773060842,175.425274499437,97.7215368205597,9.84944023796945,-3.37818396088888,-32.4872612654656,20.4528274413448,-63.3127555590386,157.436482793816
426,4.25,29.877,1.84365264462898,-1.1450448657062,175.352797200307,97.7001092833764,9.85959062395874,-3.34148974931758,-33.114062148829,20.5659802490021,-63.4021121558115,157.350118895462
427,4.26,29.887,1.88003273240697,-1.170279788763,175.286023975288,97.6651467722247,9.89154793905724,-3.3245455379665,-33.7455034679663,20.6799115104064,-63.5254210665113,157.29168649798
428,4.27,29.897,1.90993544388774,-1.18734164680195,175.220295829711,97.6342630337679,9.92583096972941,-3.31697269794097,-34.3579801741812,20.7931422744319,-63.6984855581053,157.225267868931
429,4.28,29.907,1.9269657830727,-1.19850682134818,175.15713873324,97.6122465246572,9.94839019451556,-3.32335663426064,-34.9821446346759,20.9273633893084,-64.0346453449294,157.122186401747
430,4.29,29.917,1.97282074327964,-1.21124291228198,175.090919639459,97.555834735672,9.97824371515488,-3.32406318264116,-35.5636320806811,21.0718002551431,-64.5126714686081,157.008347771002
431,4.3,29.927,1.94860197996592,-1.25156049232619,175.013298983404,97.5726870470596,10.007594952266,-3.29105099281272,-36.1132062182093,21.2093116039639,-65.1134317842308,156.804538485657
432,4.31,29.937,1.96946421859158,-1.2804104065131,174.952362427383,97.540367448168,10.0247312846438,-3.29199289645329,-36.7623222943627,21.2034593131963,-64.5182594365609,156.961881154977
433,4.32,29.947,1.99434460947943,-1.30234098440513,174.900371272027,97.5051289977738,10.0318988256803,-3.27237290598263,-37.3324356848951,21.2787718793587,-64.6534472339115,156.901345225862
434,4.33,29.957,2.02099257338163,-1.31120081788917,174.852982260409,97.4613650528882,10.0317451048742,-3.2489894988674,-37.8922509393573,21.3619223891935,-64.8680417570066,156.854759434276
435,4.34,29.967,2.03911039588351,-1.32898692937369,174.803967178649,97.4525918581827,10.0464335897683,-3.22039701032733,-38.4418188418631,21.4587347729583,-65.0640667408323,156.764583609944
436,4.35,29.977,2.06371443780587,-1.33944880697906,174.75879513703,97.4208486733161,10.0536025117653,-3.20447929772424,-38.9654218712842,21.5462879657492,-65.1085928381562,156.665467407015
437,4.36,29.987,2.08831454579406,-1.33553053752386,174.72454497326,97.4060488174684,10.0567275057811,-3.19241767622492,-39.4805347210612,21.6402402821267,-65.2734897953531,156.572900926867
438,4.37,29.997,2.11467667018511,-1.34294302518367,174.679597928526,97.3805403733939,10.0371374574091,-3.19104709915879,-39.973931434471,21.717405764849,-65.3371221602729,156.500916593005
439,4.38,30.007,2.14742027351664,-1.362374295844,174.643063102062,97.3537093592124,10.0349175968876,-3.16398127213965,-40.457925651868,21.7974298211749,-65.4818443981111,156.41978576892
440,4.39,30.017,2.16797836943246,-1.36454813800516,174.612548260152,97.3298973957354,10.0249910831224,-3.15786185040499,-40.9550126461055,21.8703658559497,-65.5695058205107,156.365860100893
441,4.4,30.027,2.23713965046061,-1.34057954614692,174.578334432287,97.2488915318994,10.0235528135386,-3.15255589632388,-41.3820342003831,21.9540000568322,-65.7147255865576,156.304850251002
442,4.41,30.037,2.2588043590841,-1.33662701613252,174.539131656756,97.2341984565179,10.0170886828781,-3.16578236778129,-41.8473193268479,22.0478744754874,-65.8420844498399,156.267227703944
443,4.42,30.047,2.26917466751507,-1.34268995898222,174.505669723644,97.2198519414833,10.0330593483695,-3.15433231158992,-42.3344408386062,22.1032237925386,-65.900161298735,156.240331288699
444,4.43,30.057,2.28877834108909,-1.35343927403384,174.480006254411,97.2060990783236,10.0099324256349,-3.10102825766366,-42.791009901434,22.1663065446251,-66.0888377485645,156.201242204731
445,4.44,30.067,2.2967233199595,-1.36711245750566,174.464948867741,97.1928748790175,9.98791577971441,-3.08405455843054,-43.2643694840604,22.2134038540498,-66.1997649258743,156.172330075004
446,4.45,30.077,2.32555981714676,-1.35958240843856,174.447272198667,97.1538823761272,9.98323837808644,-3.09958329402447,-43.7100552283894,22.2743709394607,-66.1955027377449,156.14099897549
447,4.46,30.087,2.33384870018992,-1.37053811240957,174.423177156596,97.1523850818249,10.0006855528044,-3.07131811085788,-44.1472661366161,22.3464577978894,-66.4703450641233,156.120716784595
448,4.47,30.097,2.35215421374471,-1.36054114934429,174.407717586882,97.1325546150383,9.98485040054855,-3.04506214250867,-44.6140162735658,22.4108815671005,-66.4469807620326,156.13612943593
449,4.48,30.107,2.36681189745645,-1.36877663363757,174.392640933567,97.1005531853747,9.99482229491567,-3.05765488853783,-45.0341377174545,22.4741674724362,-66.6134165822262,156.089368974252
450,4.49,30.117,2.38187309983887,-1.37020672622473,174.392312649352,97.084796241943,9.97769272080979,-3.03538222745272,-45.4876824754368,22.5237672004932,-66.5918287927304,156.086756518818
451,4.5,30.127,2.39834306135556,-1.37303019642091,174.389578089854,97.0640643006305,9.9579543809064,-2.99873809287408,-45.9308169020129,22.566536708053,-66.8125584657516,156.114693755507
452,4.51,30.137,2.41334935110813,-1.37922367961983,174.396118765434,97.0371545637813,9.96347548786526,-2.99779082537694,-46.3641111598362,22.6096363975078,-66.8089962535665,156.121167864496
453,4.52,30.147,2.41641096612649,-1.38869907251915,174.372137881707,97.0255806975268,9.95953436869085,-2.94673208502685,-46.8610855484917,22.596848513173,-66.1257393559036,156.337164998308
454,4.53,30.157,2.42131275075762,-1.3823178396906,174.391172174678,97.0037895709786,9.95139085389359,-2.94950764008524,-47.3094956950646,22.6374573252154,-66.1596331992013,156.344831114151
455,4.54,30.167,2.43395580286342,-1.39369636882789,174.376091515557,96.979671095344,9.94600458268391,-2.90969003358496,-47.7009465720911,22.6935135193988,-66.1762437931575,156.350080109269
456,4.55,30.177,2.44074765118896,-1.3973963522854,174.395319939454,96.9544777635966,9.91049090590347,-2.89619937324424,-48.1158429341248,22.7434015032492,-66.1868372836904,156.318499223064
457,4.56,30.187,2.45863453265653,-1.4083413975024,174.380506034554,96.9265445489432,9.90353570574897,-2.86090441954551,-48.4909534114435,22.7915909372695,-66.1817613738389,156.32288043772
458,4.57,30.197,2.45511342795302,-1.39429976037125,174.355531951532,96.9267500426517,9.91307450558224,-2.87539504728032,-48.8759103943091,22.8917435864066,-66.2622548296044,156.311186641599
459,4.58,30.207,2.46778714038827,-1.40000720114201,174.347773880144,96.9066550500745,9.9274402835249,-2.85028824686907,-49.2475516978955,22.9443220612034,-66.3576150567419,156.332950018816
460,4.59,30.217,2.48604055990773,-1.40327514803579,174.352261283934,96.8953957699367,9.91381316730023,-2.83733396670049,-49.615139088371,23.0083883079086,-66.4996408591814,156.345258126511
461,4.6,30.227,2.49198923583102,-1.40404936695075,174.36244495064,96.882608775075,9.9065412910284,-2.81094795908391,-49.9793251339242,23.0595561689251,-66.6661038459964,156.346786355846
462,4.61,30.237,2.48940334069801,-1.41718718352746,174.363557386783,96.8902020654705,9.8969227476754,-2.79906510450304,-50.3477063694269,23.1168699918436,-66.7483841378167,156.375768592796
463,4.62,30.247,2.50512920429591,-1.42702155920117,174.371957543386,96.8593148741153,9.89901366325656,-2.77943681933446,-50.6877829110608,23.1658165541484,-66.8678459108982,156.384301218353
464,4.63,30.257,2.52401431838356,-1.43378101548592,174.366166064597,96.8318324100023,9.92327376934626,-2.79220266455702,-51.0111198228377,23.2358093064745,-66.919312281006,156.374923037833
465,4.64,30.267,2.52270588857265,-1.44153157937197,174.371024573623,96.8237529471616,9.93264242938499,-2.77593194595624,-51.3449923868462,23.2947435973085,-67.004526349327,156.349390030457
466,4.65,30.277,2.54160270728366,-1.44360771225562,174.358479750144,96.7973136976106,9.94901124489841,-2.77066403390189,-51.6429568146352,23.3668532686565,-67.0191182124628,156.34164974803
467,4.66,30.287,2.55400786090937,-1.44261607607447,174.366076371437,96.7739443604385,9.91884342861993,-2.77900817259167,-51.9612975975581,23.4433849243066,-67.0649810787766,156.331480541218
468,4.67,30.297,2.54981102455784,-1.44065099080325,174.35727894092,96.7670171236293,9.93178054628462,-2.76161941218514,-52.2915576414929,23.5231744540115,-67.1107661778585,156.345110413485
469,4.68,30.307,2.56397462562008,-1.45192944518425,174.360866882768,96.7482126783976,9.93670106304491,-2.74204875327183,-52.6011891903834,23.5749492612137,-67.1348694478244,156.358514195552
470,4.69,30.317,2.57199102788419,-1.45538243760089,174.376934906622,96.7356081862953,9.91439715397717,-2.72952535882059,-52.9279400194182,23.6330315925747,-67.2241541794996,156.387997299163
471,4.7,30.327,2.59065665642075,-1.45423433702699,174.420062328709,96.7249725516526,9.88532622970463,-2.7420571088892,-53.2899797198414,23.6792015744014,-67.3413139739775,156.436585918019
472,4.71,30.337,2.60341928122301,-1.44507685019344,174.467295024711,96.7194913228818,9.81546971431944,-2.75315726093702,-53.6347878934677,23.7106287673712,-67.4957628189644,156.489647310707
473,4.72,30.347,2.62261906505306,-1.45346079993931,174.470901772813,96.7211426744341,9.83648282606541,-2.72147112505482,-53.9173165791485,23.7447595103032,-67.5820183145434,156.53047612762
474,4.73,30.357,2.63212909363971,-1.46797507268334,174.442318830771,96.718665573904,9.85273077372103,-2.70700415763733,-54.1417515749412,23.8094561856292,-67.4568490856823,156.502171434512
475,4.74,30.367,2.65157907387609,-1.45512919437751,174.46319381256,96.7230787138233,9.85610692432851,-2.76106001223663,-54.4516905181139,23.8426454432351,-67.5253288705355,156.549472458324
476,4.75,30.377,2.67015504517916,-1.43583513604936,174.447876461519,96.7313940028232,9.85582482214399,-2.77195606280296,-54.6991857978018,23.9158802956789,-67.6176806229079,156.565947760835
477,4.76,30.387,2.68484175746868,-1.43703104127807,174.447743352691,96.7289498580841,9.88208771245942,-2.7760428564948,-54.9715769380867,23.9642240350068,-67.5759666286465,156.567414636966
478,4.77,30.397,2.68516828647441,-1.43712290201295,174.457797530117,96.7371741900802,9.86044765290804,-2.74724468776515,-55.2463125618371,23.9907382335777,-67.5589582271525,156.597302531484
479,4.78,30.407,2.68897857304773,-1.43922871261789,174.432357435409,96.7432596355327,9.87717972159128,-2.73859902980155,-55.4946546694788,24.0711127125485,-67.5763886531325,156.588663595985
480,4.79,30.417,2.69286728197041,-1.42597221959732,174.442730928385,96.7475297542583,9.88879699726026,-2.71519690640601,-55.7714221760968,24.1139301141878,-67.5960894285663,156.599431342268
481,4.8,30.427,2.70372530760848,-1.43009378291856,174.46154485633,96.738016515646,9.86819273501111,-2.68060980551626,-56.0320905609957,24.1312635516587,-67.587699277496,156.611855390168
482,4.81,30.437,2.71199098835855,-1.42475660887406,174.466969441776,96.7459027085314,9.8521738695259,-2.66743518233822,-56.2839202466926,24.1770790727029,-67.4954212650144,156.621605816804
483,4.82,30.447,2.71908872599384,-1.4191597948936,174.459999340238,96.7516378481507,9.87826827421737,-2.64325896404311,-56.5319031771017,24.2264369544005,-67.6281825546936,156.628055693585
484,4.83,30.457,2.72815198395979,-1.42372141396637,174.446637122784,96.7633969998193,9.89793374726807,-2.60922655060177,-56.7776447760136,24.2799018367802,-67.6075961198112,156.64369270527
485,4.84,30.467,2.73630094670475,-1.43305458331091,174.446416543439,96.7689971037271,9.91171415793929,-2.58641023798748,-57.0166226066618,24.3195749760068,-67.6027197567511,156.636398040085
486,4.85,30.477,2.73841892756175,-1.44189709850069,174.447870623937,96.7880232620468,9.94287539348266,-2.56407168112826,-57.2434216890696,24.3598208121961,-67.5901677692518,156.616355488476
487,4.86,30.487,2.75836259964636,-1.43511961942047,174.461812646594,96.7911907073514,9.9655379526112,-2.56050304988255,-57.483035733325,24.3551781246848,-67.6259296233913,156.662965114464
488,4.87,30.497,2.7656746123141,-1.44176559641949,174.474220446593,96.8041750289261,9.97818524561296,-2.54059863028166,-57.7068925647028,24.3934970047076,-67.5802169241548,156.635170022007
489,4.88,30.507,2.78186653277581,-1.44174527455179,174.49009769666,96.8150235715216,9.96344240872618,-2.52467358985275,-57.9559245233623,24.4073687580253,-67.4944490174867,156.659656153039
490,4.89,30.517,2.78319790647136,-1.44132980625505,174.486003596179,96.8237441086984,10.0037101906367,-2.55257595419487,-58.1791553660441,24.4418011260855,-67.428716883653,156.657611671172
491,4.9,30.527,2.8020831431998,-1.45656809301309,174.500403344913,96.8149460853935,9.97060127813297,-2.53862798129278,-58.3933689138254,24.4328526206635,-67.4286311769273,156.672997358769
492,4.91,30.537,2.80696378316687,-1.46330720397005,174.499074916037,96.8175472183638,10.0124568845893,-2.50834700492156,-58.6390601759392,24.4718348980843,-67.4146488832509,156.688540023834
493,4.92,30.547,2.82401576423808,-1.46381972103616,174.516016854203,96.8191894378316,9.98117850105433,-2.5250917148585,-58.8592310295911,24.48214710042,-67.4222731919735,156.686942876463
494,4.93,30.557,2.83159055045319,-1.4687109931118,174.531739368083,96.8114143491698,9.96894412347143,-2.49663524647788,-59.1035641215749,24.468410464394,-67.3255829423801,156.714657711198
495,4.94,30.567,2.83344233168203,-1.47797926919187,174.520705634353,96.8236095619037,9.9719157786396,-2.49676112620554,-59.3178895790975,24.5104486415882,-67.3567725573445,156.705522088903
496,4.95,30.577,2.8537422578313,-1.46817768564965,174.513311290389,96.8135872288558,9.97712889818871,-2.4987308684567,-59.5154871219754,24.558452576845,-67.3118020700615,156.676231164376
497,4.96,30.587,2.85515810543335,-1.47911782124124,174.508859344087,96.8190964665276,9.95817250246419,-2.50517795267658,-59.7372050263733,24.5731344051016,-67.3867373431391,156.672103409748
498,4.97,30.597,2.86164044473237,-1.48406426602902,174.489324011504,96.8234282191997,9.96803456240782,-2.50725336226236,-59.9345916236616,24.6259947841004,-67.4583517087445,156.630530797583
499,4.98,30.607,2.87186988825213,-1.4775083471784,174.509893686661,96.8297415367453,9.92596346659696,-2.5169500159053,-60.1567365389281,24.6352325310507,-67.5143117002974,156.617883786976
500,4.99,30.617,2.87820193364847,-1.48654892895181,174.498854480636,96.8238411516987,9.94150148972163,-2.51518143337387,-60.3469809050827,24.6545584434728,-67.4966699525619,156.60745211421
501,5,30.627,2.89429023647604,-1.49406165847787,174.452744145038,96.8251761960259,9.94646103286654,-2.51095598115813,-60.5020111444809,24.752438024518,-67.4377979101484,156.551466747732
502,5.01,30.637,2.89192426958139,-1.49807358885033,174.45005689922,96.8342632697028,9.9563461032844,-2.50179813335975,-60.6987083586725,24.7628371032452,-67.4509666452787,156.543370019179
503,5.02,30.647,2.89230690071886,-1.49550762190418,174.454419137673,96.8575572154051,9.90605569017679,-2.49191730139235,-60.9376546166398,24.7862191355532,-67.4944598578283,156.55697212751
504,5.03,30.657,2.9002708972091,-1.49617059666603,174.444690141821,96.8681383784857,9.91566592246625,-2.48623430120516,-61.1423265841619,24.7904073786776,-67.4848980146868,156.580013496776
505,5.04,30.667,2.89595256321061,-1.50538359102391,174.434687055441,96.8728888242531,9.93864032161016,-2.45220335700591,-61.3437349075882,24.8086714056752,-67.50648825869,156.563800969404
506,5.05,30.677,2.91286717066868,-1.4945770333918,174.433468536702,96.8615816035615,9.93727915311745,-2.46568968802502,-61.5372478185638,24.8203080788839,-67.493866990103,156.566663877685
507,5.06,30.687,2.92445741360487,-1.5051727584972,174.425628792126,96.8509448977173,9.92803839325811,-2.42996409524114,-61.7476308436735,24.8252390720056,-67.5161448631909,156.590500048683
508,5.07,30.697,2.93872226008781,-1.50170720537968,174.41192554466,96.8486664266432,9.96009468443889,-2.41941995789242,-61.920182542579,24.8449367516835,-67.3597946354631,156.576318315929
509,5.08,30.707,2.93638871739844,-1.49372674257407,174.409560920368,96.8466718053512,9.94956178345558,-2.40450981488061,-62.1424098804922,24.875675026394,-67.3832370410898,156.575512420464
510,5.09,30.717,2.95079628455859,-1.50955542585678,174.412119105127,96.8363336910669,9.96265401163846,-2.38449092596405,-62.3421134449701,24.8496886529955,-67.3034811588998,156.611018221763
511,5.1,30.727,2.96342182801109,-1.51094615789088,174.390454074906,96.8299025555779,9.95177078516873,-2.40112680884843,-62.5169348781208,24.8797336111877,-67.248104045165,156.608401050148
512,5.11,30.737,2.99076982843933,-1.48785058907652,174.408391745107,96.8272449081948,9.93961892486981,-2.41694147778201,-62.7411907167036,24.8606826845434,-67.2553732980728,156.65944964273
513,5.12,30.747,2.98326078508406,-1.48527886952349,174.396317031207,96.8421843317001,9.93829291641156,-2.40752670635804,-62.963707529705,24.8617701508925,-67.2788330415666,156.695331545756
514,5.13,30.757,2.99415637195901,-1.48256845733398,174.402434549073,96.8513535718953,9.91069494154417,-2.44300233337401,-63.1573377841701,24.8627498622674,-67.2179730752939,156.70073515024
515,5.14,30.767,3.00011501277073,-1.45726100495726,174.390137665261,96.8485852434857,9.9242813275109,-2.45925821144223,-63.3693997638176,24.8702477327388,-67.2191759158625,156.734570670463
516,5.15,30.777,3.00953955442427,-1.45595255322995,174.400778251313,96.8359178997193,9.90675255437158,-2.44032992640722,-63.5889183812135,24.8481911663914,-67.1737620299416,156.782138394359
517,5.16,30.787,3.03049040375434,-1.43500046447942,174.394153637265,96.8259089449922,9.87180717838985,-2.46653620622821,-63.7756637921713,24.8605988116114,-67.1103577751843,156.794804264623
518,5.17,30.797,3.04600061867223,-1.43065795084475,174.382923290619,96.8042903514123,9.89225860739601,-2.48285997690881,-63.9698000865016,24.8794685875142,-67.1432789742398,156.825502852012
519,5.18,30.807,3.04797104149703,-1.43316487762996,174.368586066476,96.7929812522023,9.89355592148513,-2.44487464702072,-64.1492906200487,24.8932536995506,-67.1468918377233,156.829775521929
520,5.19,30.817,3.05844515296664,-1.42229838090269,174.361065624015,96.7943852341135,9.89252978530885,-2.44516717216792,-64.3399256939996,24.9056112256355,-67.0828664178282,156.844958784994
521,5.2,30.827,3.07718764067776,-1.40654840267825,174.365814254905,96.771793913056,9.88130265999414,-2.45540508902457,-64.5393562901191,24.9208658067998,-67.2243624835832,156.846169033678
522,5.21,30.837,3.07767849616019,-1.42094008413643,174.378105024103,96.7802998449243,9.83980372897228,-2.44034130761108,-64.7542657704335,24.8882454897572,-67.1067542569297,156.894268606752
523,5.22,30.847,3.09145357013258,-1.40866189713182,174.384049528718,96.7671587266475,9.84861601458448,-2.41759194277491,-64.9299491323288,24.8800910172263,-67.1872147283226,156.902000034183
524,5.23,30.857,3.09818446953391,-1.41392862994609,174.378137599089,96.7686315031177,9.83139461928337,-2.41329049440503,-65.1153152387068,24.8548678114555,-67.0139080842569,156.949462675479
525,5.24,30.867,3.0828765208126,-1.45319403870809,174.367093110889,96.7855438779837,9.88366896825453,-2.3590013752323,-65.2642286964815,24.8547009889165,-67.0924170447966,156.921154285548
526,5.25,30.877,3.0910089831459,-1.45608259621059,174.363728767103,96.7905241486297,9.87416659272694,-2.34285871386891,-65.4274515671914,24.8520510183933,-67.0901596081307,156.935820291667
527,5.26,30.887,3.10996189467068,-1.45406840477582,174.365109339501,96.7925047770875,9.88060949530074,-2.35236852824607,-65.5764185735939,24.8375420301954,-67.0566273783409,156.946391327962
528,5.27,30.897,3.11610037970789,-1.4562753597164,174.348706023664,96.8001239913397,9.90190042909943,-2.34219491539731,-65.7105164534573,24.857593072607,-67.1726910821434,156.918372368844
529,5.28,30.907,3.1277183745699,-1.45381991393145,174.348748516272,96.7927370701116,9.90977632038428,-2.31985698746356,-65.871720064943,24.861498370219,-67.1702298809379,156.941888773904
530,5.29,30.917,3.13292045467183,-1.44712378091981,174.355062201238,96.7984510848654,9.91165096729986,-2.31227943658765,-66.0501195929536,24.8913859673944,-67.2169072157123,156.932539291555
531,5.3,30.927,3.13524812432953,-1.45946026139833,174.369946260564,96.8010656339249,9.90421557506576,-2.29225624109675,-66.2264860758485,24.8738979741779,-67.2586920945299,156.965772361293
532,5.31,30.937,3.14928540202771,-1.4392571783223,174.349948263674,96.7994857207218,9.90856695614639,-2.31532803935707,-66.3559596842782,24.9007459431968,-67.2998177545778,156.939952898231
533,5.32,30.947,3.16125999537558,-1.44685146567429,174.352831805234,96.7887435439563,9.9133213173033,-2.29531713877998,-66.5307749614197,24.9006198881921,-67.3173524680572,156.990594426607
534,5.33,30.957,3.17054215957681,-1.44881461027155,174.342960459192,96.775174486192,9.91165198837015,-2.29797467262899,-66.6653935002661,24.9185107071705,-67.2975927733693,156.965538294872
535,5.34,30.967,3.16131070482598,-1.44405490942509,174.34914060243,96.789352621566,9.8899845465104,-2.28422864315353,-66.8065756185608,24.8814987902186,-67.3420300547243,156.937535239732
536,5.35,30.977,3.18140267046209,-1.45137106541743,174.339486607736,96.7577667744907,9.93869043751054,-2.27828578768632,-66.9360316457452,24.8839792910189,-67.3299069900961,156.943597290439
537,5.36,30.987,3.19257752442772,-1.44227289847095,174.340229873549,96.7429501928532,9.92560693941483,-2.27002967904136,-67.0732958051005,24.8899018852784,-67.3561828579797,156.917698824309
538,5.37,30.997,3.2004446534447,-1.43890322619395,174.353578006829,96.7388801699876,9.91006555403408,-2.27953163777151,-67.2232986362103,24.8816839951266,-67.3951048080714,156.899793834896
539,5.38,31.007,3.20660955332103,-1.4246502292653,174.341730754963,96.7434492796306,9.92116146456761,-2.29838770078571,-67.3774673579892,24.9051091305306,-67.4475292205744,156.911312528296
540,5.39,31.017,3.20802050883838,-1.41814671323999,174.340211572667,96.7307094189433,9.93776566714944,-2.30981919198901,-67.5154819604451,24.9141497938115,-67.5664495706291,156.891011965904
541,5.4,31.027,3.21013882728873,-1.42006001623461,174.351587773792,96.7324510153947,9.92317986108201,-2.31267037710412,-67.6816492685809,24.8929728057941,-67.6058189020362,156.905081041672
542,5.41,31.037,3.22114013673075,-1.41884954887706,174.338778684286,96.7153897702432,9.95463759278326,-2.3117660533611,-67.8042319096659,24.9210793957429,-67.6242213814289,156.88271627532
543,5.42,31.047,3.22241911062119,-1.41929731154685,174.348395221919,96.7157625999942,9.94007841841269,-2.29464301110398,-67.950418794404,24.9188404772651,-67.6877086235558,156.855599279362
544,5.43,31.057,3.23625895130585,-1.40451187543812,174.356464995085,96.6999733658249,9.93653782577755,-2.31067077816397,-68.0975587921432,24.9138680755823,-67.7064659919713,156.857750114141
545,5.44,31.067,3.22264695785594,-1.41125230421338,174.361574360969,96.7119100162705,9.9424891478555,-2.27389031555743,-68.2479872408464,24.9153242243501,-67.7724842095577,156.821385075713
546,5.45,31.077,3.22575358959034,-1.39804937326701,174.361561611321,96.7155574599409,9.92039323171029,-2.26824595350565,-68.3966055107309,24.9276978558035,-67.8078351866317,156.804156807914
547,5.46,31.087,3.21174490283157,-1.38195676291887,174.379476492199,96.7352477871256,9.92255725040428,-2.2742894445554,-68.5762355583859,24.9142766529036,-67.8935583178207,156.817302109956
548,5.47,31.097,3.19884104181308,-1.38019689989755,174.407526653323,96.7527182882029,9.92535368267304,-2.25498560679578,-68.7191292417334,24.8863552933567,-67.9775477394752,156.792640968307
549,5.48,31.107,3.20171368327038,-1.38422590139984,174.410022598531,96.7537927676561,9.96636088101026,-2.23651465083076,-68.8454905190506,24.8904578046215,-67.9817620274207,156.77771163493
550,5.49,31.117,3.1848114076148,-1.39773512429797,174.428040164838,96.7762174682554,9.94120924296476,-2.19451549938459,-69.0148824080227,24.8589066898059,-68.012155349227,156.797949863204
551,5.5,31.127,3.1912538748218,-1.37450231942867,174.434335268127,96.7836299712247,9.9722457254092,-2.21405488330415,-69.1125959742386,24.8762720890865,-68.0759707779179,156.738361806925
552,5.51,31.137,3.18314033617338,-1.38523658468889,174.47613351342,96.7947350798896,9.96714574113116,-2.17329436901233,-69.2506839349602,24.813393813222,-68.0861456774096,156.740955920545
553,5.52,31.147,3.1874942208719,-1.38293919245712,174.464521426104,96.7906900667552,10.0005266356473,-2.15839343945255,-69.3763188446349,24.8404840725468,-68.0701354814913,156.73081551372
554,5.53,31.157,3.17884206350275,-1.39074155108851,174.499757621882,96.7883583579819,10.0012589718973,-2.17492769967525,-69.4907937246673,24.8064434098651,-68.0797856470069,156.710803617922
555,5.54,31.167,3.17381120698922,-1.37841709292673,174.509602535943,96.7860002312973,10.0151181471602,-2.17718863119351,-69.5900496106655,24.8082390265701,-68.0951440509303,156.670782954714
556,5.55,31.177,3.17980399249802,-1.3805844098547,174.527736766811,96.7770034969022,10.0276618978938,-2.17533283442777,-69.6951161610942,24.7970108232107,-68.1301206608733,156.64782759143
557,5.56,31.187,3.16856102190131,-1.38330842692548,174.562022439859,96.7822713928961,10.0219562258956,-2.18365630395853,-69.8291858476139,24.7488599949616,-68.1931683801341,156.672094103227
558,5.57,31.197,3.18047425857439,-1.37959480495175,174.582597998128,96.7480892394514,10.0233276732044,-2.18049697074378,-69.9083696471884,24.733446616766,-68.2803306347847,156.643699837117
559,5.58,31.207,3.17585627093259,-1.37617691721037,174.603551083305,96.7391871429497,10.0404201499105,-2.19343364425252,-69.9996810198166,24.7184886177161,-68.4277103511952,156.607609204973
560,5.59,31.217,3.18072958599316,-1.37785711706067,174.617034202536,96.719598913254,10.0536725069207,-2.19521667904979,-70.0616415712492,24.7008945370167,-68.4881560212354,156.59362300643
561,5.6,31.227,3.1798869481862,-1.3825930842889,174.642163591995,96.7059244268544,10.0380348077478,-2.20000684249696,-70.1500459171544,24.6745446471358,-68.5723295941044,156.58623376014
562,5.61,31.237,3.18174972001116,-1.3756299817296,174.647547441013,96.685658125661,10.0644132990106,-2.19596381474039,-70.2275256377555,24.6747860945328,-68.6620317399634,156.579272180153
563,5.62,31.247,3.18836807731584,-1.37421625224372,174.650385529111,96.669095793741,10.0569609207822,-2.20967238313758,-70.270506413711,24.6751624577783,-68.6305040556011,156.548333962553
564,5.63,31.257,3.18013240078616,-1.37629469577284,174.672371662332,96.6743101157127,10.0481857077313,-2.20081108497094,-70.3422940258039,24.6483912568506,-68.6757530037887,156.539171677251
565,5.64,31.267,3.18758244582082,-1.37633242874497,174.675174844389,96.6549234272122,10.0584967943503,-2.20650635948043,-70.3703698135904,24.6575440441878,-68.7326668274694,156.509991417988
566,5.65,31.277,3.18834839479768,-1.37409807596893,174.678621165684,96.6611383602307,10.0680909228371,-2.18364315459136,-70.390420247369,24.6633514824247,-68.754461572582,156.459601203336
567,5.66,31.287,3.18446191852089,-1.37717805672848,174.690617490551,96.6612791688827,10.0595899047482,-2.18621980424902,-70.4413332158257,24.6373444448019,-68.7988957291125,156.452968410272
568,5.67,31.297,3.17757130026359,-1.37317848924619,174.701328139751,96.6428797825813,10.0730810634088,-2.18953769821455,-70.4663903955996,24.6267522805906,-68.7883588596773,156.437253650802
569,5.68,31.307,3.17821512122561,-1.37583947941532,174.716041922808,96.6419212310219,10.0720614940253,-2.17904135943209,-70.4993136314665,24.5968146199043,-68.8207640434784,156.452582673046
570,5.69,31.317,3.18140406880338,-1.378761303802,174.722447876118,96.6333753502092,10.0711982290568,-2.16641154610451,-70.5276667366445,24.5896895379273,-68.8178982620537,156.449428889471
571,5.7,31.327,3.19315289703767,-1.38029892250797,174.735891493597,96.6248040210646,10.0717763715273,-2.19224447027758,-70.5218276857067,24.5706222353423,-68.8031407636837,156.429543025491
572,5.71,31.337,3.20068671729644,-1.38324035851002,174.730660343283,96.6253462658908,10.0859434232732,-2.15894980009391,-70.530621240738,24.5656573986275,-68.8818474383532,156.44034302111
573,5.72,31.347,3.20277032977157,-1.39162664111596,174.728889048979,96.6454488486056,10.0890531517301,-2.16792375454332,-70.5309015743497,24.5653026057323,-68.8420081076284,156.428089100786
574,5.73,31.357,3.20124154188524,-1.38024098193462,174.749915264624,96.6601406639272,10.0736464333634,-2.16685615540436,-70.550078735913,24.5208363733231,-68.8551913825701,156.439464038217
575,5.74,31.367,3.20754355626775,-1.39352387144703,174.744358583606,96.6651200072451,10.10953243472,-2.16083286147794,-70.5237533903228,24.5246532968782,-68.7899566403667,156.416735206759
576,5.75,31.377,3.20553410394395,-1.39028091819161,174.764090756093,96.6832130192979,10.0883070481174,-2.15340510239147,-70.5406109943615,24.4866651612351,-68.797964659238,156.424816295726
577,5.76,31.387,3.2138868524482,-1.38984674223275,174.764437228764,96.6872268609225,10.1003616505746,-2.15609170657942,-70.5230745295188,24.4655953431697,-68.774328818066,156.429536320977
578,5.77,31.397,3.22517329817472,-1.38933508535396,174.747053873888,96.6819926496588,10.1185813546042,-2.15621135230986,-70.504307545232,24.4781666970194,-68.7640995030991,156.425534116229
579,5.78,31.407,3.23679831125064,-1.39258389284248,174.746704508429,96.6804075583094,10.1438911122422,-2.15273764728149,-70.478784872422,24.4626993298976,-68.7786317895185,156.422041744359
580,5.79,31.417,3.25040435010389,-1.37880056747456,174.759971965822,96.6765814551477,10.1155309432044,-2.1571137217986,-70.472404905701,24.4286492404492,-68.7520394166598,156.421883497407
581,5.8,31.427,3.25763247681887,-1.38321533566535,174.761052091123,96.6778406636977,10.1230384911789,-2.15088237152398,-70.4478049770231,24.4191341533964,-68.7423641638585,156.409291057414
582,5.81,31.437,3.25609124437582,-1.38274491305077,174.774457552331,96.6968156459986,10.1256205640436,-2.15586093586027,-70.4439264044255,24.3801610590811,-68.7283634503183,156.411666420233
583,5.82,31.447,3.26306628667108,-1.38085758449048,174.782371332441,96.6834188665795,10.139583309014,-2.14799379981394,-70.4256165966054,24.3590975347323,-68.6985081921818,156.393832935447
584,5.83,31.457,3.27341075744865,-1.38796390119577,174.776600312711,96.6820505107654,10.1246236956562,-2.1368195703026,-70.3987102048946,24.3469328417378,-68.695881347859,156.392992064844
585,5.84,31.467,3.28106317724786,-1.38827116789369,174.770197045751,96.6832635721821,10.1404950812483,-2.13953033097065,-70.3669419594867,24.3548243308722,-68.6606123268411,156.357147088486
586,5.85,31.477,3.28521301571678,-1.38910240808899,174.773929399929,96.6848815787517,10.1438523555147,-2.15526876644949,-70.348235989098,24.3410275316809,-68.661948173259,156.349234753828
587,5.86,31.487,3.2936868009708,-1.37815606215625,174.771097015742,96.6841422915283,10.1562763674232,-2.12620549990883,-70.3416787322027,24.3374333875871,-68.6635828382103,156.353391642779
588,5.87,31.497,3.29682313346958,-1.38003827447506,174.767220672162,96.6833990166478,10.1561193368047,-2.12988924694949,-70.3262566711014,24.339993983855,-68.6518696801,156.339425199773
589,5.88,31.507,3.30111102331828,-1.38486424228286,174.779868330203,96.6860550824415,10.1654366444567,-2.1176752860341,-70.2879416398843,24.3210705319056,-68.7035113711851,156.304977049845
590,5.89,31.517,3.30205393818762,-1.38293902378711,174.790467033931,96.6845978736501,10.1386801609618,-2.14019110074584,-70.2892378356177,24.3008170068333,-68.7219675212865,156.32043693553
591,5.9,31.527,3.31776087615819,-1.38851056592419,174.781540202924,96.6671860105095,10.1750888811688,-2.12781678339061,-70.2532600593688,24.3201581371958,-68.7110117731119,156.278967225447
592,5.91,31.537,3.32539043062047,-1.3951787435009,174.793711056914,96.65545822727,10.1448975292586,-2.12309375003338,-70.2347528276151,24.2885558005639,-68.7674760182604,156.279543542243
593,5.92,31.547,3.33438704681706,-1.39865726724226,174.778262797122,96.6462970686705,10.1798215548813,-2.10437835071457,-70.2176812801472,24.30059622467,-68.7901944674337,156.279040596663
594,5.93,31.557,3.33983724257956,-1.40146394212953,174.772195320312,96.647514966794,10.1400568862468,-2.12056390363268,-70.1817544575916,24.3202836390161,-68.7660246984466,156.253710958842
595,5.94,31.567,3.34502195558431,-1.40305511890436,174.785909586318,96.6380503829168,10.1710655963242,-2.1178325105681,-70.1913925101086,24.2892935853069,-68.7718801211373,156.263283240172
596,5.95,31.577,3.34670910170477,-1.41257973761408,174.791923042362,96.6440142643693,10.1703224854356,-2.13337008662272,-70.1901921687895,24.2688341665077,-68.7982320621468,156.276056835732
597,5.96,31.587,3.3522968382176,-1.40524938960917,174.775381213246,96.6407573207106,10.2034917542998,-2.14018136465684,-70.1718833398717,24.3052201254317,-68.7273065628203,156.232644752105
598,5.97,31.597,3.35780897491436,-1.40334829368688,174.777928365688,96.6422411656725,10.2037169747065,-2.13987566670707,-70.1623279306882,24.2920096449495,-68.7566346774103,156.230935796101
599,5.98,31.607,3.37420400162589,-1.40055186028543,174.772518370079,96.6228829986536,10.1836222922537,-2.16968597875151,-70.1491776771713,24.2944649847789,-68.7188269221983,156.226044174233
600,5.99,31.617,3.37169484787791,-1.4041739629826,174.761869790409,96.6214670081213,10.1913867181701,-2.15255167987275,-70.1390356393465,24.3268548686888,-68.6750241110985,156.195574953498
601,6,31.627,3.38176585251699,-1.39957288206312,174.756336558831,96.6015360137225,10.2225605280152,-2.14693180231947,-70.1468942845583,24.3186438661624,-68.6794809256613,156.224328061331
602,6.01,31.637,3.38479617164388,-1.40231557059281,174.77923692774,96.5995693294751,10.1782673958257,-2.14379777624094,-70.157853809123,24.2990491206165,-68.6632626211297,156.21675108586
603,6.02,31.647,3.39609846863769,-1.41206764475069,174.775108683684,96.5904699065615,10.1948335144249,-2.12137210520173,-70.1376578138745,24.3002401993813,-68.6352736841466,156.206345954367
604,6.03,31.657,3.40315258340106,-1.40568180971303,174.791131170952,96.5790312106363,10.1696380472264,-2.12755571708749,-70.1440063288552,24.2983710624507,-68.6894026605233,156.195865220843
605,6.04,31.667,3.42106242126557,-1.40783223262968,174.79116231577,96.571474617599,10.1768763148457,-2.14189355781297,-70.1399175964562,24.3158739379087,-68.7042185898347,156.18536116215
606,6.05,31.677,3.41962981474035,-1.41569855643058,174.790754862572,96.5728891556252,10.1746939181259,-2.16028294791698,-70.132096449374,24.3062498967008,-68.7023490355668,156.172881473837
607,6.06,31.687,3.4211380718115,-1.41226095753032,174.806939736625,96.5759450852667,10.1715157449486,-2.16967183953138,-70.1679796314069,24.3015594353538,-68.7435178351955,156.179413866019
608,6.07,31.697,3.42970215570832,-1.41543409010034,174.811789115347,96.5628819979937,10.2009716088299,-2.15051136246846,-70.1422055025787,24.31058828657,-68.7651968125762,156.137929827681
609,6.08,31.707,3.43861317825295,-1.41535353416951,174.837096982503,96.5574555683711,10.1746665970165,-2.18678390091018,-70.1384952472265,24.2899569794835,-68.7730726133252,156.119003388641
610,6.09,31.717,3.44153264245549,-1.42410770369366,174.827608332593,96.54464979499,10.2024052794207,-2.16200514342109,-70.124163350567,24.309330038223,-68.7496586692838,156.086064554227
611,6.1,31.727,3.44144299458687,-1.41131952136946,174.839130366151,96.5389240435205,10.2124085521711,-2.18679633396708,-70.118220667632,24.3313632588012,-68.7555668803537,156.038978433223
612,6.11,31.737,3.42910879042433,-1.42453094128372,174.848075533546,96.5501944087001,10.2021212404105,-2.17398320291999,-70.1062984547926,24.3353398112483,-68.7165704718391,155.989823569945
613,6.12,31.747,3.44347549122874,-1.42464499675869,174.870439232343,96.5396916860213,10.1924179579448,-2.17583750662671,-70.0524726976874,24.3392916678591,-68.6678766484274,155.929225239369
614,6.13,31.757,3.42435267665124,-1.41853898085592,174.885009887149,96.5514844716247,10.1927111373528,-2.18948088026961,-70.0354237079712,24.3486842949099,-68.6854618990539,155.86912030128
615,6.14,31.767,3.42092524469447,-1.4202093011725,174.912675463857,96.5479604396761,10.1730735255775,-2.17959766202253,-69.9973159506795,24.3327586866144,-68.7645672736221,155.845818292542
616,6.15,31.777,3.43228055415647,-1.42460905504572,174.926399985957,96.5350276245203,10.1555766168958,-2.19037881226893,-69.9170402018443,24.3400925791304,-68.7285308182215,155.773573968107
617,6.16,31.787,3.42254178473015,-1.42522697235286,174.959960171108,96.5280562687672,10.1386219410063,-2.14978062949125,-69.8675476166493,24.3174943665163,-68.7754169417587,155.732936782594
618,6.17,31.797,3.4153449494627,-1.43263276691729,174.94887592786,96.5297896492611,10.1731728727825,-2.12972332413609,-69.7603740596491,24.3640039304739,-68.7794776617436,155.648175301637
619,6.18,31.807,3.41336325570048,-1.44863809070854,174.964959253755,96.5141192174864,10.1829839915431,-2.14837014506721,-69.6262277736241,24.3761818352699,-68.7462745051163,155.536665151015
620,6.19,31.817,3.40381926140282,-1.45722462084391,174.953711205199,96.5081862542838,10.2157011002803,-2.14220725019758,-69.4971219370673,24.4125382997055,-68.6549435348216,155.45689952793
621,6.2,31.827,3.39824533698707,-1.45521972750628,174.954837449989,96.5010295512631,10.2360393025497,-2.17285907994184,-69.3468465501724,24.4553509153281,-68.6062650766963,155.359032068197
622,6.21,31.837,3.38819288553126,-1.4541174759068,175.016350361295,96.4939184894761,10.1874774294533,-2.19008504443755,-69.2402610813144,24.3690884734731,-68.8213665368581,155.342232611052
623,6.22,31.847,3.3732572362537,-1.44554520521883,175.04865110118,96.4938126142171,10.1732445902496,-2.17651287870425,-69.1088326644538,24.3501010790845,-68.8313545002137,155.29572753466
624,6.23,31.857,3.3656511097231,-1.44490403975107,175.09244317884,96.4761429016061,10.1467730033753,-2.22513680217738,-68.9390898283382,24.3149057608519,-68.9097966497501,155.233311987236
625,6.24,31.867,3.34378537541536,-1.4411923536634,175.121004626304,96.4837943687913,10.1327010277078,-2.20801874201012,-68.7668368730859,24.2955020925267,-68.9080726472393,155.1782853434
626,6.25,31.877,3.33520058720257,-1.44116295534517,175.159014612019,96.4791304070232,10.1116932519906,-2.22649222178287,-68.5420695440811,24.2685723314395,-68.9353502371177,155.108316264831
627,6.26,31.887,3.31808527563751,-1.43779166725122,175.210564492412,96.4822860735416,10.0769520134739,-2.24872478806405,-68.3273037204921,24.2219673372727,-68.9814218721665,155.063210611104
628,6.27,31.897,3.30859785301917,-1.4347035255225,175.243673327337,96.4647362309711,10.0670144563534,-2.24636103902227,-68.0759900772628,24.2034826094567,-68.9920848487366,154.992201034431
629,6.28,31.907,3.29385850736556,-1.43181666577744,175.288750050326,96.4633672404075,10.0491449303382,-2.26911857318962,-67.817467392601,24.1584809083059,-69.0092439284761,154.931701406591
630,6.29,31.917,3.27665511541974,-1.43164608318279,175.32218632734,96.4465131294802,10.0409460460441,-2.28842060999142,-67.5515826898825,24.1138377861766,-69.0315098000631,154.928986080595
631,6.3,31.927,3.26887112957571,-1.43326918777722,175.351269304293,96.4224600759465,10.0498973646808,-2.29895681375436,-67.2379056333487,24.0865968384806,-69.0272620851373,154.861042048899
632,6.31,31.937,3.2467625626537,-1.43756026468743,175.41218449656,96.4186138356902,10.003482478877,-2.30198664967068,-66.9270300942124,24.0036171326263,-68.9827959432387,154.8363955063
633,6.32,31.947,3.23199709576509,-1.43365085264901,175.459079076239,96.4042761027427,10.0096795066701,-2.30722902828293,-66.6063800339579,23.9498613222558,-68.9761772244891,154.8198991161
634,6.33,31.957,3.21745747169767,-1.43464536272234,175.494204944996,96.3902744339021,10.0125235582133,-2.27760312690818,-66.2436464506476,23.902478769595,-68.9314679112561,154.785244010219
635,6.34,31.967,3.2009085104811,-1.43844553592732,175.535703551913,96.3789484198927,9.99036407909637,-2.31745548280385,-65.8384411088896,23.7969963097692,-68.7649608106653,154.764244101968
636,6.35,31.977,3.18391741502396,-1.43185980206379,175.58069218243,96.3901015834462,10.0055901504608,-2.31038288749009,-65.4431588132672,23.7592760259975,-68.8073991219682,154.703057215087
637,6.36,31.987,3.16595036822358,-1.42215282181159,175.623091852924,96.3800960758288,9.99969704943276,-2.31613137738584,-65.0287804400669,23.7061286178319,-68.9255033990509,154.656408903853
638,6.37,31.997,3.14353398688631,-1.42883756292094,175.680297007182,96.3846098259148,9.99437852669776,-2.27341293306104,-64.6073331116232,23.6534534525197,-69.117656432165,154.594657232263
639,6.38,32.007,3.1522446183392,-1.42985828169718,175.707570871409,96.3495068007468,9.98693279832688,-2.28002595562709,-64.0913102282375,23.5619311497266,-69.0984471934656,154.565455522218
640,6.39,32.017,3.12384411238867,-1.42136375804246,175.764360691824,96.3577587594963,9.99881185668483,-2.27853098590036,-63.6022223493854,23.4669316373545,-69.1991628104137,154.484494719198
641,6.4,32.027,3.12409452794971,-1.4145493100647,175.814171873321,96.3365798014827,9.97184321834902,-2.28919200707464,-63.0787673503891,23.3517595076362,-69.116231314658,154.474051149759
642,6.41,32.037,3.11367537583827,-1.41146924659356,175.865163615476,96.3185227425779,9.9902368514378,-2.28926626264767,-62.5572570122994,23.2418532481265,-69.1411369079284,154.424750503134
643,6.42,32.047,3.11420427199519,-1.40787383242678,175.915793470544,96.2811380674061,9.98158116681566,-2.29992372139499,-61.973357001183,23.1478160209277,-69.1340636661419,154.33737160423
644,6.43,32.057,3.09816221613617,-1.40081992370243,175.959000794529,96.2777647390043,9.97454082468227,-2.30947075941002,-61.3947800956194,23.0476810458372,-69.0564562813203,154.267942407951
645,6.44,32.067,3.09052985015776,-1.39240673363124,176.004948151716,96.2659507351663,9.94405086151913,-2.32665536940347,-60.8030180802741,22.941768474372,-69.0948197607615,154.222248256723
646,6.45,32.077,3.08525968384816,-1.37030972461476,176.062011359442,96.2465381264533,9.89622869181603,-2.33424660584379,-60.182275220347,22.8122314260558,-69.129650023584,154.190872909957
647,6.46,32.087,3.07397730145779,-1.375742480324,176.11402240857,96.2346903624797,9.90446666699192,-2.33873358178342,-59.554330214691,22.6680225444804,-69.0682702453764,154.154013437539
648,6.47,32.097,3.07708874892456,-1.37155801913872,176.154719716536,96.2012499340287,9.86595362232693,-2.31864609557102,-58.8698458726382,22.5475859070948,-69.1520929647625,154.072661267374
649,6.48,32.107,3.07563531625284,-1.36343684522687,176.191494298462,96.1906617133616,9.86712782991328,-2.32225253453009,-58.1753301432751,22.4284691356043,-69.1159640252749,153.98314853443
650,6.49,32.117,3.05116151024088,-1.37248986107939,176.221322328464,96.1857898476026,9.87696935550683,-2.30655536707682,-57.4692054808419,22.3216629899666,-68.8993676276867,153.849275244538
651,6.5,32.127,3.04172714939354,-1.37992372523095,176.216200940546,96.1733999327408,9.93076292338905,-2.29536678944327,-56.6848830215785,22.2405531890343,-68.6444658162131,153.704008669784
652,6.51,32.137,3.03407684979916,-1.3739709517753,176.250293383277,96.1923688374177,9.88583101466349,-2.26391923449903,-55.9202295370788,22.0988328694189,-68.5467871645346,153.615724484138
653,6.52,32.147,3.02418924545482,-1.36598618267297,176.262440745604,96.1786121753534,9.92454553384264,-2.18908051513578,-55.1255365191671,21.9944528843682,-68.4505396628674,153.529054252303
654,6.53,32.157,3.01544152809326,-1.3749061470474,176.300089798198,96.2154856999204,9.88423746830077,-2.27193846219422,-54.3580340009599,21.8395660933289,-68.3854026055459,153.476747708238
655,6.54,32.167,3.01539444608708,-1.35187551814669,176.326293107817,96.2173526892731,9.86860427361521,-2.28737826712102,-53.5538145523958,21.7199997471666,-68.5255205011551,153.382589172063
656,6.55,32.177,2.9928556297504,-1.35484126345485,176.318202373903,96.2399372261742,9.88264726563144,-2.26516858475023,-52.7260792457719,21.588344959701,-68.4112963604185,153.285560425114
657,6.56,32.187,2.99561743530598,-1.3473278992388,176.321632448319,96.2318229987905,9.88004910509804,-2.28020911563068,-51.8671552852603,21.4600293928181,-68.2784475674496,153.173525556713
658,6.57,32.197,2.98159715637593,-1.34818863064294,176.33729953573,96.2502655864578,9.84896202353971,-2.27384875204353,-50.9973037512844,21.2998539863193,-67.9957705332947,153.043723141455
659,6.58,32.207,2.97710877103064,-1.33599703513324,176.337754423022,96.2588710944119,9.83269626760883,-2.28694986516726,-50.1112400439896,21.1582656549205,-67.7729782278371,152.952381185742
660,6.59,32.217,2.96564542730105,-1.3197604121189,176.349728535642,96.262231643616,9.80311337361653,-2.30119670845083,-49.2647499423587,20.996473071467,-67.6293936675419,152.928782595822
661,6.6,32.227,2.99448886128688,-1.27489113756879,176.354242754415,96.2377684331617,9.78008531525969,-2.34231932029111,-48.3723325623695,20.8423246594849,-67.6321269792438,152.947368239572
662,6.61,32.237,2.96880416109157,-1.26471524936266,176.372506791231,96.2599943065131,9.72540335801091,-2.33730887100946,-47.5339934053186,20.6635752237593,-67.6319778393096,152.946904769774
663,6.62,32.247,2.979280085461,-1.24487084696186,176.398631267969,96.2472240178905,9.6699421174242,-2.36517232820865,-46.651709868737,20.4525358056434,-67.6725913640798,152.950315202486
664,6.63,32.257,2.95583785916587,-1.2221923981154,176.389416523449,96.2689873023856,9.66439438919915,-2.38720549073663,-45.7333849984644,20.3067265484004,-67.6838552125962,152.845036556261
665,6.64,32.267,2.95494949971798,-1.20190211732566,176.340081481783,96.2639459686991,9.69462374374045,-2.38258488095234,-44.7179945682301,20.2198239073247,-67.390155537357,152.619178583094
666,6.65,32.277,2.94401942187204,-1.19444656451533,176.319162384275,96.2662911648692,9.70797921018376,-2.39998369971866,-43.7409751916912,20.0765152863584,-67.2270604682029,152.520963031922
667,6.66,32.287,2.93544407916574,-1.17362654850276,176.31554742695,96.2665319915786,9.72132077987014,-2.38443656670266,-42.7718305840584,19.9050060940802,-67.1367814461605,152.474060711258
668,6.67,32.297,2.91852260623558,-1.16191928295772,176.321182273939,96.2937265499577,9.69017054748077,-2.39270028159907,-41.8510041473938,19.7063832538388,-67.2523835654641,152.526395684994
669,6.68,32.307,2.8998322737276,-1.14561427088403,176.324980904074,96.3106717660696,9.66598486122282,-2.40396025914026,-40.9003962456756,19.5317467220986,-67.4236975759102,152.516222520169
670,6.69,32.317,2.88322338816231,-1.14273005533605,176.32371967684,96.3326387235582,9.64996083794991,-2.40756355426794,-39.9413857769052,19.3712238732489,-67.7525565301619,152.484821964405
671,6.7,32.327,2.86003072194454,-1.12590338755816,176.329534896176,96.3600142145659,9.61710238653345,-2.40474877201318,-39.0531533209528,19.1705410433781,-67.9835487034925,152.513432112449
672,6.71,32.337,2.86143237024713,-1.10489284752795,176.333496894812,96.3462714120355,9.59530520441775,-2.43312057695993,-38.0845848624203,18.9909327109644,-68.0348854967838,152.464344369518
673,6.72,32.347,2.84691015662924,-1.0963485821696,176.325655587285,96.3400221156956,9.58600248743893,-2.43408837193113,-37.1469081707546,18.8091044097391,-67.8954137286757,152.433981871302
674,6.73,32.357,2.83916831506063,-1.07718779175999,176.29541190927,96.3170560552973,9.61345487482465,-2.43379932515366,-36.1381076098654,18.618995290873,-67.8067459308526,152.381426462384
675,6.74,32.367,2.81698430441522,-1.0455462818101,176.240842667315,96.3172834272882,9.67390200533305,-2.46205875050247,-35.1566096298298,18.4854482778003,-67.6594727404466,152.357310360117
676,6.75,32.377,2.82311653138227,-1.01929386593309,176.238718402763,96.2990814725279,9.64520034059994,-2.47021906311314,-34.2262177486352,18.2781237477398,-67.7047579382975,152.448433409129
677,6.76,32.387,2.80204577910061,-0.986464759611978,176.207820679919,96.3274200634441,9.68080369854663,-2.48053645765405,-33.3539426813406,18.1095131662784,-67.7875119439427,152.609778840725
678,6.77,32.397,2.78229468864184,-0.97401988609883,176.226513765906,96.3518842506222,9.61243957786737,-2.46613687283057,-32.6211728236094,17.7892262191484,-67.4163093404117,153.02512815196
679,6.78,32.407,2.76995444981277,-0.939742021464089,176.206631399417,96.3835152528887,9.56922934455434,-2.4716768023206,-31.7265567213456,17.582406442801,-67.449326706777,153.16342311899
680,6.79,32.417,2.74298935951935,-0.928051762631306,176.209153779432,96.4188496756017,9.54318067225883,-2.4732119056189,-30.8252620744084,17.3414270378074,-67.3887798755883,153.258444703518
681,6.8,32.427,2.72273902035176,-0.908317393198908,176.229340136383,96.4412209812608,9.47563247519689,-2.4690412187303,-29.9418696508542,17.0836323694845,-67.3523505695366,153.364788118948
682,6.81,32.437,2.71539896610956,-0.869340214062741,176.208155296434,96.4443282533744,9.48283049892073,-2.47698128564672,-29.0118267938715,16.8782471336987,-67.1517414253767,153.42905544909
683,6.82,32.447,2.69409020488215,-0.83321440618664,176.203253205393,96.4463537788708,9.49766083940635,-2.47260500264345,-28.1047987705054,16.6465576667538,-66.9009749275951,153.528128265698
684,6.83,32.457,2.67909230663329,-0.786458869134601,176.173070051887,96.4454378735989,9.51053868549555,-2.43605632625892,-27.1802837460474,16.4366105888651,-66.6096253570346,153.675535987312
685,6.84,32.467,2.64641981526943,-0.733404804192083,176.160220471637,96.483187797383,9.48424211570691,-2.46336755308287,-26.3055150933762,16.2238826617435,-66.409173812039,153.861613393695
686,6.85,32.477,2.61426713405879,-0.697695673891172,176.162700001801,96.5319672028691,9.4869954529142,-2.46605353635719,-25.474705553887,15.9703951078146,-66.2687436378448,154.119209512086
687,6.86,32.487,2.57539657388622,-0.670070198727216,176.185180414711,96.5863415786869,9.52859857126342,-2.51274272396493,-24.6795647740067,15.7144324770447,-66.2860625442128,154.36735855865
688,6.87,32.497,2.57149294027786,-0.646203961225336,176.219318499641,96.5847085435156,9.48451148164961,-2.50933412691668,-23.8844330524827,15.4807611889824,-66.2225495185274,154.58535263308
689,6.88,32.507,2.55319153898249,-0.631086986247291,176.252998065167,96.6148393545956,9.49112639885164,-2.45957161677859,-23.1143808060169,15.2293666717211,-66.1214014352919,154.792860411047
690,6.89,32.517,2.70898743352444,-0.571046511012606,176.295161245269,96.4595091929724,9.46784274366916,-2.47797572957499,-22.091485267742,14.9884952409437,-66.0833893026836,154.882671858937
691,6.9,32.527,2.68586833486886,-0.532971725340095,176.340306304304,96.4769879681795,9.43288461116475,-2.48391814879777,-21.2614462770879,14.8082265669882,-66.3504964115,154.897240568444
692,6.91,32.537,2.68198977663489,-0.48961228617286,176.368988124633,96.4634357402782,9.39455557728877,-2.53806546404651,-20.52503362002,14.5829411967072,-66.0754860579631,155.123933025395
693,6.92,32.547,2.65420637842284,-0.432027234273573,176.413789308682,96.4738011281253,9.32516442423196,-2.56309635945324,-19.8215880463148,14.35819916797,-65.8827709705372,155.373946581417
694,6.93,32.557,2.63052237958891,-0.386549156099511,176.443518970783,96.457620550224,9.30563567258456,-2.58566651707985,-19.0774074755099,14.1360186176687,-65.8685978112871,155.5966248059
695,6.94,32.567,2.62713322979121,-0.349319611805931,176.457513832466,96.4560196577757,9.32906415528083,-2.58350199914362,-18.306481131594,13.9292972978455,-65.8062737937239,155.758029500832
696,6.95,32.577,2.62279328038966,-0.321744755384055,176.477671907857,96.4470526829289,9.2873398070552,-2.56645078136878,-17.5642662856295,13.7231526749051,-65.7787608796634,155.954034458886
697,6.96,32.587,2.61238552590157,-0.291890255381531,176.50338913504,96.4603499912711,9.27743389146501,-2.57502200593717,-16.8099625257958,13.5366190044574,-65.7130845452317,156.085887541297
698,6.97,32.597,2.59653607195716,-0.283612707140034,176.525293865357,96.4786075648519,9.24350063389904,-2.55510649695693,-16.0941039731152,13.3392969491638,-65.6626130362754,156.1950291695
699,6.98,32.607,2.58360099855213,-0.253577490661553,176.539793722246,96.5151249900407,9.21483551015491,-2.55007511579628,-15.3771770332241,13.1619286990052,-65.55660432851,156.326733117075
700,6.99,32.617,2.58386516857206,-0.22041754058157,176.584571278532,96.5369975567825,9.11947828065493,-2.58450016945831,-14.6873846925005,12.9735687378177,-65.5302754338463,156.464198327453
701,7,32.627,2.51555704686801,-0.183596848497474,176.602297531797,96.617089192961,9.08366054540181,-2.58911972301411,-14.0485112463237,12.7805441949918,-65.4207267754417,156.631656721243
702,7.01,32.637,2.46683428141658,-0.170653004953235,176.633059518301,96.6814135122045,9.03529408901399,-2.54637764750624,-13.4170437399098,12.5836935838852,-65.3595060595679,156.808169554098
703,7.02,32.647,2.45549564098985,-0.145827077981708,176.686270997189,96.6931309772874,8.950629505123,-2.58988857293426,-12.7796366835875,12.3778883488509,-65.2820542737505,156.988701683361
704,7.03,32.657,2.42110852283467,-0.133473414421144,176.72809448655,96.7285643132262,8.89727883619371,-2.57245250740141,-12.1553181022389,12.1629842156907,-65.1830998571972,157.209102461564
705,7.04,32.667,2.4146634835808,-0.0975405438631443,176.789657281562,96.7401469934886,8.97037204807671,-2.62121572892283,-11.5542297850545,11.9866316799985,-65.2220209136975,157.410930031547
706,7.05,32.677,2.38589231987398,-0.0774253147386894,176.848090446774,96.7660350912238,8.90979609328275,-2.58825361641499,-10.9688789414793,11.7947375973974,-65.2579348892793,157.591146182355
707,7.06,32.687,2.37305755676849,-0.0613410320052912,176.907324394378,96.7807350084284,8.86811668038408,-2.59915336263649,-10.4034785354735,11.609401431147,-65.3216209462629,157.792618171626
708,7.07,32.697,2.34483504925601,-0.0446320860709951,176.940669676863,96.820071318792,8.83552900441222,-2.57599934746101,-9.85097054358931,11.427671731389,-65.4526029495743,158.029591613917
709,7.08,32.707,2.32618493666043,-0.0406366902259667,177.000028542104,96.8624975845642,8.783043409513,-2.57967851628961,-9.33516336848431,11.2350293013328,-65.7647303515465,158.265986071952
710,7.09,32.717,2.31170135678781,-0.00478317524293464,177.091305958975,96.908196051469,8.70075568037111,-2.5993435056092,-8.82949036415118,11.1124375650106,-65.5641854971258,158.403989791129
711,7.1,32.727,2.44138091853507,0.0474111832674984,177.129894081733,96.7962459801004,8.63624112897818,-2.61976813374866,-8.05204946385789,10.9943145355047,-65.0631429451134,158.429593653158
712,7.11,32.737,2.41210607184486,0.0581970719573028,177.173753338605,96.8593612132893,8.56919617047962,-2.60017600958861,-7.50058744271951,10.8287793304592,-64.9441552521788,158.554625681814
713,7.12,32.747,2.37401831419071,0.0737390374653694,177.230192777545,96.9260082634511,8.4628118120019,-2.63413815914322,-7.0117544294628,10.6774311760826,-64.8399078747903,158.732569783862
714,7.13,32.757,2.36359989400662,0.0896175819504301,177.258974202675,96.9663564569449,8.41125164155168,-2.63640055996046,-6.48223992433812,10.5428948566191,-64.7362427331298,158.898898593555
715,7.14,32.767,2.33995756569511,0.101122300425065,177.320898216145,97.0212314376161,8.33257802846399,-2.6325268843389,-6.04721637058372,10.3959627416775,-64.8258831233903,159.147521884882
716,7.15,32.777,2.31864338489637,0.108713311659141,177.342902492193,97.0801153015941,8.26024265499598,-2.6419404781129,-5.53565562673472,10.2701442007965,-64.7765032652703,159.287820777137
717,7.16,32.787,2.30720468012102,0.122587695169364,177.401892613457,97.1197288738177,8.17564722319468,-2.63646018753694,-5.08044328115304,10.1418117812319,-64.800996751483,159.456030085543
718,7.17,32.797,2.28093065915508,0.107559305446657,177.440327725364,97.1675604098782,8.12589811109253,-2.62205709615387,-4.64013251276458,9.97966998491144,-64.73166923583,159.601683473844
719,7.18,32.807,2.25282716933661,0.121273020191547,177.485921160253,97.217345551954,8.04835934582563,-2.67038248331524,-4.20211496153523,9.84436422849783,-64.6151413655246,159.836265073319
720,7.19,32.817,2.23584213892535,0.112763284474249,177.535956869224,97.2645190642904,7.99128661129667,-2.65246965484217,-3.78092442995923,9.66917795830122,-64.4882652587411,160.024336706537
721,7.2,32.827,2.21254786440253,0.121808800515338,177.570834263381,97.3049555476546,7.9491258495478,-2.67624212786128,-3.33147963513199,9.5262867988216,-64.0726184278668,160.14089162517
722,7.21,32.837,2.20798396952425,0.118255906323139,177.614114247623,97.3366651188264,7.92178120750554,-2.68447676608957,-2.90712813070907,9.35819531537461,-63.7584935357203,160.431110371169
723,7.22,32.847,2.19488489398793,0.125715857766469,177.657013278768,97.3798701727296,8.03425557322217,-2.7518051979868,-2.4873232524187,9.21984848985339,-63.273725433091,160.593778269637
724,7.23,32.857,2.16662762444244,0.135827033218212,177.698144430798,97.4448865559081,7.9981204483103,-2.79074723883361,-2.19652564193549,9.07614962408233,-62.7410251991614,160.890757241217
725,7.24,32.867,2.16658251152326,0.135345673489085,177.738612545239,97.4754355633911,7.95420276026205,-2.80142820637182,-1.78074969017245,8.93303832464496,-62.3757903729929,161.05177970007
726,7.25,32.877,2.15605851400581,0.13753078412215,177.777219298424,97.5257920197208,7.93541772663806,-2.80045663679387,-1.42897696671124,8.77522292527889,-62.1758031825123,161.250567460161
727,7.26,32.887,2.09215231787291,0.132528122588178,177.814887683624,97.6305750992163,7.87059900544386,-2.85991076830245,-1.12580395009402,8.62417602247898,-61.7813928532271,161.442149823741
728,7.27,32.897,2.08134801829001,0.134305032989618,177.856045807988,97.6460878208541,7.82037425474016,-2.84653333113384,-0.778416777557931,8.44935257700583,-61.463607094219,161.625928608042
729,7.28,32.907,2.04965091499793,0.13945872159151,177.908441318084,97.696258612116,7.7577652518605,-2.87699919452883,-0.486602613168109,8.26728786674896,-61.1798585327321,161.868184051388
730,7.29,32.917,2.02625647826959,0.152021921230112,177.964453477137,97.7358393921096,7.67901879743164,-2.89062527424866,-0.194887700436655,8.11631327771036,-60.6982588793742,162.028291643815
731,7.3,32.927,2.01796268855078,0.152571356098305,178.004919164263,97.7458697206739,7.63896287141473,-2.89805489775775,0.11183366410187,7.94663993402755,-60.2793712806495,162.184648749062
732,7.31,32.937,1.99774313505991,0.168815071307299,178.075403421905,97.7746101379232,7.55592682735166,-2.8950721315956,0.356343658329509,7.81681776279102,-59.9193477115288,162.347159471841
733,7.32,32.947,1.98394364753222,0.154926553706043,178.106474152272,97.7983266249203,7.5359146132094,-2.89364683577289,0.594196549410355,7.66995739909381,-59.3584886812362,162.499859807754
734,7.33,32.957,1.95931780113527,0.153088849569367,178.16701247488,97.8414803245718,7.47357217292456,-2.9092744305841,0.806351403042301,7.54623483890819,-58.6800439211429,162.607237009781
735,7.34,32.967,1.94972982489898,0.159745534954518,178.219847679558,97.8798475355309,7.44072625790999,-2.90869066219558,1.01306414727515,7.42705713104743,-58.0063082661535,162.664311496687
736,7.35,32.977,1.92556505449081,0.166892588835805,178.308001405936,97.9159641376137,7.35370357483751,-2.92534869195506,1.18819344544748,7.31431890000658,-57.3423619810483,162.675741872078
737,7.36,32.987,1.91832718822522,0.185874732182357,178.359379869569,97.9357895395364,7.32550925631438,-2.95845134054205,1.40527202605818,7.22663589046528,-56.6001544542183,162.594140867917
738,7.37,32.997,1.90304540273636,0.201637184934247,178.441111186421,97.9663666380844,7.26095789956178,-3.01922753382359,1.57735456018602,7.16760791667628,-55.7252981793609,162.478369530752
739,7.38,33.007,1.88297719640927,0.206043491391436,178.507050091843,97.9799225192327,7.21552362344137,-3.00855797917923,1.7224046474915,7.09902892867327,-54.9689490822827,162.436560668908
740,7.39,33.017,1.88242196380433,0.215887091778699,178.58636653822,97.9769332206386,7.15893689021894,-3.01612680974995,1.86953012709097,7.04665301798937,-54.2280807484286,162.346709670679
741,7.4,33.027,1.88096940804737,0.224344358770623,178.663014302417,97.9715471947215,7.10560400360287,-3.04551979115872,1.98516488444544,7.02932816836796,-53.6110261411291,162.267341286477
742,7.41,33.037,1.88042419396415,0.2431312829288,178.743007106126,97.9576701171381,7.02811992754258,-3.03441041401359,2.08766989340236,7.02170815964028,-53.0871689474019,162.203881862784
743,7.42,33.047,1.87798917092278,0.232638802050228,178.848900423531,97.9588818939757,6.94380813920469,-3.03600803428771,2.13645996985142,6.99504643444728,-52.7218685768881,162.161092032368
744,7.43,33.057,1.87409040165628,0.245074442265604,178.931406555809,97.9633162044091,6.89208236567991,-3.05119510848318,2.19791043805043,7.00210839113186,-52.3832528100247,162.099538012992
745,7.44,33.067,1.85834827302631,0.238214040203751,179.007063939659,97.9773822030122,6.85132353977948,-3.04158510593009,2.22895461895915,6.96573049166304,-52.1828756613477,162.064063001595
746,7.45,33.077,1.8544174493778,0.249084823713124,179.057623396381,97.9916248231179,6.81589562284986,-3.05805835602307,2.29923844196055,6.94299057074072,-51.8920348120619,162.03434596229
747,7.46,33.087,1.83292966053612,0.242025422211052,179.141740641317,98.0037056286525,6.72972426636933,-3.05614166339654,2.30681874436719,6.91364805795298,-51.5855138496256,162.01269299631
748,7.47,33.097,1.83953411361269,0.261738070577157,179.195416668372,98.002534664399,6.70193791724785,-3.08419304270766,2.35841364860955,6.91684754132594,-51.2477638587329,161.969551445396
749,7.48,33.107,1.82329454396158,0.260644588839928,179.258968533021,98.0228903754403,6.65228876407096,-3.07668722284844,2.36205532955064,6.90448691934994,-51.0441238570331,161.954027563734
750,7.49,33.117,1.80777965130039,0.25798231070213,179.306830486253,98.0480834990962,6.61496041757525,-3.0772705800087,2.3663129787234,6.89987288329362,-50.844829426231,161.933854787298
751,7.5,33.127,1.80609741317736,0.242400565395611,179.382171642637,98.0555012131015,6.57308227394373,-3.09368698643635,2.32769682882517,6.87559335269837,-50.8158996361168,162.002405324316
752,7.51,33.137,1.79014607099778,0.238321298772799,179.435081076266,98.0879572508696,6.52773597146065,-3.10831165379232,2.30382227386546,6.86305067392751,-50.7182056063689,162.021786981269
753,7.52,33.147,1.76026164122236,0.239205329515154,179.483539523114,98.1307240101631,6.50327807920313,-3.10370376038617,2.27011448747824,6.86935053338628,-50.6606945362793,162.016208046415
754,7.53,33.157,1.73571920592204,0.2374956059535,179.534856942525,98.1735225211559,6.47202603324064,-3.10801250181263,2.26836974173075,6.8977264787763,-50.3524677094758,161.939797474171
755,7.54,33.167,1.70282763723405,0.241827363989987,179.577217339112,98.2091425221037,6.4827408951161,-3.11940017094803,2.23212184021426,6.91273018701647,-50.0406126361737,161.906419141889
756,7.55,33.177,1.68356694446989,0.247096417905849,179.611616874676,98.237737371155,6.43061516896194,-3.15847651155746,2.21901966843409,6.96226477731044,-49.4506504142205,161.80541536307
757,7.56,33.187,1.64811071257496,0.232382801567626,179.672401175441,98.2959241725739,6.41549214565998,-3.1375118162202,2.16756026823788,7.00345314021628,-48.9012721375873,161.701404841883
758,7.57,33.197,1.63104597348131,0.225886804859327,179.750577958582,98.3153056597026,6.33793687089852,-3.14183983376912,2.10210564447256,7.048379093923,-48.3601526162771,161.663131540794
759,7.58,33.207,1.62169658431145,0.209454528748501,179.824762383373,98.3263062673683,6.24869862851315,-3.15574477485694,2.03701602750839,7.09109054689921,-47.9217783901477,161.653119780361
760,7.59,33.217,1.59569300161819,0.192938299440276,179.888951869503,98.356895007107,6.20033297044373,-3.12351095380106,1.96283833222265,7.1458692191653,-47.4142912701442,161.598362932771
761,7.6,33.227,1.59783799895948,0.175292784810728,179.961376943383,98.3188253397004,6.13356423893215,-3.0492516309217,1.88223102796793,7.20620113968905,-46.9666300935932,161.628028110186
762,7.61,33.237,1.57029650921048,0.168611599678863,-179.968726612006,98.3193465070952,6.07145351533657,-3.03391013740388,1.7973648124209,7.30614951874501,-46.4454341172747,161.59384282187
763,7.62,33.247,1.55866566706113,0.151312798033254,-179.889579547369,98.2964048155358,6.16009288647243,-3.09101354508817,1.69316270087508,7.41772609784694,-45.9082189593544,161.581739369665
764,7.63,33.257,1.55956844411837,0.125086168471493,-179.827956216392,98.2990723101335,6.13342486280012,-3.17076218130169,1.63018566365073,7.56074527309462,-45.2997144507589,161.529130377824
765,7.64,33.267,1.54112206067581,0.0924442088917063,-179.752181786842,98.2829217051084,6.09653506784806,-3.14206749083573,1.49226328528008,7.71956697516268,-44.7458942097612,161.534578323851
766,7.65,33.277,1.53435365758266,0.0558895619776434,-179.688244859247,98.2607149816625,6.06325329159415,-3.11420436284909,1.39321352476997,7.90213470236498,-44.2318102482485,161.491806037522
767,7.66,33.287,1.53778749894801,0.0242309486293584,-179.595304491614,98.2258348400649,6.01490527716192,-3.08304740624679,1.24671368766066,8.10799712467887,-43.8176088063785,161.516644375153
768,7.67,33.297,1.53573794861537,-0.0100617478216696,-179.512157827323,98.184492415294,5.93640099249689,-3.01014310300431,1.12091502406984,8.3388071907828,-43.3438729681907,161.487978902169
769,7.68,33.307,1.5338004110181,-0.0517542274554755,-179.437792441187,98.1553955727136,5.84772006062001,-2.9982040638731,0.984150904070854,8.6059646586142,-42.8953037543474,161.518093347563
770,7.69,33.317,1.54704314481626,-0.0884179383072218,-179.345320692617,98.1073707656976,5.81450478104364,-2.94537977817669,0.838295518606838,8.90543452634219,-42.4491103410393,161.617057524381
771,7.7,33.327,1.53171886566293,-0.122494543574235,-179.258693314213,98.0810900971134,5.75630489340963,-2.92572344920722,0.674334737085509,9.23678313338142,-42.0578284783775,161.615731499331
772,7.71,33.337,1.53307125213807,-0.155886761329623,-179.164269269056,98.0604811677,5.69909978751983,-2.90209311843007,0.478877549838299,9.59582225851973,-41.6465972423269,161.727611198
773,7.72,33.347,1.55537726780269,-0.201985728138773,-179.078779031885,98.0240538652351,5.66678606810943,-2.89625872064902,0.328908596598601,9.97764462983653,-41.2652302810439,161.77383012577
774,7.73,33.357,1.54842683625174,-0.228416077665963,-178.984921419412,98.0057829240112,5.56489456950407,-2.87409762440417,0.121687186186472,10.4050431825423,-40.8574510877097,161.913027897052
775,7.74,33.367,1.55375018377575,-0.258909194685605,-178.874657807396,97.9771020534704,5.50039271545582,-2.88432950132399,-0.0868155201223295,10.8538482730621,-40.3456930277358,162.088150398378
776,7.75,33.377,1.53789041568926,-0.305613047092934,-178.793077010033,97.9633814230825,5.41671244585071,-2.82963045428587,-0.316351557252022,11.3142343468532,-39.8039318137844,162.183804758583
777,7.76,33.387,1.54198550652696,-0.356415882354679,-178.716405246348,97.9247350811951,5.41081652804325,-2.774310796781,-0.498167304089037,11.8000183750847,-39.2255873333533,162.194690875697
778,7.77,33.397,1.55279093485567,-0.401390756177256,-178.638026994927,97.9025875161285,5.3609895572614,-2.77456351708204,-0.696225106544385,12.325500281617,-38.7335094420751,162.269991863659
779,7.78,33.407,1.53768055895737,-0.473998568779854,-178.541047920892,97.8905122108625,5.2935665875663,-2.74144295346951,-0.958889357126317,12.8284898307194,-38.2830577238396,162.384030068124
780,7.79,33.417,1.56216603619068,-0.52278249615123,-178.440975332926,97.8485441606826,5.20635506926673,-2.71302154154837,-1.21062760255071,13.3700084461296,-37.9037056325782,162.524053690596
781,7.8,33.427,1.5482296409971,-0.576487633950145,-178.369551795256,97.8357171639184,5.13394232339983,-2.69013568670353,-1.45635546108158,13.9334343520649,-37.3572908564447,162.588341288314
782,7.81,33.437,1.53288017406149,-0.613755231459693,-178.278623321339,97.8141929719565,5.13335518793037,-2.6612233405532,-1.74158347867217,14.5146389252045,-36.8535356706993,162.704146161118
783,7.82,33.447,1.53407322670655,-0.667506214698669,-178.202822266794,97.7994972516144,5.13391331873732,-2.61905782135824,-1.99058357582449,15.1220441853666,-36.3351818137885,162.779548177626
784,7.83,33.457,1.53205563194836,-0.730164365476306,-178.121452691891,97.788044160638,5.03984261135257,-2.6054277923824,-2.26131759302905,15.7186396713603,-35.897583436111,162.878417093023
785,7.84,33.467,1.52448569624093,-0.794437528347534,-178.039872519259,97.7709309419743,4.97491337462576,-2.5818718125349,-2.53831080483704,16.3434550438134,-35.5564595451022,162.988811564488
786,7.85,33.477,1.51857975551628,-0.84454327911748,-177.938220227307,97.7335294634361,4.90824083532111,-2.52917055884059,-2.84725827352963,16.9737292895627,-35.2058121104907,163.079651750372
787,7.86,33.487,1.50251524122479,-0.908532388411608,-177.864290993563,97.7179155609745,4.92839649608038,-2.48142085988401,-3.1216076344631,17.6387026162805,-34.7580502551434,163.132319595249
788,7.87,33.497,1.51042723688125,-0.966293305296125,-177.747132658075,97.6656763760132,4.8261757964645,-2.49501708896212,-3.45635804103962,18.2755781606515,-34.6049625142234,163.272915771213
789,7.88,33.507,1.51045434251245,-1.01273918236965,-177.644917167458,97.6302290072873,4.7449142697819,-2.50067508370137,-3.7576976850935,18.9532506237122,-34.1988556017727,163.339990233823
790,7.89,33.517,1.52095805080045,-1.07463747649281,-177.565515533184,97.5589146140682,4.66371786601936,-2.47602939447863,-4.03761990832609,19.6213577049332,-33.7978624879378,163.386952941516
791,7.9,33.527,1.5078333700353,-1.1289344577205,-177.501215158252,97.4986448084458,4.62465617913482,-2.41455490630628,-4.31250086652362,20.2973286102146,-33.3298019643697,163.394451541599
792,7.91,33.537,1.50445263300577,-1.18397314923151,-177.391172447502,97.4484252405559,4.53452818141798,-2.38528506847025,-4.64192730747438,20.9861551107319,-32.9312563577198,163.472128952604
793,7.92,33.547,1.51161685252807,-1.24470054594075,-177.298068136151,97.4020932282379,4.45540796721801,-2.33994056618799,-4.93370616152409,21.6770819678826,-32.3960744683914,163.487096126365
794,7.93,33.557,1.50907226174952,-1.3002548498521,-177.221004588127,97.3702479094892,4.39407507844165,-2.28955478873021,-5.23403521824129,22.3858983815167,-31.9268096837281,163.496465159019
795,7.94,33.567,1.50816146703296,-1.34014468811035,-177.095086680452,97.3399143244384,4.27115173524747,-2.24843417906376,-5.60807216529634,23.0897814186916,-31.6382562146296,163.559114032949
796,7.95,33.577,1.50047494555466,-1.3977268452164,-176.999799385044,97.3184674201793,4.19301149797069,-2.19890770407194,-5.91588026702105,23.7961723519695,-31.2445663276509,163.530857458928
797,7.96,33.587,1.49564095794621,-1.44644800220592,-176.88256787073,97.2804419759284,4.09807704655014,-2.17045145552941,-6.31793986574929,24.4918024840609,-30.950374470565,163.595727992259
798,7.97,33.597,1.50120943257439,-1.49161575736649,-176.783211455549,97.247012953639,4.02879625906104,-2.16699028329701,-6.63967839076468,25.1766043083916,-30.5507670991259,163.58462263744
799,7.98,33.607,1.49203097151196,-1.54476971473821,-176.658421702182,97.2102151667675,3.93489939315913,-2.11992681776764,-7.03361082728248,25.8296142103269,-30.2191356857466,163.60964155026
800,7.99,33.617,1.07432971564606,-1.72243834159748,-176.539083090908,97.5549911614099,3.85019928152608,-1.98901796333446,-7.77631710421397,26.3668673723231,-29.7920132505508,163.612090051825
801,8,33.627,1.09119289886418,-1.75380221713399,-176.44962822492,97.4890416391441,3.75176439503851,-1.95961992282663,-8.08572503461141,27.0430573038626,-29.340886245288,163.60610278937
802,8.01,33.637,1.09590729325963,-1.78572860814163,-176.345045854601,97.4304757072614,3.67350735412348,-1.95670238164657,-8.44290353754805,27.7250542610872,-28.9465748081403,163.617860190752
803,8.02,33.647,1.0882240953338,-1.82237415695322,-176.246464900366,97.4028889945557,3.58470550975425,-1.91060186525056,-8.81246722993944,28.387900350954,-28.616768579369,163.632853066643
804,8.03,33.657,1.07202143443902,-1.84757063177645,-176.161952504811,97.372651609573,3.52266224645287,-1.84484312951842,-9.15977646083482,29.0543504159283,-28.2046933567332,163.61993220603
805,8.04,33.667,1.07513127355717,-1.89890657130352,-176.05674785797,97.3545937236904,3.40468726289896,-1.80849387498243,-9.56052867910789,29.6797983350191,-27.8401805454291,163.643097770801
806,8.05,33.677,1.07068888766257,-1.9367929044666,-175.940023485356,97.3320990350995,3.31074106682803,-1.77404641183854,-9.94964528840589,30.3027590332718,-27.4062578463479,163.627722727879
807,8.06,33.687,1.04830454368356,-1.97352132879799,-175.847147259393,97.3225997310609,3.20488027700261,-1.71726892604232,-10.3438408720967,30.9376875153125,-27.0688652195966,163.614374282385
808,8.07,33.697,1.07021318497877,-2.01003814434959,-175.776794489149,97.2714501880579,3.13908838613056,-1.70564449241566,-10.6880414557768,31.5817939079157,-26.614654466473,163.60661600485
809,8.08,33.707,1.04283257589727,-2.02506835725857,-175.655769064198,97.260205525901,2.98614767270673,-1.68305184108312,-11.1523101914722,32.2177681751652,-26.4347687534229,163.635357105348
810,8.09,33.717,1.06206264465451,-2.04118538460322,-175.569736309227,97.2025563971456,2.93188483904035,-1.67151764409616,-11.4881100739342,32.8508938636162,-26.1697770070493,163.578776341117
811,8.1,33.727,1.06460100969214,-2.0700393959983,-175.52081388561,97.1506481974865,2.85607986724644,-1.66107729641693,-11.7851929433405,33.4893102810728,-25.8497624561556,163.501198750754
812,8.11,33.737,1.07923007536172,-2.08093787302869,-175.450751080385,97.0982896602727,2.80634957168398,-1.63911271478972,-12.1406222952762,34.1317884041577,-25.6689815568987,163.49582394254
813,8.12,33.747,1.09228757272718,-2.12499909886787,-175.379115800285,97.0366100566236,2.71434917067407,-1.59229406027527,-12.4577929555012,34.7216012278385,-25.314087485181,163.448817264371
814,8.13,33.757,1.11428254794437,-2.13049249296588,-175.322846436969,96.9845499648548,2.63927813842467,-1.55600893291602,-12.7692781362407,35.3801594345283,-25.0001722207206,163.402103288314
815,8.14,33.767,1.10898690106655,-2.17819483468249,-175.23822917066,96.949803433822,2.5714790632278,-1.48210575732088,-13.1930325712641,35.9733568154233,-24.9949285699568,163.463661360765
816,8.15,33.777,1.23271027648454,-2.15965453630264,-175.195655533688,96.8182388897481,2.50106485480948,-1.48603115618883,-13.3773353949284,36.6282266959737,-24.7026716787337,163.407477862358
817,8.16,33.787,1.30275912610166,-2.16085065292571,-175.139859039299,96.7316166348836,2.43793241980018,-1.47553881252981,-13.6960772489943,37.275093773226,-24.604612107262,163.45077852172
818,8.17,33.797,1.37923970439246,-2.15938070934197,-175.069062668759,96.6313055747941,2.32783655106363,-1.48906342086453,-14.0089757772175,37.8950177300616,-24.5721056337795,163.448102154857
819,8.18,33.807,1.41175110693277,-2.17325377669203,-175.020176604191,96.5850798267909,2.26502443721951,-1.46936579062164,-14.32641248561,38.5128444562423,-24.4386709092274,163.444785168811
820,8.19,33.817,1.42728574380047,-2.17792123303071,-174.989867594994,96.5277090281151,2.24805494168244,-1.47116731786751,-14.6321139821874,39.1404343101855,-24.345472286595,163.43221278282
821,8.2,33.827,1.45570876574359,-2.19471368996196,-174.937720901278,96.4872289173997,2.18150032120749,-1.44774634520213,-14.9423635685422,39.7407798760119,-24.2102863004017,163.424966764295
822,8.21,33.837,1.47521351732864,-2.20719593447165,-174.90094958986,96.4501214375121,2.12323505194569,-1.41051664524287,-15.2459850915557,40.3557875066768,-24.0870605072878,163.451446010995
823,8.22,33.847,1.46679819505081,-2.23940993536876,-174.860833879662,96.4335822016428,2.06078266460234,-1.36785101644262,-15.5467326596772,40.9369622142076,-23.946132821751,163.417123166385
824,8.23,33.857,1.48990965584188,-2.25408545059352,-174.828169843216,96.3975051816288,1.99644646786013,-1.32982637020863,-15.8495426976654,41.5235095298392,-23.8426003554436,163.435258935569
825,8.24,33.867,1.47484537295817,-2.28575372809178,-174.772925855781,96.406333512992,1.91246351524642,-1.29323341023772,-16.2356463534427,42.0992357975554,-23.7868189052759,163.48563115959
826,8.25,33.877,1.10591733614982,-2.41292542931955,-174.675870914135,96.748670499674,1.8211819081877,-1.07922830364392,-16.9212191449658,42.5257173547962,-23.751708407131,163.486441690655
827,8.26,33.887,1.084697244912,-2.44814403061895,-174.630946496093,96.7619700151018,1.7800386277929,-1.03225589392314,-17.2885143568603,43.0860777922516,-23.6148159411846,163.509600125937
828,8.27,33.897,1.05615068072722,-2.47408501454383,-174.584056632398,96.7849058788781,1.70806439219713,-0.981783654548855,-17.6537334045953,43.6458303247087,-23.4929287508333,163.522243014241
829,8.28,33.907,1.08468960907766,-2.47865929491991,-174.555550491288,96.7428149712366,1.64974807771411,-0.968274044955004,-17.9185196450528,44.2443820181388,-23.2668249769293,163.492689463742
830,8.29,33.917,1.04361612968759,-2.50041209695435,-174.505814997464,96.7907790628315,1.57505344117219,-0.956166182533688,-18.2961447924895,44.7820358005188,-23.1439046632297,163.510123257027
831,8.3,33.927,1.02994913974253,-2.51475886754866,-174.473565757571,96.7833691229058,1.49850426506924,-0.941394042072018,-18.6074347241806,45.334367976197,-23.0479396920919,163.51230313628
832,8.31,33.937,1.02298501842789,-2.52680288576108,-174.407412704199,96.7734258966726,1.42061613141023,-0.901155561096237,-18.9752571433503,45.8585069101289,-22.922179969683,163.515535844274
833,8.32,33.947,1.00292153459136,-2.55111274514197,-174.359041147985,96.7722225060165,1.34381913666205,-0.851678276990988,-19.3316273159766,46.3727288243124,-22.8251676031811,163.526830577112
834,8.33,33.957,1.01814027673402,-2.56057069607857,-174.341679971534,96.728553744227,1.30874902661304,-0.883582260812767,-19.5994381328296,46.9175171394755,-22.7053247493001,163.507665948705
835,8.34,33.967,0.998788192645234,-2.57723045690058,-174.295952099992,96.7115673817292,1.25376409673877,-0.843152064281221,-19.9467562251088,47.4352772545805,-22.4888309908677,163.51602490697
836,8.35,33.977,0.990533594014836,-2.59626418120102,-174.249677306597,96.6913456040283,1.18792628150232,-0.790347630794329,-20.2893256806704,47.928028786221,-22.3938479769004,163.503209357429
837,8.36,33.987,0.976620010206518,-2.6143884320259,-174.197713852025,96.6686154644905,1.13342126724607,-0.762673238844521,-20.6371738357893,48.4202128022586,-22.1541731776823,163.507001485461
838,8.37,33.997,0.955435564340804,-2.64388677005359,-174.159699263737,96.6815938691638,1.06391684728654,-0.745591959477784,-20.99187292424,48.9063322970993,-21.9198106983052,163.513071457717
839,8.38,34.007,0.988477697143918,-2.64819147162276,-174.138952730605,96.6167041467982,1.04148835347262,-0.745481610183423,-21.2436575136976,49.4159515819873,-21.6894083982361,163.486010013594
840,8.39,34.017,0.952718533833279,-2.66962242140275,-174.098323023545,96.6343097132924,0.977403388329471,-0.721211084391553,-21.5861148341333,49.875505197525,-21.5514740526233,163.486036678886
841,8.4,34.027,0.954244567154583,-2.68222912558288,-174.054799642556,96.5920763647253,0.956397808758109,-0.70914136019963,-21.904879393787,50.3543161158009,-21.4006526433444,163.474559658505
842,8.41,34.037,1.04221539585698,-2.65644533910561,-174.037260764076,96.4785338597809,0.892648935287421,-0.74008677623086,-22.1356537587521,50.8817369662305,-21.2677280502931,163.483783496165
843,8.42,34.047,1.11696302748822,-2.65079059698733,-174.01413306311,96.3851205841398,0.830685989794494,-0.741133595991386,-22.3623933775918,51.3697477271693,-21.191602807311,163.46945065128
844,8.43,34.057,1.15398332293661,-2.6401147538083,-173.982608726406,96.3212342211762,0.802283029302232,-0.736341678236379,-22.6676840409023,51.8601050264154,-21.1410705385354,163.476341685577
845,8.44,34.067,1.17754975412233,-2.64651176040444,-173.967332885714,96.2817111801873,0.754700334307393,-0.729860408514595,-22.911200621479,52.3483066191726,-20.9010155109386,163.467691082144
846,8.45,34.077,1.19611763845477,-2.6494326823108,-173.913096708742,96.236907910313,0.667793200547811,-0.716871025963426,-23.2843110913219,52.7539049009873,-20.9603562720635,163.471611894945
847,8.46,34.087,1.21517557800257,-2.65375370605002,-173.936904182175,96.1980635653331,0.713039706686511,-0.664653360759849,-23.4458716542101,53.2984832164713,-20.6097140847716,163.459523460257
848,8.47,34.097,1.22970151781363,-2.65539479469772,-173.907414190007,96.1698398128132,0.645657051416987,-0.653445802946832,-23.7479455583073,53.7584057100645,-20.5648519261621,163.484883649761
849,8.48,34.107,1.2384211466518,-2.65622844431664,-173.850530482723,96.1283832131823,0.601028934221804,-0.629914640924518,-24.1346571407835,54.1869124506771,-20.5331859922893,163.5001674665
850,8.49,34.117,1.2450426327318,-2.65658187340367,-173.801431636119,96.1060479837269,0.502285849972036,-0.623863068595189,-24.5219977543299,54.613789487652,-20.5412027305141,163.552896157013
851,8.5,34.127,1.24127942964285,-2.66392995615988,-173.731573428144,96.0924320031848,0.426799242862914,-0.627943104777343,-24.9528676397659,55.0060729403364,-20.6081337466643,163.5977044651
852,8.51,34.137,1.22988558630135,-2.67832912807646,-173.714432066361,96.0873799821548,0.397719842997064,-0.598710032408036,-25.2159343403332,55.4265342819928,-20.5487543826066,163.603491504153
853,8.52,34.147,1.22597741824288,-2.6848478149068,-173.682808055264,96.0833906477551,0.349271998938621,-0.568022623545642,-25.565586550468,55.8185794283997,-20.5870621117549,163.64404880464
854,8.53,34.157,1.19703901662738,-2.6874250898723,-173.650112257833,96.0953662367759,0.328665148488246,-0.530523167355773,-25.9183234465068,56.2289614142824,-20.5381490537602,163.666428543264
855,8.54,34.167,1.18678783111115,-2.70326333834722,-173.620764101891,96.1007321648408,0.283476635358768,-0.551096514570871,-26.2346625792467,56.6211489597251,-20.520016701923,163.66893849275
856,8.55,34.177,1.16572259624768,-2.71077575511148,-173.577906155828,96.1102979312991,0.216085903293507,-0.526433089711362,-26.6400649701704,57.0181182255173,-20.5438526098044,163.728740471219
857,8.56,34.187,1.15482747801665,-2.70615389772206,-173.52880431453,96.1074174113384,0.175572098185702,-0.51566261143982,-27.0458733039203,57.4128037845783,-20.5760245912084,163.725080741642
858,8.57,34.197,1.14268179727878,-2.70901578206788,-173.475218109572,96.1015075773839,0.112563641556617,-0.484324075589602,-27.4852542101815,57.7800140602424,-20.669640377714,163.696789852468
859,8.58,34.207,1.12636977178991,-2.7121068514792,-173.430088748876,96.0934517106089,0.0409698111080982,-0.472415861830237,-27.8608116905317,58.1590770830953,-20.6198737099383,163.688746299155
860,8.59,34.217,1.10676422324881,-2.71820271202995,-173.38219335131,96.1204175269159,-0.0510458070219882,-0.582410075965549,-28.2831173315527,58.5112675024365,-20.6286302356111,163.686281921029
861,8.6,34.227,1.08871889082595,-2.72045415170139,-173.332847518535,96.1113874071236,-0.0964987001584279,-0.563202528153764,-28.7274305701664,58.8706646068854,-20.5908075822574,163.702695482905
862,8.61,34.237,1.07526974544585,-2.72179547960535,-173.296226974024,96.1112726376881,-0.140687526998735,-0.543937959281218,-29.0841276974805,59.2354013656781,-20.5344965347765,163.708374348244
863,8.62,34.247,1.06705969142438,-2.73094230935838,-173.246923490919,96.0874691136557,-0.200793406790305,-0.53609581810781,-29.5236804726942,59.5762506233566,-20.5892020288893,163.749263931283
864,8.63,34.257,1.04920478493954,-2.73317944272082,-173.216283109853,96.0694409558451,-0.217308782482003,-0.518680758581612,-29.9289839674151,59.9624125450757,-20.6523541863281,163.7997407441
865,8.64,34.267,1.03753650437975,-2.72631550383996,-173.159663733009,96.0728080487282,-0.293204849626333,-0.495841620858762,-30.4237484277873,60.3122148674583,-20.893156670319,163.84063497219
866,8.65,34.277,1.03981210583674,-2.73464746797949,-173.128978742157,96.0187984966074,-0.342079851281717,-0.431721844946365,-30.773903842195,60.6798706411833,-20.7570784318383,163.849964362615
867,8.66,34.287,1.02255183065563,-2.72351252316371,-173.064319795847,96.042503077615,-0.415317887912411,-0.459233453679187,-31.3433520256713,61.0231359694743,-21.0212939896811,163.895211990018
868,8.67,34.297,1.0075441150675,-2.73264620265219,-173.026718728069,96.0368057509727,-0.458103885845521,-0.441210865735261,-31.7554893933969,61.3719881985946,-21.1825818670835,163.893624819992
869,8.68,34.307,1.0058509938662,-2.72252294353394,-172.99108905796,96.018124083166,-0.524534844193635,-0.438179514225262,-32.1915624647518,61.7540813935575,-21.2692889361097,163.909245802593
870,8.69,34.317,1.00117774489435,-2.7320021513557,-172.994826858119,96.0008160358096,-0.524297444503429,-0.408472715234128,-32.4422522229503,62.1676722995131,-21.1799528474346,163.901328916434
871,8.7,34.327,0.993338442226626,-2.72968522539504,-172.945297805055,96.007073877052,-0.580603533771077,-0.395249556178372,-32.9072059334069,62.5277380021398,-21.3247070729482,163.917310392032
872,8.71,34.337,0.990251610628457,-2.73450517958267,-172.877167933936,96.0092070284206,-0.692701850631207,-0.367723725519187,-33.4322873884498,62.8324503592329,-21.4489953846544,163.91743249819
873,8.72,34.347,0.993497105662675,-2.7404780692326,-172.85230950482,95.9897981640868,-0.708235236845323,-0.359208488267969,-33.8234083694187,63.2000517441033,-21.5457135343402,163.931649145989
874,8.73,34.357,0.999681855117997,-2.73012812839528,-172.81681883733,95.9752141536421,-0.771546474942832,-0.361902693388393,-34.2895096788058,63.5689335502823,-21.7244583790722,163.948976968238
875,8.74,34.367,0.999711395390293,-2.72653332701076,-172.761678554793,95.9637197958666,-0.835995399523397,-0.343090273769653,-34.800504020323,63.9119829658003,-21.8996592975281,163.980465462195
876,8.75,34.377,1.00024442725622,-2.73335128923202,-172.726819282139,95.9272956282176,-0.916353692149779,-0.236846117283563,-35.2232783053067,64.2531649537839,-22.0460691786916,163.964433772213
877,8.76,34.387,1.01559443173431,-2.73801958850417,-172.671683759461,95.9339379341966,-0.996817583117766,-0.285056121779466,-35.7736366452927,64.5798740397667,-22.3438008881499,164.004235163765
878,8.77,34.397,1.01726242200165,-2.7343140262595,-172.620021667725,95.9251106866335,-1.07726010110101,-0.261954903352073,-36.3016757521052,64.9090295538669,-22.6175669215197,164.023858851789
879,8.78,34.407,1.02402608861129,-2.7288599787823,-172.552309347562,95.9292293967537,-1.17606584621562,-0.253563861755483,-36.9227456155021,65.2188664461388,-23.0381196981601,164.052818584319
880,8.79,34.417,1.03272745233085,-2.72961564440751,-172.486193945332,95.9148252975208,-1.23008524155998,-0.242371113122135,-37.5425322820061,65.5293347271703,-23.4469092895141,164.101224984852
881,8.8,34.427,1.04315956368808,-2.73160931068313,-172.44086826513,95.9037481373738,-1.30680092408664,-0.208726307865164,-38.0427960534572,65.8423225754634,-23.6307557853509,164.100265782047
882,8.81,34.437,1.05184619954394,-2.73123011050802,-172.373244714488,95.8953741506945,-1.38960049743013,-0.1898839002704,-38.6575029671323,66.13423990328,-24.1252298512757,164.14360382326
883,8.82,34.447,1.05913952925669,-2.7235922077409,-172.319531690111,95.884392652957,-1.44818919436351,-0.196531250599468,-39.2355112348538,66.445408708995,-24.531972993061,164.159364190449
884,8.83,34.457,1.07434595254238,-2.70835185713522,-172.261199589808,95.8727776624216,-1.49387020151125,-0.204806079879408,-39.8215246531777,66.7378511024574,-24.9007329275115,164.170829709841
885,8.84,34.467,1.06193537902732,-2.72583363948174,-172.175552866131,95.8861965407851,-1.5819747920366,-0.154020046775089,-40.4816663197994,66.977503269351,-25.3132981776941,164.124515852023
886,8.85,34.477,1.0791467649388,-2.72936654413706,-172.134658254244,95.8672180362209,-1.62011198143441,-0.125108213790314,-41.052405702701,67.2658452114272,-25.8060965731321,164.145989667427
887,8.86,34.487,1.07175582156354,-2.72893101176141,-172.074262128084,95.8889628678208,-1.67997467431733,-0.130440658523626,-41.7442307610565,67.5258106503717,-26.3137385909878,164.166239976048
888,8.87,34.497,1.082166184783,-2.72112285041111,-172.003474223564,95.8697704217525,-1.7492300865449,-0.140497454226189,-42.4183230115713,67.7794278060431,-26.8318765125314,164.177793996885
889,8.88,34.507,1.08510023246055,-2.72490661780393,-171.936387294152,95.8653021180887,-1.81368238905026,-0.113098986739771,-43.0627454799965,68.0117367887047,-27.2054990642881,164.171728324853
890,8.89,34.517,1.08592028214133,-2.71354829914862,-171.867871353035,95.8742228322988,-1.86743264972865,-0.0985665460734575,-43.7928307156797,68.2524462857766,-27.8641456796354,164.231993277255
891,8.9,34.527,1.08884293949458,-2.7160280890013,-171.80670273408,95.8773105071619,-1.92200046164923,-0.0889720056182629,-44.4695072092919,68.4588915583787,-28.4041472919672,164.230054768311
892,8.91,34.537,1.09573426683993,-2.70761555007398,-171.742380388603,95.8857777373673,-1.96857861892423,-0.0818646333022466,-45.1387771398331,68.6745196444763,-29.016981054356,164.257925019063
893,8.92,34.547,1.08499447278367,-2.72574485900124,-171.675564785258,95.9090910906217,-2.02547465385525,-0.0710809853649452,-45.7879151581393,68.855823564566,-29.5791738250507,164.244437096805
894,8.93,34.557,1.0946083458732,-2.72803118023322,-171.674257106761,95.9035407074128,-1.99390649896045,-0.0681692009117919,-46.2453767740115,69.1570628299518,-30.0069060567672,164.249215952737
895,8.94,34.567,1.09816038745518,-2.74200926246963,-171.601681929705,95.8893919728756,-2.01136492313633,-0.000492047122045982,-46.9132818517589,69.30513170816,-30.5892792533534,164.307051218743
896,8.95,34.577,1.09654036447957,-2.7539961723882,-171.55231444708,95.897192843605,-1.85830229895355,0.0289266016073984,-47.4143783107783,69.4727275427727,-31.0112757883155,164.331445103644
897,8.96,34.587,1.11134013532187,-2.78377482058881,-171.487051614905,95.8454379788521,-1.86979786057894,0.181214724561712,-47.9942298491588,69.5847493211031,-31.5580023012102,164.381953810122
898,8.97,34.597,1.11706924432269,-2.79745657995212,-171.406464079145,95.8478233499626,-1.88780667993478,0.0954513053865343,-48.582890516155,69.6842328133247,-32.0732710474637,164.369930994127
899,8.98,34.607,1.1138783846304,-2.80632447982628,-171.332704795682,95.8147050996134,-1.92212058022109,0.186427421839333,-49.1872093379213,69.7791499639721,-32.7047720824114,164.388070641929
900,8.99,34.617,1.11927802071362,-2.82322066752451,-171.291250017321,95.8095464280249,-1.91320731451267,0.195752107192767,-49.6474881310003,69.8987703252561,-33.0971149178922,164.380356854446
901,9,34.627,1.12904965843094,-2.83755308289694,-171.236147329817,95.7986771755498,-1.92348185029126,0.186092634407579,-50.1593209165895,69.9818329963678,-33.5607071419007,164.392314624516
902,9.01,34.637,1.13092922961844,-2.8415935791435,-171.170949011719,95.7924721082953,-1.92878557460716,0.202373476888336,-50.6667844174147,70.0582845034302,-33.9960632283811,164.300751384257
903,9.02,34.647,1.12293361392609,-2.85396901578165,-171.095825808098,95.7955615463133,-1.99136294032545,0.181193911461571,-51.2202612431085,70.0898298057638,-34.5400590983689,164.324867471001
904,9.03,34.657,1.1341101608464,-2.86769638218228,-171.044878710706,95.7777723470107,-2.0209267469841,0.177632516320262,-51.5953476524996,70.1542475385417,-34.8489038413698,164.307807686972
905,9.04,34.667,1.13721001246012,-2.88678967419643,-170.990198712063,95.7653617032744,-2.0198818626603,0.176339184201467,-52.0564340287449,70.1870284986709,-35.3021009587686,164.3235533986
906,9.05,34.677,1.13802713180989,-2.89686241535898,-170.941370342563,95.7522488819351,-2.03374019627266,0.180254480209301,-52.5048200464761,70.234178429972,-35.7682054180511,164.375949075195
907,9.06,34.687,1.14153112544304,-2.91152251218314,-170.902434454069,95.7597596695023,-2.06025039956489,0.175476169635214,-52.8335188212954,70.2582132513666,-36.1164134486008,164.372668238381
908,9.07,34.697,1.14392300035222,-2.92021788664065,-170.846550607825,95.7604928580711,-2.08220240177492,0.183615332486023,-53.2574616324724,70.2564897472405,-36.510048585365,164.385212481699
909,9.08,34.707,1.14644623995299,-2.93350955459721,-170.81445285562,95.7664361241852,-2.11660559219377,0.157387540580451,-53.5151377689782,70.2997952480482,-36.7930185556647,164.373387981213
910,9.09,34.717,1.14626844745287,-2.95540947378129,-170.795547613181,95.7766535658224,-2.08683815374482,0.200348585883569,-53.7730123802377,70.3359347576774,-37.0528544874299,164.412689361394
911,9.1,34.727,1.14513331372488,-2.95600933735861,-170.782143947547,95.7881179575667,-2.07133264423147,0.200090986257747,-53.9854739001968,70.3869295620815,-37.2420345021815,164.359973059533
912,9.11,34.737,1.15434906883853,-2.973688895699,-170.736841651194,95.7884535290605,-2.10662761719386,0.193357092558779,-54.2609298530988,70.3480599774639,-37.5029582163587,164.347240520154
913,9.12,34.747,1.1570809522163,-2.97394616538339,-170.747219732256,95.7912748617926,-2.09117499230247,0.178722516752701,-54.3630262891876,70.4300316452089,-37.5955206923418,164.337118468887
914,9.13,34.757,1.14558942317202,-2.99513499988694,-170.723596091121,95.8199241972082,-2.10778673189691,0.18575033513709,-54.5549947646454,70.4307742456638,-37.8310111707487,164.337868316123
915,9.14,34.767,1.15202824857162,-2.99416786795955,-170.721384952889,95.8273981650799,-2.10440498339706,0.203175287640507,-54.6756789020641,70.4623740396002,-38.0039594625944,164.338756572594
916,9.15,34.777,1.14744397112825,-2.99900573452105,-170.686842871489,95.8456133469627,-2.13226761219096,0.189744066404538,-54.9294718838285,70.4360112533983,-38.3322750166917,164.338023007836
917,9.16,34.787,1.15032049264593,-3.01540907883907,-170.690623854687,95.8538871539984,-2.14165981110723,0.218466663523879,-54.9781270793002,70.4602573841217,-38.2611377707956,164.331916178685
918,9.17,34.797,1.12699620212191,-3.02624377698818,-170.64477167624,95.8876094409413,-2.19990990466957,0.244095550641124,-55.1807691161239,70.4240432743765,-38.375648937732,164.306329855512
919,9.18,34.807,1.13102642218569,-3.03041917629542,-170.656166258499,95.887080097135,-2.20206990448648,0.191302128570208,-55.2004395830329,70.4444604269677,-38.3840153911863,164.294273797144
920,9.19,34.817,1.12530803376751,-3.03334842941973,-170.674222872813,95.8954075129151,-2.16904534034495,0.223773443426244,-55.1944056710139,70.4837025033812,-38.344655142164,164.274083912409
921,9.2,34.827,1.12264951620191,-3.02587715020555,-170.664203170631,95.904338923877,-2.17852368941733,0.222053532182249,-55.3206233296301,70.489243065621,-38.54733753293,164.286017118274
922,9.21,34.837,1.11024427947918,-3.04171772913062,-170.694794362672,95.9313331511711,-2.15482582797195,0.206816009440453,-55.2764822037264,70.5082589381274,-38.6141291719941,164.293044554925
923,9.22,34.847,1.11289482703904,-3.03754138633857,-170.69093783131,95.9357306032912,-2.15838053254757,0.221787910593208,-55.4125208910507,70.5020116157069,-38.8405857268599,164.305579650282
924,9.23,34.857,1.10569154759389,-3.04476871068901,-170.686868590798,95.9532304092387,-2.17485804232801,0.206487957543724,-55.4773063796984,70.4904984069613,-38.9429883263222,164.34743919206
925,9.24,34.867,1.10137543330229,-3.04709584697348,-170.683429289821,95.9648110359258,-2.2132012850063,0.181537572934204,-55.583334006504,70.4772489878979,-39.1014169129683,164.36439365872
926,9.25,34.877,1.1087092719636,-3.05137147872542,-170.7005188955,95.9395548996862,-2.16705522895525,0.217189204319614,-55.5185471145932,70.478210986821,-38.9784149752116,164.366517606293
927,9.26,34.887,1.11145477229752,-3.04710616139053,-170.702677516997,95.9408415113607,-2.18109202054784,0.213289867048385,-55.5586560850915,70.4928911724463,-38.9777274050974,164.36248278135
928,9.27,34.897,1.10053629015417,-3.04516072960379,-170.718431399575,95.9318061624806,-2.15800599108138,0.216749126466069,-55.5391895342107,70.4912726917515,-38.9682971166268,164.347831291158
929,9.28,34.907,1.10097815491103,-3.04007494454258,-170.73562762831,95.9267003631221,-2.1757528257706,0.218112839175724,-55.4995464700991,70.5261252859823,-38.9376089626507,164.353067906586
930,9.29,34.917,1.0877288759213,-3.03878086031131,-170.747464447125,95.9439677530454,-2.20410117115192,0.214933696106843,-55.5068614932483,70.5051073737725,-39.0001246787047,164.347722514641
931,9.3,34.927,1.08277638909186,-3.02520628837167,-170.763845456131,95.9472343591486,-2.26485044136038,0.176743905347519,-55.501595672226,70.5295389565714,-38.9491262707807,164.332379210471
932,9.31,34.937,1.08243854041973,-2.99330441634136,-170.797411163707,95.942291743501,-2.20270772854563,0.209154726487996,-55.4881131052594,70.5781441370305,-38.8986431718389,164.327877823188
933,9.32,34.947,1.09145624487802,-2.9807180149748,-170.811480275407,95.9322153022814,-2.25859443540002,0.184848570788568,-55.4624903242206,70.5893554846613,-38.8030912289088,164.289498165388
934,9.33,34.957,1.08231739623474,-2.98163580518641,-170.79668435125,95.9277943557559,-2.29469757068135,0.183923390771078,-55.5145218488263,70.523704907128,-38.8410406776317,164.288729771334
935,9.34,34.967,1.08094744469756,-2.97436429618421,-170.832260895907,95.9126185199402,-2.21718828625594,0.213812196545012,-55.3653228768933,70.5665675332077,-38.6596530315153,164.251019988184
936,9.35,34.977,1.08642567140915,-2.96186335421525,-170.892635545359,95.9329728434467,-2.20929632157897,0.159083865474828,-55.247776119277,70.6770996987552,-38.5696870270367,164.240048247263
937,9.36,34.987,1.08477872289522,-2.94337007277553,-170.904642159917,95.9173775801411,-2.19704161524102,0.146958514470424,-55.2253183433227,70.6716767660156,-38.5734100977578,164.228876659167
938,9.37,34.997,1.09135494484417,-2.93590791152281,-170.917797187902,95.899405075513,-2.20878236763066,0.138780604027996,-55.164297746652,70.6643618631619,-38.5604899489867,164.241839634106
939,9.38,35.007,1.08569002793523,-2.91321041248363,-170.928133590999,95.8637388159998,-2.20784184633725,0.203526448192141,-55.1039557969047,70.6666148749893,-38.5139839579508,164.235193254046
940,9.39,35.017,1.08509345067643,-2.90543226009405,-170.958015261626,95.857392729813,-2.21411517110741,0.219051348613457,-54.9528300753939,70.6744539402688,-38.3912367294967,164.223772860257
941,9.4,35.027,1.08946260903504,-2.89212585885261,-170.955801205134,95.846984498601,-2.22698639353337,0.207237646913751,-54.9449997659698,70.6340434204056,-38.4857938196416,164.238039767294
942,9.41,35.037,1.0986027277834,-2.86632031858444,-170.989952736861,95.835484664154,-2.20036058405642,0.201281418157289,-54.8115378058624,70.6450677433715,-38.429755918494,164.217611785994
943,9.42,35.047,1.09567297263695,-2.8487406209848,-170.998740525694,95.8570206195128,-2.21510078326498,0.11937835742431,-54.7353688814144,70.6361240685699,-38.3913401809912,164.211861246714
944,9.43,35.057,1.10703653089693,-2.83865497227032,-171.012505381971,95.8505779249435,-2.22774050241726,0.101405681195492,-54.5814151576454,70.6093270164382,-38.3552658307203,164.222586590542
945,9.44,35.067,1.11235443311601,-2.81509278383097,-171.020221879119,95.8412793148561,-2.20834176587899,0.0821032861433027,-54.4780400328484,70.5848033773312,-38.2749211904402,164.199706351887
946,9.45,35.077,1.1147565435726,-2.80548995712265,-171.064206062839,95.8502674868289,-2.16199495423052,0.0690841694053673,-54.1858511143825,70.609479009717,-37.9656846992324,164.16072187563
947,9.46,35.087,1.11885224226219,-2.77773483663881,-171.066602351656,95.8515617541281,-2.16828698165549,0.055377026897011,-53.99450270712,70.5635733454616,-37.8005799348053,164.098839162421
948,9.47,35.097,1.12297997523656,-2.76325437153521,-171.063379644544,95.856102520781,-2.16908169627316,0.070887354554577,-53.8132060917383,70.4920995420896,-37.6779607354644,164.036753673127
949,9.48,35.107,1.12435657560778,-2.76215364203638,-171.088572433494,95.8720655730318,-2.14963759343574,0.0691114733920035,-53.4127977864492,70.4531121314862,-37.2147569099326,163.985251826518
950,9.49,35.117,1.1300886991489,-2.76619532506467,-171.106952930821,95.853631148731,-2.13948997417225,0.184281729351333,-52.9604280253105,70.3723361522553,-36.9084988230172,163.895683068033
951,9.5,35.127,1.13811249491286,-2.76025489330974,-171.113635603692,95.8688297156756,-2.12592401026958,0.0874228003046675,-52.5850075995211,70.2717191760153,-36.682058317892,163.864298652948
952,9.51,35.137,1.15051746622703,-2.74860944826444,-171.094299150842,95.830971314093,-2.16696068811804,0.1595121617633,-52.3033343078044,70.138028008833,-36.4343020701139,163.863739395606
953,9.52,35.147,1.15410638933904,-2.74547300028067,-171.126876664549,95.823653367103,-2.11854707021175,0.168261099001628,-51.7056297665531,70.0571126289344,-35.9475858128143,163.789816772262
954,9.53,35.157,1.16166849877708,-2.73564631141268,-171.120763863259,95.799140518429,-2.11264400412445,0.147076726281528,-51.2542507498177,69.9041434857062,-35.6517884966025,163.742957604127
955,9.54,35.167,1.17458196920606,-2.72297304698281,-171.127191795542,95.7964976766026,-2.09674174527095,0.135265963290937,-50.6945469521007,69.7418906815035,-35.1498520071647,163.72661433781
956,9.55,35.177,1.16640571678549,-2.71969391934372,-171.13756309474,95.7996286055554,-2.05723652284807,0.142792507048151,-50.0264032936796,69.5613963622717,-34.6220356587324,163.653966676297
957,9.56,35.187,1.17018985386938,-2.70794313793312,-171.131252466432,95.796824064951,-2.03405182417317,0.117946966508814,-49.4441757143748,69.3364983709091,-34.2419459418343,163.62759066841
958,9.57,35.197,1.18207260564995,-2.7132616071264,-171.151936110155,95.7827682438468,-2.01892178120228,0.0875071115508128,-48.6228181229142,69.1262255036714,-33.5602992556991,163.558535419504
959,9.58,35.207,1.17845677456257,-2.70745273955034,-171.173577048438,95.7802735541195,-1.94483341300883,0.0862686418890332,-47.8005700252038,68.8844960658287,-32.8933665503762,163.41926067792
960,9.59,35.217,1.17243922403219,-2.69687424967875,-171.182567894858,95.7887151206153,-1.94682974249861,0.055649343112029,-47.0329139207079,68.6023122774712,-32.1400918021809,163.410907164303
961,9.6,35.227,1.19215597449965,-2.67540153668624,-171.208576303735,95.7595544545858,-1.93102231697558,0.0173050505492226,-46.3150010648649,68.360358049911,-31.5141173217255,163.462929482561
962,9.61,35.237,1.18570802718138,-2.68136522969135,-171.194428066189,95.7546745360639,-1.95103480954907,0.0147981822576431,-45.5690107278258,68.0005238361898,-30.942386896343,163.488595532306
963,9.62,35.247,1.16423499987465,-2.65482386753227,-171.211296556652,95.7665297555444,-1.9455893753777,-0.0151915231490522,-44.730582380962,67.662089563063,-30.2527148879095,163.490286731999
964,9.63,35.257,1.16381393458897,-2.66101480354049,-171.227633592416,95.7626739104123,-1.94495005321109,-0.0162117223193476,-43.8464643506667,67.2889333290508,-29.6693173014979,163.527803405965
965,9.64,35.267,1.15499281658278,-2.6323487728036,-171.223329198608,95.7736708147266,-1.98240714279361,-0.0267561857264784,-43.05230572498,66.9025537117213,-29.3336144713243,163.540580117119
966,9.65,35.277,1.14985202020581,-2.62040915967616,-171.254156194619,95.7806397699569,-1.97603786011247,-0.0314196308797323,-42.1406766996986,66.5201241323798,-28.9436254414404,163.615282416767
967,9.66,35.287,1.14303382567362,-2.59032577480463,-171.272021020596,95.7960402829062,-2.00227193791044,-0.0389641833199738,-41.2182420429505,66.0925701930008,-28.5648376475398,163.650865589189
968,9.67,35.297,1.13339479814219,-2.57641224546376,-171.285115436611,95.8262964246378,-2.02585468929744,-0.0339360301812637,-40.2881418258835,65.6301623384373,-27.9503825778989,163.696699815561
969,9.68,35.307,1.13331440427213,-2.54802232836136,-171.321423021977,95.8518360825078,-2.03176334689677,-0.0690194296371703,-39.3088553873307,65.1544294444664,-27.3498943588083,163.728928156185
970,9.69,35.317,1.13249924690514,-2.54561321538028,-171.350000735668,95.8762592994245,-2.03793732641653,-0.0615494301317828,-38.2632326642169,64.6392717895281,-26.609621460178,163.776629785969
971,9.7,35.327,1.13705790917095,-2.53009144754954,-171.385486124232,95.8911648779324,-2.01582780626571,-0.0641129716187765,-37.2351228599413,64.1063387355369,-25.8896266874224,163.836041811128
972,9.71,35.337,1.15196421473496,-2.52269140453596,-171.417591940427,95.8855857909986,-1.85660650003012,-0.110916716399331,-36.1930650102688,63.5404679219136,-25.3344646510925,163.87932212412
973,9.72,35.347,1.14413164168255,-2.50734653717301,-171.461774447053,95.8957752385014,-1.81172325606411,-0.102273327748144,-35.1849256060111,62.963211272499,-24.8761651068778,163.978798813
974,9.73,35.357,1.13488020978862,-2.49536462830266,-171.473741591635,95.910405699641,-1.81633535346137,-0.146338266237829,-34.2855098033289,62.3227364366622,-24.4453932242378,164.034039760499
975,9.74,35.367,1.13401654629966,-2.46632818046964,-171.500235997896,95.9316422427198,-1.79131291258684,-0.173147802518364,-33.3522728378734,61.6630378220068,-24.0357684712432,164.077206173122
976,9.75,35.377,1.14062844068164,-2.45892777769254,-171.552499776575,95.9622147384823,-1.76291201881877,-0.199244384097075,-32.3319920861504,61.0534749075145,-23.4225260518599,164.100278062667
977,9.76,35.387,1.13962839363272,-2.43792708882403,-171.54661807048,96.0282936006498,-1.80393471578336,-0.310389814926208,-31.5055855952368,60.3093539283507,-23.0438223605776,164.142084442724
978,9.77,35.397,1.13770753140818,-2.42704046556649,-171.548925870395,96.033001019891,-1.81306366091366,-0.2194619063975,-30.6202401960105,59.5433230478958,-22.6109728422075,164.160478306919
979,9.78,35.407,1.14031397901386,-2.41836661240883,-171.543677268326,96.088186027881,-1.82152761498907,-0.28929126694252,-29.7527616272535,58.7506389409665,-22.2930153937985,164.178049468939
980,9.79,35.417,1.14476382290708,-2.39748959822328,-171.586164232351,96.0976718095646,-1.77643864072077,-0.325602562470977,-28.7481823617842,57.9968287430363,-21.9577648940875,164.187810405106
981,9.8,35.427,1.14663453998932,-2.37818385899979,-171.605981265267,96.1066285092102,-1.78148700705104,-0.343513867886972,-27.873157936308,57.178181863576,-21.7237508722168,164.215109425564
982,9.81,35.437,1.14605060492726,-2.35569933744695,-171.653769121151,96.1240971171516,-1.73925652504889,-0.354960006018166,-26.9512709997542,56.3690240928977,-21.5039766304862,164.205350569122
983,9.82,35.447,1.14273620495556,-2.32245571024622,-171.701659833346,96.1430958331429,-1.70438750579033,-0.388978375250325,-26.0754198098708,55.5394132040997,-21.3404586390635,164.203015393918
984,9.83,35.457,1.14060223423209,-2.27764194373506,-171.725385073109,96.1764726223296,-1.73279875126812,-0.426148192046316,-25.3073695469582,54.6896719796281,-21.3347727777515,164.210063578779
985,9.84,35.467,1.14127478790819,-2.24531187366514,-171.73608986522,96.2063942139821,-1.75458415419501,-0.445359002447984,-24.5542308636043,53.8007900345981,-21.4238607858804,164.157957772329
986,9.85,35.477,1.12608586094619,-2.20977304086323,-171.790709500851,96.2355248021951,-1.7245937970202,-0.474902224120777,-23.7174187006729,52.9216189272876,-21.4990439035231,164.169491514892
987,9.86,35.487,1.13892132210958,-2.15659519046096,-171.844045664972,96.2517278237907,-1.7387209818484,-0.485365468575882,-22.8542071326694,52.0774853935338,-21.404334448029,164.129160644876
988,9.87,35.497,1.15591675805598,-2.10931851335162,-171.912600609967,96.2703653285024,-1.71028132669639,-0.508199989674147,-21.9570989665343,51.1659996518685,-21.1600860047703,164.045464202901
989,9.88,35.507,1.13822868099541,-2.07585322173044,-171.971061529406,96.3121453534038,-1.71159272838267,-0.544373945961181,-21.1741759488005,50.2135589540481,-20.8657777684108,163.993447255062
990,9.89,35.517,1.1431022020485,-2.04054724574575,-172.041441573575,96.3402689320739,-1.67401185303569,-0.564229093442314,-20.4014869981524,49.2899121999073,-20.6719419900881,164.003429228835
991,9.9,35.527,1.15001049931808,-2.00667608632202,-172.065730137102,96.3650758708743,-1.71303186407512,-0.605167420269025,-19.7859660129508,48.2858886434054,-20.7563027471709,164.05299907314
992,9.91,35.537,1.17144997954309,-1.94928254340043,-172.114432503221,96.3672490975107,-1.71183259741421,-0.648720520131267,-19.1265200233827,47.3406586461919,-20.9511525614138,164.103384128359
993,9.92,35.547,0.813742584618605,-2.02221164851767,-172.154059320808,96.7307150431376,-1.68419870353348,-0.52042551591419,-18.7596443625518,46.2307052831085,-21.2699509517994,164.11816045017
994,9.93,35.557,0.813797135640675,-2.0003018043237,-172.227076882778,96.7481250523304,-1.62490589530625,-0.49375025445317,-18.0773184376932,45.2121669619481,-21.6319917935474,164.079369528957
995,9.94,35.567,0.820515612182454,-1.95608329359988,-172.293029929596,96.7819984356399,-1.59555735878944,-0.5130210935267,-17.413849506892,44.2304366478608,-21.9732138517374,164.037516356526
996,9.95,35.577,0.829339102181576,-1.88762352765304,-172.37239303612,96.8175655326497,-1.56293836253759,-0.5262757632454,-16.8011623017155,43.2712177280491,-22.2829962087066,164.030210373494
997,9.96,35.587,0.81668283207068,-1.8290203731587,-172.403581570395,96.8750114649662,-1.56405194292387,-0.532033600119104,-16.3168723965906,42.2808829803553,-22.5938149186042,164.101526667607
998,9.97,35.597,0.84613377502963,-1.77619967945629,-172.4436801903,96.900717924713,-1.61070045673489,-0.547838996002459,-15.8229532618255,41.271253551655,-22.8825443507379,164.196474173223
999,9.98,35.607,0.94005906716996,-1.69521669312754,-172.523850880635,96.8369208913365,-1.57316446097208,-0.58389518370942,-15.2244685883285,40.359645642988,-23.2269607041649,164.306657058554
1000,9.99,35.617,1.02404247664851,-1.60380391807693,-172.613538286641,96.8019557880098,-1.54487901537557,-0.673831977636924,-14.6286052055014,39.4393995528186,-23.6106988484411,164.377286603308
1001,10,35.627,1.06722957119595,-1.54273256688474,-172.679141633454,96.7910243742003,-1.50927339000963,-0.71284418874428,-14.1245681351047,38.4925803615503,-24.1154749146426,164.446623222087
1002,10.01,35.637,1.11689609766571,-1.4763878575354,-172.7203213445,96.7835234760802,-1.47507712172343,-0.764186423102724,-13.6793864583728,37.5135022154251,-24.3903274861305,164.515344388202
1003,10.02,35.647,1.13411575290232,-1.40700604978203,-172.811281155556,96.8125391603869,-1.41325748968543,-0.759334201943731,-13.1803503856234,36.5750944774298,-24.664554910517,164.54069749601
1004,10.03,35.657,1.17263851354548,-1.34602526719143,-172.879078305875,96.8293797733289,-1.44086170210251,-0.808553657859667,-12.7204928714716,35.6031816593584,-25.043270912415,164.583920837975
1005,10.04,35.667,1.1821013336222,-1.28288951311287,-172.94178903933,96.8736047952017,-1.43328515072618,-0.851997735446412,-12.3169489191273,34.6343941302101,-25.2916362326713,164.675125276572
1006,10.05,35.677,1.21443089491927,-1.22752687556404,-172.973667780608,96.8711125047346,-1.40465577058748,-0.826106885946596,-11.9495760641528,33.6565271367144,-25.9005615329268,164.812571171631
1007,10.06,35.687,1.22630829674233,-1.18971567727283,-173.045010735127,96.8676565754134,-1.32748515379981,-0.825257858012475,-11.526211808152,32.669214389766,-26.311821508637,164.905935312166
1008,10.07,35.697,1.25108904185595,-1.13409158531958,-173.132682594972,96.8522041647334,-1.23595179751173,-0.833234431791176,-11.0621111992022,31.7357907016847,-26.7534434428023,164.90558703441
1009,10.08,35.707,1.2295177240589,-1.08683489083396,-173.241789554001,96.8824878951768,-1.17359189490768,-0.867933283116735,-10.6668002595499,30.7760924451016,-27.060719810098,165.039255365618
1010,10.09,35.717,1.22716225292005,-1.02255513787738,-173.409070059252,96.9213656149058,-1.12423265375796,-0.923586698871186,-10.1329686699975,29.857541648688,-27.2814411254688,165.035831976931
1011,10.1,35.727,1.23210244520033,-0.951782602468574,-173.573522054679,96.9669767159566,-0.980208915548642,-1.0216723245117,-9.67526556834288,28.9599291162142,-27.5900770842693,165.121673636881
1012,10.11,35.737,1.21341071706419,-0.883801513365993,-173.709814391665,97.0415422398433,-0.903206859720792,-1.097409597785,-9.2771388548097,28.0487946341213,-27.9935034919332,165.195667692079
1013,10.12,35.747,1.20182639348892,-0.833253812348683,-173.731130426748,97.0996379794073,-0.914113449790101,-1.12874724445211,-9.10516875347824,27.1656606294932,-28.6051173152378,165.432192597934
1014,10.13,35.757,1.19365177647444,-0.793586592524085,-173.828235603888,97.1527998778661,-0.841514350629158,-1.10936277240146,-8.79611300020538,26.2772527882127,-29.2585518693983,165.563275359592
1015,10.14,35.767,1.1761953442085,-0.770981198948623,-173.929963329611,97.2032918262955,-0.790603761975494,-1.08137260885504,-8.47278205659422,25.3746297361083,-29.7743662086778,165.643988651059
1016,10.15,35.777,1.17366898830272,-0.721814003676153,-174.035497229172,97.2331104995715,-0.686042996682138,-1.08038163185599,-8.14444649862608,24.5498434426977,-30.3207254857977,165.709510182276
1017,10.16,35.787,1.16677241852987,-0.652106783539133,-174.170530982084,97.256906397248,-0.604515102727792,-1.14565793485258,-7.78181037658868,23.7455567302339,-30.8271913993113,165.715051142599
1018,10.17,35.797,1.16573998536865,-0.567052413337068,-174.309525317633,97.2739798641255,-0.532569881840681,-1.20308766175865,-7.43228560557954,22.9902161455959,-31.2487775723476,165.716868602707
1019,10.18,35.807,1.16576731455416,-0.487580937499781,-174.432525838089,97.316994089944,-0.53153775123621,-1.28244490399259,-7.11977086986752,22.2376515787507,-31.8804126323096,165.786456689274
1020,10.19,35.817,1.150530340638,-0.410220298679409,-174.531711448276,97.3797732043983,-0.570072833656528,-1.31386663580305,-6.8328474638682,21.4948840789105,-32.387316434921,165.786463381508
1021,10.2,35.827,1.14948191116242,-0.359969241839347,-174.656366076436,97.4348447290885,-0.545404578921095,-1.30354569127299,-6.51927629031189,20.7740102419721,-32.9783273658001,165.815661138072
1022,10.21,35.837,1.15258592783815,-0.312122399274499,-174.758389262176,97.46915419362,-0.451023312497721,-1.31705532098431,-6.24403126151199,20.0491313757712,-33.6175065837853,165.857997219081
1023,10.22,35.847,1.1346401664141,-0.283680199185781,-174.85764366847,97.5268436581269,-0.408493068972868,-1.29603576583374,-6.00885848923616,19.3121025116109,-34.2938948208424,165.91584162101
1024,10.23,35.857,1.13598793273227,-0.259795966445841,-174.965440119568,97.549652661829,-0.379863188701801,-1.27418517193128,-5.73471355467413,18.5920658856503,-34.7017555831072,165.895045733615
1025,10.24,35.867,1.14348112893828,-0.23355146322199,-175.08689869327,97.5661141943118,-0.273033661090159,-1.23789881020028,-5.53565584351126,17.8607466702006,-35.7418043798984,166.043160237684
1026,10.25,35.877,1.13964434351249,-0.18249633760462,-175.208741153009,97.6021992929449,-0.17853793699571,-1.25107287286222,-5.27276348881076,17.2470228067705,-36.1134241012562,166.015284365629
1027,10.26,35.887,1.13922271144897,-0.109322767699786,-175.330341294103,97.6197856725421,-0.0957499821425362,-1.30089935024743,-5.00439217782641,16.6934804795523,-36.3700994011465,165.96303134553
1028,10.27,35.897,1.12550997590317,-0.0396672321909407,-175.438450309523,97.6601412911616,-0.0292968569124603,-1.36662318585679,-4.78458788028435,16.1383540232084,-36.8230008615503,165.91284786762
1029,10.28,35.907,1.12720785070868,0.0486226337355147,-175.550738270198,97.6921760563437,0.128591724556588,-1.48094616754821,-4.53991000318966,15.6355266350474,-37.2293928831719,165.842315244874
1030,10.29,35.917,1.12819123453169,0.129298995443552,-175.647130589619,97.7318014291663,0.163062279343875,-1.56600722508637,-4.32626592273454,15.1367776305638,-37.7598895711042,165.804266381152
1031,10.3,35.927,1.13177785474415,0.178269692092318,-175.741394641968,97.752493062295,0.134101449644461,-1.60940800145086,-4.12632293529672,14.6317911963138,-38.3325710878324,165.782252175674
1032,10.31,35.937,1.1248319765912,0.241472183647149,-175.832078402733,97.7740379937066,0.130469164767492,-1.62669407784516,-3.96943482825103,14.1665717212281,-38.9536157597824,165.824645911266
1033,10.32,35.947,1.12955747875195,0.276713564991364,-175.929677094057,97.7952735086497,0.155196783078876,-1.62035517877835,-3.78127365799556,13.7126557876248,-39.452612171935,165.812149759827
1034,10.33,35.957,1.14259855802462,0.309109664531239,-176.027756119621,97.8076582750243,0.244188566783082,-1.55707007511884,-3.59429291480073,13.264702652524,-39.9015839657859,165.777146008771
1035,10.34,35.967,1.1293407784782,0.352479085218256,-176.145644506128,97.8454242741177,0.429055012304945,-1.56255714014523,-3.42718693069026,12.8707767573878,-40.2648262601653,165.771091939426
1036,10.35,35.977,1.11938511569469,0.396412214689142,-176.242513115457,97.8959332809232,0.506787279813723,-1.57854100846956,-3.27521047219656,12.5012798292982,-40.5390573982821,165.737265218637
1037,10.36,35.987,1.10411715586254,0.444699160586088,-176.364617436218,97.9417681657226,0.603122863668174,-1.61228585792587,-3.11959759728843,12.1525164763261,-41.0131479962568,165.712217311
1038,10.37,35.997,1.09319063791684,0.500838216445532,-176.466882704454,97.9768505960008,0.633084328095291,-1.68913570045537,-2.99212929974087,11.8492251220976,-41.4216591308211,165.717776548702
1039,10.38,36.007,1.08188640838984,0.534741568419678,-176.545807956019,98.015381758564,0.638747398751354,-1.69269083465654,-2.89319336259542,11.5469260746328,-41.8684353690349,165.787500579802
1040,10.39,36.017,1.08014415022589,0.594428081720408,-176.644634920323,98.0358956196872,0.681125820055036,-1.69941875601563,-2.77308139232809,11.2846152735805,-42.3129796479258,165.80885908874
1041,10.4,36.027,1.08262531209102,0.621221603183925,-176.70830154735,98.035295708847,0.711382202292139,-1.68401496306397,-2.70037285478056,11.0020727844544,-42.8180537364291,165.90424713753
1042,10.41,36.037,1.08711742611251,0.647886920858904,-176.771950065926,98.0286901463282,0.767854982047358,-1.68767599722718,-2.62211564647787,10.7349776098913,-43.3447540492163,165.984095766275
1043,10.42,36.047,1.08136121066915,0.669473181325728,-176.837858088192,98.0354996172741,0.844156973513055,-1.64940389685789,-2.55660577466168,10.4616757898703,-43.8403658467615,165.972887557104
1044,10.43,36.057,1.09377270312847,0.683404328265652,-176.904110559191,98.0125344666958,0.915434771095712,-1.64250934407281,-2.4546752803989,10.2048117379214,-44.2622086903773,165.989246969609
1045,10.44,36.067,1.1107118904248,0.693293462168271,-176.979470267867,97.9807122742141,1.03587628078347,-1.64573021520357,-2.33001060454771,9.96465754128423,-44.7555677412871,165.983446724913
1046,10.45,36.077,1.10839517157776,0.710493257674626,-177.063707253417,97.9747736907472,1.13417788433084,-1.66663806238378,-2.19930036814297,9.73733537616871,-45.1566556493382,165.913588084469
1047,10.46,36.087,1.12691450028808,0.720552834610471,-177.159337748578,97.9548483305377,1.25305161411747,-1.68832843718851,-2.03573274312881,9.51663289826588,-45.5067691208124,165.836370399871
1048,10.47,36.097,1.13835257733515,0.732200711592911,-177.232767832323,97.9435502003878,1.33579862882838,-1.70520703289472,-1.92341454898276,9.32334996170338,-45.8400017561161,165.828305107954
1049,10.48,36.107,1.14412375545423,0.73734428252143,-177.296166328411,97.9537609212202,1.41283598663295,-1.73984121917164,-1.83416562128152,9.13659309438096,-46.1317250846214,165.802530786813
1050,10.49,36.117,1.15616685395714,0.746087686272451,-177.368800333146,97.9629908570594,1.46442375019027,-1.73322117469546,-1.73002129093823,8.96679529613548,-46.4545854831711,165.807588080688
1051,10.5,36.127,1.17676243167075,0.746079537371491,-177.450386553592,97.9557368191428,1.5513534248769,-1.72091230639117,-1.60971837639565,8.81354740642175,-46.6762783137037,165.782906909698
1052,10.51,36.137,1.19959086843146,0.754838578535215,-177.497075757776,97.9525185513073,1.56454954516812,-1.74540511386763,-1.5074083980926,8.68572569912421,-46.8329734631992,165.765959496061
1053,10.52,36.147,1.19946757117069,0.742648204040568,-177.550451534912,97.9618976718938,1.60429365996006,-1.71627849326438,-1.42119634081235,8.52937786510559,-47.0420272753938,165.743089462495
1054,10.53,36.157,1.21349413381514,0.739534204079449,-177.608365777454,97.9673108946791,1.6299945422874,-1.71046306919115,-1.32111795119422,8.40441279207558,-47.1675152452656,165.666837160222
1055,10.54,36.167,1.22211657417158,0.751239674892815,-177.657729057146,97.9627171357599,1.6529553430428,-1.74864790361554,-1.24218600314365,8.30198418144842,-47.2142864784376,165.452051484616
1056,10.55,36.177,1.23437195102377,0.75482869128718,-177.731227904802,97.9534367685663,1.71759758591186,-1.74000894594876,-1.12772198719441,8.20679391191493,-47.2338000581923,165.435694683477
1057,10.56,36.187,1.22965331187712,0.755469472539907,-177.784994542202,97.9695409807495,1.76153449362468,-1.76349176579585,-1.05580642734021,8.09020098719047,-47.3429633201251,165.452422676588
1058,10.57,36.197,1.23836439659171,0.760462503616153,-177.842443891126,97.968010037573,1.78444333928927,-1.81298141860579,-0.971734181672752,7.9974142566983,-47.3725178857297,165.46753913846
1059,10.58,36.207,1.2356446061605,0.756161505885503,-177.906515776121,97.9679824795365,1.8460021861198,-1.80957650850943,-0.876942563000692,7.90987167345532,-47.3702096548553,165.412180357405
1060,10.59,36.217,1.24837255831726,0.75421697556273,-177.954976741532,97.949172715892,1.87428399215201,-1.85312223312605,-0.796209356164409,7.8197649135979,-47.4292013610007,165.4232696377
1061,10.6,36.227,1.24906903650902,0.757881577492548,-178.015850448001,97.9439858742108,1.92353981565913,-1.86502704406059,-0.713667720004616,7.73634394482334,-47.51338000413,165.381712975721
1062,10.61,36.237,1.24983080456824,0.738585903849526,-178.060799224103,97.9414449818856,1.94379823210667,-1.87674274640056,-0.652582960519882,7.64771057644915,-47.6565154258606,165.41820031404
1063,10.62,36.247,1.24933990545111,0.736909156829687,-178.114437436606,97.9280840700373,1.98916555630148,-1.85851171391931,-0.591797658474465,7.56995373914055,-47.7282891837075,165.449167755811
1064,10.63,36.257,1.27672919612162,0.729941761914455,-178.160607703649,97.8909937492608,2.01749736583128,-1.89211156304247,-0.505777048927428,7.49779125904219,-47.7649614379706,165.452103061675
1065,10.64,36.267,1.27453232387686,0.72727600363194,-178.211330668226,97.8840428106689,2.05056509006359,-1.88966870861622,-0.446865222203769,7.42711783667166,-47.8174338866513,165.441868179035
1066,10.65,36.277,1.27854119581191,0.695965068073739,-178.263739297737,97.8585170703105,2.08827105560395,-1.88169311433957,-0.388574183612436,7.33421568379291,-47.8041224557238,165.455575027436
1067,10.66,36.287,1.28845852572508,0.683896233276978,-178.324470346575,97.8282211382696,2.15338762720968,-1.89526717993041,-0.288713865733181,7.28167218103303,-47.7239125671567,165.410629930732
1068,10.67,36.297,1.29088222661615,0.690497702308388,-178.378465575273,97.8042991948634,2.18840014736522,-1.92458531802276,-0.224680514241836,7.23149278806617,-47.7384762105188,165.410289132499
1069,10.68,36.307,1.30281308497059,0.692647782608157,-178.430578853861,97.7860790213405,2.23267056187019,-1.95352845933721,-0.161146173424367,7.19014071880795,-47.7262445387567,165.373423233084
1070,10.69,36.317,1.30672565767463,0.686544534231292,-178.531997543819,97.7737964956932,2.32264098181666,-1.98903289780087,-0.0641039532393799,7.15507915148312,-47.6892461656693,165.372322756647
1071,10.7,36.327,1.30636460299998,0.673742124217818,-178.578390805463,97.7697781036765,2.36525062659103,-2.00496161735614,-0.0242573913291243,7.09396120438099,-47.7346300912291,165.411643493807
1072,10.71,36.337,1.30225155873374,0.66439962830195,-178.619378307033,97.7680475545263,2.41580006117135,-1.98583066744515,0.00715597727843918,7.04293971700867,-47.8118573127654,165.412369879101
1073,10.72,36.347,1.29879278391556,0.669243499921629,-178.685457480377,97.7770254707612,2.48113071913413,-1.9950425534508,0.0551808104758088,7.02596905083451,-47.8346115414048,165.421399958349
1074,10.73,36.357,1.29459411238639,0.635869127664198,-178.706396370521,97.7744223329212,2.48924768508383,-2.01963585584008,0.0530266082487051,6.96634838727641,-47.9163746952631,165.43681174568
1075,10.74,36.367,1.3004003498384,0.63487360034374,-178.747462794603,97.7793603957266,2.53453324511291,-2.02838124598601,0.0957253073663927,6.94674073487018,-47.9935152988433,165.439464181071
1076,10.75,36.377,1.28532542288788,0.625012319350773,-178.804880285574,97.7812820715802,2.58693102339928,-2.00180864439019,0.11655644546765,6.9233077037027,-48.0118953245015,165.452568488296
1077,10.76,36.387,1.2858579102083,0.606470205172874,-178.826322996954,97.7812011653048,2.5962769484875,-1.99687903437274,0.128605769690359,6.89305723202002,-48.0592415516102,165.453351374409
1078,10.77,36.397,1.27482364486651,0.586987356374512,-178.851339729769,97.776533162775,2.61313527621681,-1.98857224684077,0.134032672101943,6.87583712985812,-48.1197878658167,165.453594371286
1079,10.78,36.407,1.2684212682052,0.587361600869036,-178.885721525451,97.7821174227996,2.65343670019325,-1.97367631731019,0.13193713810973,6.88418236967143,-48.1090466344244,165.480877039782
1080,10.79,36.417,1.2563895842092,0.574872593913217,-178.924799846939,97.7937811010073,2.64413710542441,-1.97399341693194,0.132444104321184,6.88761134414683,-48.1196738432643,165.433073365516
1081,10.8,36.427,1.23926594951089,0.563309010330063,-178.96600164837,97.8075063531169,2.83669030656662,-1.96243430425781,0.139409410021023,6.90283254113109,-48.1461387647071,165.361793957928
1082,10.81,36.437,1.22619991272898,0.546147238320295,-178.980705182016,97.8155602686505,2.80838623832875,-1.96385022248797,0.114645983506563,6.91599661765967,-48.1376394851304,165.341738424634
1083,10.82,36.447,1.22907528258,0.540153499471513,-179.015929431372,97.8144729611893,2.81701405794614,-1.9716929081897,0.124875553508347,6.9482015736674,-48.1641990993014,165.336116075735
1084,10.83,36.457,1.21666511290048,0.522951725286219,-179.06088135161,97.8155018398341,2.92760994299969,-1.96336483865306,0.0930421432851384,6.9616294252437,-48.2614659278274,165.329248319344
1085,10.84,36.467,1.20694059539599,0.506761643702392,-179.085878472606,97.8098165873486,2.91333911344728,-1.97013390234808,0.0527280523316072,6.9912042493045,-48.272624676838,165.34150263154
1086,10.85,36.477,1.2269584269542,0.489013391759041,-179.108764644964,97.7853751221236,2.89494823923841,-1.97284723278247,0.0375361295272827,7.0232006937012,-48.3310409012415,165.3152387799
1087,10.86,36.487,1.21965932355994,0.465101124884555,-179.143810705264,97.7758856266922,2.93276778782626,-1.98534216218614,0.00918224271607907,7.05506077865319,-48.3533339830416,165.252614970298
1088,10.87,36.497,1.21950896617867,0.457716629584394,-179.168876712787,97.7567517954721,2.93774904631808,-1.97372903496453,-0.0456605523518853,7.09664467769338,-48.4154916677273,165.26398075466
1089,10.88,36.507,1.22497296830694,0.427201628779023,-179.18513939815,97.7287305615524,2.92777455329659,-1.9774415907693,-0.0947571394620939,7.13141337336358,-48.3357123870054,165.25273454639
1090,10.89,36.517,1.22330182196066,0.419474045477338,-179.229157783928,97.7207886842728,2.94144920818892,-1.99820450302201,-0.138587278533571,7.19415353336338,-48.2301819135576,165.186258184026
1091,10.9,36.527,1.22921391803081,0.398411185231014,-179.259146713073,97.6987306472229,2.96505027500124,-1.99175468414858,-0.152514901946507,7.2628481668294,-48.0959493648508,165.053031252948
1092,10.91,36.537,1.21791533801589,0.395151667921743,-179.283799352366,97.7017616281849,2.97504162999579,-2.01049168100583,-0.214385676186903,7.35902622314551,-47.962168749929,164.929640028917
1093,10.92,36.547,1.21791471213278,0.369718493518908,-179.309512706188,97.7063744850996,3.11463248458859,-2.02227355775028,-0.264747514254972,7.46337157254461,-47.8512931378303,164.757972240121
1094,10.93,36.557,1.19699498411249,0.358592431933123,-179.337400234823,97.7363405083447,3.11478332603544,-2.00236628783697,-0.327464546100159,7.5754518020243,-47.738278026453,164.624880189779
1095,10.94,36.567,1.20145384610163,0.345535088431286,-179.347016756356,97.7323294562843,3.08528621337298,-1.99835266410227,-0.415697460791145,7.70376183754306,-47.6695113487108,164.483699281691
1096,10.95,36.577,1.19870200151672,0.323984267087837,-179.358723877064,97.7270577436178,3.10017501182546,-1.99007997374084,-0.529348463677916,7.82207300078189,-47.637450482496,164.443890136701
1097,10.96,36.587,1.18118031370719,0.303203554701998,-179.347628534878,97.7263177674611,3.0781476744737,-1.94768259142332,-0.673670148498108,7.94872389085192,-47.6543777977679,164.363626065815
1098,10.97,36.597,1.18535746438241,0.288614861639451,-179.364723110828,97.7147696323984,3.06584968739243,-1.95189915985401,-0.766139610360045,8.10764543054939,-47.5086071721102,164.183103454115
1099,10.98,36.607,1.17854283377745,0.268631157164452,-179.366125846439,97.685281608725,3.0268314241855,-1.96922620911596,-0.909303400702813,8.26917703439444,-47.3716513049197,164.074604875413
1100,10.99,36.617,1.17430553480818,0.245135953813562,-179.358423314935,97.6699577752446,2.98781039393716,-1.94651103054894,-1.06418893788849,8.46180244619186,-47.2506710987113,163.925555895239
1101,11,36.627,1.17791610571558,0.22261874585452,-179.357426785421,97.6555918938952,2.94657955224712,-1.95395021173942,-1.22554432273196,8.66469767809277,-47.1091199425577,163.793340193178
1102,11.01,36.637,1.17508949517831,0.196478217725157,-179.352751075947,97.6474253885894,2.91756775105391,-1.95855438777259,-1.40030288002862,8.89383069736974,-46.9778520823169,163.657864448644
1103,11.02,36.647,1.17192772260383,0.168095417015908,-179.329387620081,97.6395704312598,2.88584097970946,-1.920732230649,-1.60537757851755,9.14321420439632,-46.9294145593051,163.521391526531
1104,11.03,36.657,1.18460333736306,0.158179656906195,-179.305711123285,97.6186937788314,2.81554905085398,-1.92983595891684,-1.79459011456383,9.41817661399367,-46.6903187900554,163.503587019512
1105,11.04,36.667,1.18183024123617,0.125858921352031,-179.267699640616,97.6119119624026,2.80550145088516,-1.90993144321118,-2.01701647599848,9.7032800530448,-46.3454962100663,163.363338131
1106,11.05,36.677,1.18550233544485,0.0989871380541286,-179.215643767235,97.5887225210462,2.75825047382485,-1.85196202788615,-2.27652651772595,10.0038426430682,-46.1590345553899,163.320097951793
1107,11.06,36.687,1.17548512559839,0.0721731139952053,-179.163999886008,97.6030665015818,2.69056531681294,-1.85979802312125,-2.54093308944733,10.3406609953859,-45.8874946308019,163.240538236634
1108,11.07,36.697,1.16996025039805,0.0434341636544201,-179.105823801652,97.6096056281209,2.79292338112603,-1.84880056467362,-2.82501045853962,10.7240906280567,-45.533757742582,163.145595282224
1109,11.08,36.707,1.1658125463813,0.00861605702483088,-179.028635310777,97.6109168573601,2.73997300093292,-1.80480704824775,-3.11526660040312,11.1140170534168,-45.253875286843,163.054273248271
1110,11.09,36.717,1.16216564568639,-0.0142944846050068,-178.964747009528,97.5900189961519,2.69714632078143,-1.80181336585827,-3.38803827555621,11.5687274492955,-44.8837020117536,162.887564887314
1111,11.1,36.727,1.16784002658952,-0.0314440401520331,-178.905108744268,97.5745047500018,2.63947639198677,-1.78579708959249,-3.64431458156273,12.0905179175463,-44.4969034199657,162.663736007361
1112,11.11,36.737,1.16922925305094,-0.0773857555790259,-178.824350348548,97.5476592863094,2.57138368283812,-1.72671153652601,-3.91282512602412,12.6243531804626,-44.2679615457631,162.376075131472
1113,11.12,36.747,1.18782332694451,-0.101155922701178,-178.748729061356,97.5161553326485,2.4739585393257,-1.72294609892975,-4.16349168635414,13.2299843408982,-43.9357378737141,162.094029561093
1114,11.13,36.757,1.18933606297532,-0.140614842711394,-178.663238755846,97.4936310492608,2.38120243512011,-1.64220682243866,-4.44904775509514,13.856996427631,-43.5668420693544,161.799098610832
1115,11.14,36.767,1.20551042043529,-0.176732810219123,-178.577948145713,97.4657402529301,2.28070633034459,-1.57288667782167,-4.69623876488345,14.5298356057406,-43.2355571044432,161.454290207275
1116,11.15,36.777,1.20996859478803,-0.213972286214025,-178.471546860405,97.4515362763957,2.15844722245151,-1.53513140790784,-4.98895001090053,15.2361352474737,-42.817384348475,161.107585794808
1117,11.16,36.787,1.22137786948609,-0.250423103068189,-178.36902438769,97.4282043674048,2.07880074954401,-1.49132126604963,-5.26588608236775,15.9650283443533,-42.472494211802,160.742171689046
1118,11.17,36.797,1.21377113043326,-0.299900594422198,-178.279461540014,97.4284931363719,2.00504728690313,-1.45782605204345,-5.53037414537132,16.7350883879221,-42.0857709317411,160.321007073078
1119,11.18,36.807,1.22381606653012,-0.339980884639025,-178.152372797352,97.4161310872564,1.9160802679785,-1.4187560229324,-5.82180079066803,17.5348640065208,-41.7727801745809,159.904951212819
1120,11.19,36.817,1.23285202059831,-0.372832795675736,-178.033375104381,97.3873002084797,1.84157086668082,-1.37508068168089,-6.07029192599044,18.3931843830773,-41.4272760431803,159.420511826763
1121,11.2,36.827,1.24287211330954,-0.423757351080696,-177.926773873879,97.3740772103124,1.78052104234217,-1.37336597059514,-6.32381747155586,19.2483258262953,-40.9888478180387,158.925292158538
1122,11.21,36.837,1.24602213118089,-0.454719696696081,-177.811651333708,97.3581552388261,1.81944514342665,-1.34818192762121,-6.56016860471165,20.1709298606487,-40.4617540403529,158.349891933874
1123,11.22,36.847,1.25924994076235,-0.491592694328104,-177.699231519818,97.3272753722213,1.71578902463927,-1.32035183736679,-6.77330782238027,21.1364758709939,-39.799929253622,157.744983285434
1124,11.23,36.857,1.25978383241848,-0.5357525185457,-177.570722763086,97.3179535861001,1.54523335001335,-1.29077941096682,-7.03839024383419,22.0915064533214,-39.138955705246,157.16757685932
1125,11.24,36.867,1.27581831384914,-0.577268783685503,-177.454222730576,97.2906535161657,1.40333628770834,-1.25451773691744,-7.2568196885279,23.0681093739537,-38.357087753268,156.577363307132
1126,11.25,36.877,1.29564637584038,-0.619695298208603,-177.338036885677,97.2580227422287,1.27034905989164,-1.20637913442365,-7.47911634962438,24.0683085466367,-37.541667378753,156.000215248052
1127,11.26,36.887,1.31534118377115,-0.651112553683229,-177.209117089287,97.2178305303685,1.12541481791782,-1.18118894472772,-7.71388726802579,25.0714397706443,-36.6735133050665,155.438395223015
1128,11.27,36.897,1.32646388446223,-0.70387712511446,-177.07543149586,97.1782937876678,1.03648123525283,-1.13286666444799,-7.98005303878557,26.0468975646398,-35.8507704944767,154.922014734705
1129,11.28,36.907,1.32455809478684,-0.753934961122062,-176.963736436802,97.1469974732828,1.06911590452856,-1.13877522252453,-8.22911726668674,27.027191092268,-34.9865030890483,154.385763458184
1130,11.29,36.917,1.34000924143085,-0.796261834963094,-176.84197823897,97.1038344973182,0.992692359248453,-1.12434226817143,-8.48411310327793,28.0251095555877,-34.0953067348103,153.876386831675
1131,11.3,36.927,0.973860938201523,-0.941317705242027,-176.724521614586,97.4274695046779,0.868697751276699,-1.04113120189233,-9.04530507941042,28.92105774631,-32.9535875713782,153.295949457042
1132,11.31,36.937,0.978384406887573,-0.97955432528927,-176.609025598973,97.4166963795683,0.732311621653185,-1.03268999333749,-9.28192361085337,29.918782561795,-31.8823733826397,152.756798681556
1133,11.32,36.947,0.992793613285889,-1.02731137441457,-176.503667371384,97.384284113985,0.621243448039039,-1.00299620407693,-9.46826705694102,30.9292767924855,-30.7271630562783,152.165801918973
1134,11.33,36.957,1.01967343738838,-1.05582744909038,-176.405564651464,97.3418735660679,0.520177600402355,-1.01091867975597,-9.63637837668474,31.9567213449417,-29.5844418067413,151.552872112857
1135,11.34,36.967,1.02170577127166,-1.09684132993033,-176.286364401912,97.329676429862,0.498131914372795,-1.02811038327251,-9.89686206267051,32.9372059501834,-28.6751124721967,151.039039661752
1136,11.35,36.977,1.02979206968399,-1.1364174164096,-176.15476762038,97.3042316677766,0.363413387773587,-1.00416698971326,-10.1680464930255,33.917301020945,-27.734810922375,150.50711591839
1137,11.36,36.987,1.03517180630246,-1.18766599759506,-176.052297869231,97.2796425641915,0.303383048127257,-0.982537572891272,-10.3946906841793,34.8963478165405,-26.6764999838784,149.950070343677
1138,11.37,36.997,1.03849549126233,-1.23610509598875,-175.929429138751,97.2508767351559,0.21131882660651,-0.954271207710671,-10.6773336996299,35.82184462523,-25.751077397952,149.415503827626
1139,11.38,37.007,1.05938076106706,-1.26597749813597,-175.782543541335,97.1955502167198,0.125321660161445,-0.949631067196648,-11.0003306603615,36.756929598636,-24.8782989905143,148.951139286872
1140,11.39,37.017,1.18170580876321,-1.26609323593377,-175.648979996801,97.0550341218736,-0.00708380197343613,-1.00595233537612,-11.2218030811549,37.6994919855592,-23.9691428348007,148.477291117235
1141,11.4,37.027,1.26857017589367,-1.26732034879918,-175.528072770624,96.9414016285674,-0.106195707126267,-1.05929631705697,-11.4854151187474,38.6572492634026,-23.0356761338199,148.019260802091
1142,11.41,37.037,1.33488638060137,-1.28962284699663,-175.439395471216,96.8464843710103,-0.172997424568992,-1.08960974735102,-11.6828874131994,39.6133385099186,-22.1263826184333,147.514410521596
1143,11.42,37.047,1.37967624218562,-1.30554926630957,-175.32412942992,96.7830796085463,-0.261097219291491,-1.09764466992412,-11.9863035211851,40.5324990585423,-21.5236701684148,147.052235832905
1144,11.43,37.057,1.42645641751887,-1.33248953572719,-175.17892679739,96.7182029439069,-0.38840797291661,-1.08507366356101,-12.3388831889729,41.4432280232223,-21.1079250368465,146.607155883204
1145,11.44,37.067,1.46314845931398,-1.36711902801968,-175.077353010201,96.6655692311509,-0.446846200020141,-1.08695412136483,-12.6308505507505,42.3365925624409,-20.3908470960516,146.14225446812
1146,11.45,37.077,1.49577996070891,-1.39732234236708,-174.995388746209,96.6146879760457,-0.512796873702746,-1.07992045997301,-12.8888744701835,43.224009864774,-19.5686203284612,145.656748691507
1147,11.46,37.087,1.5217454155745,-1.43539633912252,-174.896022825483,96.5644019733128,-0.560486933479247,-1.07322732046127,-13.2012484820693,44.0659658175756,-18.7093515021029,145.208572616297
1148,11.47,37.097,1.54122740253661,-1.46179226519891,-174.787736986856,96.5195155250772,-0.658794882551635,-1.06467930536815,-13.554913026249,44.8896792470701,-18.0401597548345,144.777762135151
1149,11.48,37.107,1.57031036254784,-1.48960287258068,-174.634607777353,96.4802339510702,-0.757016742653511,-1.05801395983111,-14.0382718392116,45.7119366647195,-17.4240081363979,144.416618792469
1150,11.49,37.117,1.56596664938904,-1.53764294315442,-174.555957293595,96.4620913620961,-0.781164442507787,-1.03597407257172,-14.3831246596186,46.527610103029,-16.7725328452449,144.007047709365
1151,11.5,37.127,1.57810451642953,-1.58416040415191,-174.41373386676,96.4292162053825,-0.907044455934979,-1.01168299162332,-14.8706905036555,47.2894250835183,-16.1823641560806,143.628694129238
1152,11.51,37.137,1.58632867489512,-1.62464459528946,-174.33199513957,96.402807558817,-0.93222252863914,-0.968903618753023,-15.1995213769485,48.0585538331938,-15.5857763873916,143.181003657887
1153,11.52,37.147,1.60926363578114,-1.68243993579867,-174.225843056792,96.3657741177417,-0.989515983020037,-0.936130833401359,-15.5766980087737,48.763022875432,-15.0723189505598,142.731843692597
1154,11.53,37.157,1.62579258215206,-1.72203281167237,-174.13715735298,96.3312759942672,-1.03083619080078,-0.907901423585669,-15.9318454364272,49.4852840378805,-14.4351016765162,142.24721626196
1155,11.54,37.167,1.64228830452851,-1.76940922587039,-174.073264179343,96.2977080488854,-1.04562346440238,-0.909847976247296,-16.231819988509,50.1976886744826,-13.8084780062541,141.739796298232
1156,11.55,37.177,1.6531006029402,-1.8004755416911,-174.023117408544,96.2701026893645,-1.07137399171546,-0.916704468622493,-16.5054567493259,50.905672643636,-13.101829049862,141.243931753668
1157,11.56,37.187,1.6671507278188,-1.82384463869834,-173.958508465928,96.2297912628211,-1.10944410673595,-0.912832702338057,-16.8262984998363,51.5823892390984,-12.5178378629729,140.758921545486
1158,11.57,37.197,1.69221085464553,-1.8571004498801,-173.895271442084,96.1968932691673,-1.12163224051175,-0.897732894411406,-17.1238988072786,52.2520098597209,-11.8996481534623,140.298024806993
1159,11.58,37.207,1.69792240290359,-1.89164762163921,-173.847956456724,96.1844637264881,-1.15214637888461,-0.895279919248592,-17.4173624494366,52.8930821211073,-11.4392700641513,139.860250802888
1160,11.59,37.217,1.71819379031168,-1.92188863174837,-173.854321441565,96.1617732877256,-1.13104392175279,-0.894536516432711,-17.5114858086102,53.6216960606813,-10.705725633401,139.350203550274
1161,11.6,37.227,1.74352234781615,-1.96342781615914,-173.808834199577,96.1221633379074,-1.14446769095979,-0.899958343767091,-17.762097883524,54.2434160822716,-10.1430633826062,138.87408951726
1162,11.61,37.237,1.74972360847693,-1.99308902645835,-173.726936184383,96.1116232399276,-1.19882905587256,-0.875866420637577,-18.1845437923668,54.8221546494339,-9.76381455319665,138.464031647365
1163,11.62,37.247,1.751489623794,-2.03384064822671,-173.68428736137,96.0994080995214,-1.22376593152875,-0.850564835336804,-18.4436409577294,55.4197691699715,-9.21516844948676,137.967562519464
1164,11.63,37.257,1.76103009184574,-2.07166002961862,-173.617927639241,96.0810098836234,-1.25940634288736,-0.839432992289968,-18.8200850347616,55.9751564355003,-8.89919123548968,137.539835624182
1165,11.64,37.267,1.79162510523619,-2.1014243738079,-173.536758694588,96.0272597585709,-1.31223503252036,-0.82878927956809,-19.1947565703845,56.4889469648064,-8.61102156664747,137.112967562946
1166,11.65,37.277,1.80998835772347,-2.12415811392003,-173.409435554862,96.0127396761758,-1.41190802748996,-0.802634478756077,-19.7884587982645,56.9853973191508,-8.54242796883326,136.77288785423
1167,11.66,37.287,1.82541569570715,-2.13556273990531,-173.226056713596,95.9921540828198,-1.57189899216385,-0.822309185835066,-20.5564596442847,57.3857766808179,-8.85684653285009,136.519553714714
1168,11.67,37.297,1.8485894590158,-2.16191412289735,-173.162218208572,95.9573880873363,-1.58843862668629,-0.804902789550201,-20.9360676967164,57.9066101611193,-8.65326935442394,136.143100536145
1169,11.68,37.307,1.85210573351596,-2.1999389074908,-173.063684130932,95.9430721685625,-1.64748226689233,-0.814546078994725,-21.4128203284658,58.3524535666302,-8.533782454297,135.771514607752
1170,11.69,37.317,1.87920245280111,-2.22112125710768,-173.001412501396,95.9079023722927,-1.69486426066505,-0.835051525415253,-21.7663594820373,58.8342131301672,-8.11591424295305,135.364407348241
1171,11.7,37.327,1.87917228178526,-2.23011725376679,-172.949875974655,95.8907912860355,-1.74047102881155,-0.826484593430609,-22.1380107155552,59.303229748138,-7.80666675748863,134.953644549645
1172,11.71,37.337,1.90493479554765,-2.25477070364873,-172.918123463632,95.8439531540954,-1.76885577882082,-0.798836888412827,-22.4016722718514,59.8144119649668,-7.57729556704533,134.553118549613
1173,11.72,37.347,1.91420521320165,-2.25831880323576,-172.858260657431,95.8294329583372,-1.86011289511392,-0.829143404048472,-22.8014357166139,60.2655909998947,-7.44206003692414,134.155009305015
1174,11.73,37.357,1.92172962733936,-2.28241581763919,-172.81299992842,95.8029702286499,-1.87598484029262,-0.808492032797805,-23.1391588654583,60.701345235445,-7.35570806213007,133.723327407637
1175,11.74,37.367,1.93304951974876,-2.28808423445868,-172.749626600078,95.7776911293794,-1.94655851354786,-0.786378476033261,-23.5295319911854,61.1433329718015,-7.33104796133895,133.33423623925
1176,11.75,37.377,1.93523990305573,-2.30004463569289,-172.694400503824,95.7587424509505,-1.98121305713722,-0.799798016757073,-23.8930086081096,61.544881089395,-7.28705482760103,132.883824825124
1177,11.76,37.387,1.94290346865016,-2.31078873225899,-172.651925607879,95.7501858674204,-2.0161044903396,-0.775966488541721,-24.1826637732923,61.9557902641728,-7.04303290297128,132.461793851045
1178,11.77,37.397,1.93642838865814,-2.32605629145558,-172.59334494529,95.7470502072034,-2.03710540831285,-0.803399577375012,-24.5804615144706,62.3090945690451,-6.97579060552939,132.040482745298
1179,11.78,37.407,1.94347305921389,-2.33916950558395,-172.544717427425,95.7497205292504,-2.0868242994993,-0.816825880891842,-24.9228079482734,62.6580057083033,-6.73584466527908,131.63943864064
1180,11.79,37.417,1.9440912692922,-2.35353907674329,-172.477828679889,95.732814669545,-2.15076519253727,-0.797519468139776,-25.4324808950676,62.9627393628997,-6.31067380680722,131.367375789179
1181,11.8,37.427,1.94718102305528,-2.36442594956537,-172.437529690977,95.7305445809179,-2.16664739282464,-0.778282014051532,-25.7604798407999,63.2826155402688,-6.0957510294057,130.981699620426
1182,11.81,37.437,1.95438206279509,-2.36336491555906,-172.367686996089,95.7190085228854,-2.21972585181524,-0.804305860765327,-26.2275445119373,63.570218059367,-6.05774357000333,130.61665843099
1183,11.82,37.447,1.9667138315021,-2.36777442137115,-172.288693117597,95.7042877757578,-2.27004482867633,-0.826664300246853,-26.7230385509902,63.837373356934,-6.16733739417113,130.248907844993
1184,11.83,37.457,1.96932397378735,-2.37601422785747,-172.230087741033,95.6941019717753,-2.31533028128057,-0.797603591557856,-27.1611765508941,64.0972168485174,-5.99318505718283,129.873381887796
1185,11.84,37.467,1.9535495867475,-2.36984034825893,-172.143922995346,95.6876375338375,-2.38957096482879,-0.770656490351293,-27.73044435306,64.3194945829418,-5.99508252538121,129.543569562437
1186,11.85,37.477,1.97454252585286,-2.36735662686392,-172.082406675684,95.6321512039647,-2.42029772541257,-0.76633435858219,-28.1240033240421,64.545757662508,-5.87620276811327,129.125682049908
1187,11.86,37.487,1.97369868158945,-2.35970835937983,-172.015373350824,95.5972644404218,-2.45240973575607,-0.757998742761619,-28.6043736688715,64.7564293635701,-5.86815814421739,128.775559774146
1188,11.87,37.497,1.97758541057932,-2.36306646352491,-171.93915256206,95.5647412739817,-2.51336366785753,-0.745456220483767,-29.0625749028971,64.9279944527492,-5.75811359380698,128.413153401985
1189,11.88,37.507,1.98545348467449,-2.35879688195975,-171.895953912047,95.5285070408741,-2.49102631049516,-0.747393025625395,-29.420040855173,65.1298641001469,-5.58312815509901,128.030068344669
1190,11.89,37.517,1.98707178823583,-2.36069525390392,-171.822923917225,95.5075621803623,-2.55288004975654,-0.738525196686339,-29.9773243151443,65.229817781129,-5.55912680783662,127.724505790598
1191,11.9,37.527,2.00587622938317,-2.3589497846421,-171.785936329841,95.4764105674024,-2.56935810892325,-0.758927298238593,-30.4735966638144,65.3381508188518,-4.97795423930612,127.499255807973
1192,11.91,37.537,2.01924941424473,-2.36840627130138,-171.713413397393,95.4334705931313,-2.60766580153521,-0.765139260289314,-30.9681154677372,65.4471875203801,-4.9736297496393,127.171391227871
1193,11.92,37.547,2.0458927565019,-2.3764047460742,-171.668707145495,95.4032888499225,-2.64756644543444,-0.774008049972158,-31.295874343797,65.5302704489244,-4.86578599581898,126.80741226765
1194,11.93,37.557,2.05173877289273,-2.39273395454866,-171.596808481683,95.3813458166639,-2.67166881645371,-0.742017477563792,-31.7583188912633,65.6288364967351,-4.93337889390764,126.461629092445
1195,11.94,37.567,2.07833758526156,-2.38081187085517,-171.568491485385,95.3406461706762,-2.68381077505527,-0.805178137858811,-32.0209983641468,65.7454811664462,-4.85155739861864,126.095269123914
1196,11.95,37.577,2.09555309482279,-2.37327044835966,-171.503529092643,95.3068406698042,-2.71675160754729,-0.800894624405023,-32.5052152353794,65.8349035722198,-4.97026423132549,125.794332336292
1197,11.96,37.587,2.12089068215417,-2.36636151895835,-171.469886755053,95.2748999433352,-2.74903960807055,-0.829315524355888,-32.8480044711926,65.9408476499032,-4.86838144396183,125.473352002514
1198,11.97,37.597,2.13192054583155,-2.35266296794214,-171.404719668754,95.2727475793491,-2.81763265324368,-0.839977735613049,-33.2754487177865,65.9891406895491,-4.92289322148796,125.14090022812
1199,11.98,37.607,2.13850763168884,-2.34177545676012,-171.386620068785,95.2550894773304,-2.83559440877825,-0.844506872953145,-33.5942962187206,66.1087870838882,-4.73886480203876,124.833959242755
1200,11.99,37.617,2.17076900492336,-2.33174758952686,-171.376401821412,95.2205787343814,-2.84740506805712,-0.842544411302238,-33.7486078308488,66.1985994716021,-4.56396902641732,124.483673816262
1201,12,37.627,2.1781289860353,-2.31961514615564,-171.338899028944,95.2399552985134,-2.89705945873757,-0.858264766711961,-34.1047136941065,66.2672045677246,-4.50025098453043,124.196887918817
1202,12.01,37.637,2.21839236082101,-2.31045557356127,-171.309038234906,95.2027020070213,-2.93275753142275,-0.877185962583009,-34.4333891441866,66.3512906151847,-4.43889734108573,123.936596519586
1203,12.02,37.647,2.22047163219528,-2.30873921147349,-171.284635424058,95.2174155761242,-2.95646565087711,-0.861157994056078,-34.6785133734268,66.4148731591991,-4.35963551370187,123.623882409645
1204,12.03,37.657,2.25386464550055,-2.29946575742755,-171.280335433512,95.1948483575525,-2.94046097029762,-0.867008656925081,-34.9620735034579,66.5163210136733,-4.18991642440199,123.374652170489
1205,12.04,37.667,2.2967391834014,-2.27448081526446,-171.279489143486,95.1731534840476,-2.9863435372365,-0.913488590757015,-35.1098639707984,66.6302781373715,-4.04607484841826,123.02989380179
1206,12.05,37.677,2.32038118130792,-2.25632589342239,-171.269160299498,95.1582386784398,-2.98206243631186,-0.928874098563352,-35.3483517522333,66.733630819266,-3.87330506194222,122.730171444714
1207,12.06,37.687,2.33737817574154,-2.24528963720227,-171.237550391555,95.1706443175166,-3.03547258185081,-0.905275728501791,-35.7493510103478,66.800202543729,-3.90574133808444,122.485165317202
1208,12.07,37.697,2.37510271831433,-2.22577993096165,-171.243809891743,95.1338917086569,-3.06321083828193,-0.943423214406532,-35.8933572592707,66.9054292577554,-3.78684890640566,122.157514226171
1209,12.08,37.707,2.40644194515956,-2.22296871875338,-171.238380922525,95.1131000040605,-3.06775826117029,-0.910286843086363,-36.0664878746276,66.9933357496453,-3.55246058830607,121.82491169456
1210,12.09,37.717,2.43180208283158,-2.20198629310645,-171.217920495958,95.0921309993869,-3.12444694378511,-0.918014376436053,-36.3695336855238,67.0871171188796,-3.45758669187878,121.545861297141
1211,12.1,37.727,2.45502807132247,-2.18799418410493,-171.201662273942,95.0763466084645,-3.14454790503297,-0.877175215305431,-36.648387659689,67.1613301147107,-3.33951397838816,121.24879092735
1212,12.11,37.737,2.48432313772455,-2.17589824313367,-171.199183530078,95.0681414323349,-3.17385489228003,-0.862116045820693,-36.8356590992158,67.2294443096926,-3.26467809192375,120.904779296624
1213,12.12,37.747,2.51196328784686,-2.16000768909264,-171.185968264794,95.0615752059256,-3.18028110071998,-0.836416600715615,-37.1222006790418,67.3164305053378,-3.20781856938945,120.585901748962
1214,12.13,37.757,2.53884788077613,-2.15576682823474,-171.174254790821,95.0564305185939,-3.20432635507203,-0.813223840636705,-37.3681310986564,67.3915261945238,-3.12504275273656,120.260220563239
1215,12.14,37.767,2.56225465120769,-2.15682522485248,-171.155674523334,95.0575448646642,-3.20955560002473,-0.760996476122012,-37.7141643837863,67.4579893309249,-3.10886674639267,119.963477672416
1216,12.15,37.777,2.59694108188555,-2.13301626594217,-171.154621329604,95.0397985571574,-3.20893897362666,-0.764657531353532,-37.9264590364486,67.5421591768386,-3.06396091551428,119.595810126431
1217,12.16,37.787,2.62372403232984,-2.11945771204823,-171.157032108511,95.0242209182024,-3.20018991517568,-0.755772436383765,-38.1688714354912,67.6317351474352,-2.91837056146185,119.254335574066
1218,12.17,37.797,2.63066476699945,-2.11451103258269,-171.152525689417,95.0364563273368,-3.17831865751979,-0.742846047891931,-38.4173631796139,67.7265926318808,-2.78341262304194,118.917178314855
1219,12.18,37.807,2.66906442633526,-2.10289748917185,-171.143869703654,95.0141637843134,-3.17262053588793,-0.737875552183728,-38.6782638828599,67.7713046018858,-2.69189589319878,118.551471553398
1220,12.19,37.817,2.68744953684316,-2.09484598200965,-171.134004035701,95.0210337164437,-3.14818480117519,-0.731812044095735,-38.9598109946734,67.826760623401,-2.62999120006229,118.185654150506
1221,12.2,37.827,2.70873405237508,-2.09519730165525,-171.140905314129,95.0156075511488,-3.13442437230694,-0.736939108038019,-39.150220268198,67.9101920462803,-2.52706782364611,117.803698056537
1222,12.21,37.837,2.71061282279077,-2.07870885077603,-171.118485283599,95.0393090312465,-3.1337214119491,-0.711243232330958,-39.547495067668,67.9755041941429,-2.5495230164575,117.4688017556
1223,12.22,37.847,2.74576845074393,-2.06279580120958,-171.107024697563,95.0166996273547,-3.15248246061979,-0.67593829317599,-39.8423018049289,68.03288679594,-2.52908595699985,117.086551123106
1224,12.23,37.857,2.75413879691531,-2.07147861105067,-171.098246983912,95.0223063683217,-3.17399144256938,-0.678463055283431,-40.0820776421368,68.0797184437059,-2.44013842779595,116.696613107178
1225,12.24,37.867,2.76603668873647,-2.05261740363393,-171.095538253853,95.0382948751039,-3.20335325148779,-0.687960210036179,-40.3794624708718,68.1572101414373,-2.33374781116627,116.313185217198
1226,12.25,37.877,2.77212515549132,-2.05371006881349,-171.084570267365,95.0447401979442,-3.22791602672711,-0.664446232140819,-40.6716497156765,68.1997923942537,-2.40867763900451,115.915392408132
1227,12.26,37.887,2.79014205396385,-2.05190741852644,-171.089033453819,95.0499170896421,-3.25860538339572,-0.616936598918172,-40.9633034296512,68.2816737574946,-2.35371046582647,115.559118420473
1228,12.27,37.897,2.80484751095638,-2.04906588821848,-171.102238722074,95.0519161117883,-3.25220481209981,-0.62221610217091,-41.1641254203248,68.3334086247345,-2.18503855105011,115.16367021824
1229,12.28,37.907,2.82246429683833,-2.04817458573528,-171.09927197122,95.0501131202691,-3.25985810109683,-0.600623922271599,-41.3891816185703,68.388834865126,-2.18158855190793,114.752797419248
1230,12.29,37.917,2.83382998424295,-2.05459738337054,-171.090654067314,95.0657740721582,-3.28747495605562,-0.568230230438086,-41.6374360796883,68.4277186093422,-2.0464946023125,114.374232337649
1231,12.3,37.927,2.85473236317513,-2.04709723163194,-171.092345465322,95.0503835894624,-3.28791275485317,-0.576854708487102,-41.9150544219525,68.4790627766077,-2.01326444081005,114.024983330297
1232,12.31,37.937,2.87690207475507,-2.04530437363693,-171.06071692223,95.0499886346414,-3.32634282907027,-0.570485519913552,-42.2358829596422,68.5088173909817,-2.10595613735868,113.669967549344
1233,12.32,37.947,2.8873447065805,-2.05589137561291,-171.056994681931,95.0284465739787,-3.31713456169086,-0.5645609629346,-42.4727629276527,68.5478067152585,-2.04074249372873,113.317113720496
1234,12.33,37.957,2.91117808833784,-2.05643723927387,-171.078813080526,95.0284398283552,-3.30723059782852,-0.557669179253925,-42.6247977476942,68.6191353452842,-1.83388831638538,112.957831764586
1235,12.34,37.967,2.91345235578891,-2.06646701344793,-171.07071236213,95.0392110014468,-3.31786555821109,-0.553915211079981,-42.7887668862507,68.6512986503236,-1.70646185691335,112.544906508795
1236,12.35,37.977,2.91267137695488,-2.0639010145512,-171.098243736165,95.0433145660487,-3.29388509167424,-0.538529201387679,-42.8473143116643,68.7040267391199,-1.42968080218267,112.151410224592
1237,12.36,37.987,2.91696953150306,-2.06829619715955,-171.097058512516,95.0457063696027,-3.301762791329,-0.529009236426441,-43.0565029157688,68.7542642405956,-1.24464193281195,111.819334617304
1238,12.37,37.997,2.92493926948765,-2.08444153218466,-171.099873145357,95.044379339482,-3.31970073183996,-0.532294406764115,-43.150776041418,68.7769986422697,-0.916212535432894,111.39671902373
1239,12.38,38.007,2.92214256483773,-2.08143546257105,-171.106111069634,95.0553781944207,-3.33369593091754,-0.531068980806787,-43.2938508778445,68.8169893949769,-0.865017579886854,111.046058952137
1240,12.39,38.017,2.90403354633347,-2.09980534808057,-171.124017481372,95.0715165117828,-3.3189242062462,-0.499071721331241,-43.3646737424907,68.8787842214144,-0.513411933629873,110.670296208894
1241,12.4,38.027,2.89427048146886,-2.09839730217539,-171.127451160603,95.0769050542027,-3.36656479605235,-0.501560371753336,-43.5146039947014,68.9211765435654,-0.19451962590018,110.321319492845
1242,12.41,38.037,2.87931616345185,-2.10545249149592,-171.145341644255,95.0909233781895,-3.36749654370489,-0.507731013064235,-43.5146296247962,68.9657244379035,0.11635202650727,109.91508280841
1243,12.42,38.047,2.84585758201824,-2.1153950577608,-171.127863967958,95.1225089469647,-3.43139666057956,-0.49867663855519,-43.6959119179487,68.9674024155476,0.2587746110411,109.567047573325
1244,12.43,38.057,2.84043464645437,-2.12659334131222,-171.13367021443,95.1148018418418,-3.43763413709216,-0.484403059558718,-43.7414640953821,69.0083822217839,0.602223109541312,109.211964653604
1245,12.44,38.067,2.83198111435107,-2.13455532098734,-171.136703148585,95.1070695758216,-3.46508514478088,-0.485558208656954,-43.8519327317219,69.0250873858574,0.824699529181106,108.873872632063
1246,12.45,38.077,2.83562685963048,-2.13585251535838,-171.134082526635,95.069006545906,-3.47721617474752,-0.503916591895181,-43.9035812040037,69.0457570004523,1.05337785540046,108.50560101902
1247,12.46,38.087,2.82112059469747,-2.15268305674284,-171.147845039982,95.0495539294633,-3.45635555481897,-0.466745751330517,-43.9248966130578,69.088379746486,1.34325877483483,108.1354673552
1248,12.47,38.097,2.7921925225708,-2.14669690980413,-171.143585638761,95.0385316324215,-3.47457092840021,-0.493282975932877,-44.0359050580389,69.1404235274744,1.49363367430974,107.785125946632
1249,12.48,38.107,2.7860345787106,-2.16730584192746,-171.142817626104,95.018330533389,-3.48727374923736,-0.480292769545852,-44.0690648822695,69.1463546385538,1.7279579856548,107.418336215946
1250,12.49,38.117,2.77163452256206,-2.17284582798036,-171.149602524471,94.9806184039025,-3.477259814963,-0.467169703147134,-44.1516231073965,69.1888088022233,1.91608217833973,107.093107444666
1251,12.5,38.127,2.77253572180681,-2.16960489939152,-171.125938775509,94.9543919219003,-3.53755532692941,-0.488519366905749,-44.3869722763978,69.2207102138828,1.95323648372456,106.770597737333
1252,12.51,38.137,2.74929596725105,-2.16929817438294,-171.119307223937,94.9412170130608,-3.55109130999409,-0.497622265093198,-44.468477074234,69.2481657854705,2.1620358656281,106.440437662986
1253,12.52,38.147,2.74771138946315,-2.17650493919143,-171.125486122349,94.9095306807268,-3.54354424751392,-0.475807814566123,-44.5051323897542,69.2918993724344,2.29206335617277,106.087831895151
1254,12.53,38.157,2.74172862137443,-2.19772755404754,-171.126972733255,94.8862768739161,-3.56416509774957,-0.483308085412157,-44.5061004250924,69.3290718268761,2.57447138067663,105.752239348966
1255,12.54,38.167,2.73586411451339,-2.19179082547222,-171.103383672568,94.8548721851472,-3.58240827359793,-0.521261917227302,-44.6605404152714,69.3596928591896,2.67889150807279,105.410596089964
1256,12.55,38.177,2.71462739536473,-2.20826396128661,-171.100117425828,94.8466588185431,-3.57372432178185,-0.513094244669662,-44.7050788969033,69.37657448011,2.90100945337054,105.076727536509
1257,12.56,38.187,2.71405446157529,-2.21071330617157,-171.074943728847,94.8174942346378,-3.61610617348276,-0.530099398168486,-44.7873554556352,69.3977907742256,3.04594349863303,104.722450320753
1258,12.57,38.197,2.70152668843271,-2.21907878510509,-171.045194821145,94.8080330683519,-3.65439647057308,-0.509483403023914,-44.9066346951514,69.3952988650691,3.09108730315247,104.370284446248
1259,12.58,38.207,2.7058526644394,-2.21685760862918,-171.044399898963,94.7878873755454,-3.64343871040655,-0.558805777234866,-44.9094965109691,69.4351576470268,3.3603846669496,103.997806504484
1260,12.59,38.217,2.69002405380186,-2.23048041165152,-171.021354476799,94.769825612473,-3.66252240345289,-0.551944421815376,-44.9863522383945,69.4162485935912,3.57403886611244,103.638291195437
1261,12.6,38.227,2.69751376811534,-2.22600133028875,-170.998671248621,94.7488521501757,-3.68738032763994,-0.559938440107001,-45.0204304053022,69.4579419922621,3.72621649843294,103.28227933409
1262,12.61,38.237,2.69925484288459,-2.22445864012863,-171.001915042931,94.7328526356296,-3.68499133109202,-0.593505737659733,-44.9606461903959,69.5114587159761,4.09100079159027,102.901173238961
1263,12.62,38.247,2.68645833230441,-2.22311437073841,-170.968308191767,94.739447977846,-3.73410144357483,-0.591995094982837,-45.09404823262,69.4908165532727,4.34917486594584,102.536603920432
1264,12.63,38.257,2.67869770746498,-2.23386477372564,-170.946970376758,94.7305687520678,-3.75093794829497,-0.592726189299295,-45.0697742192865,69.5117691887395,4.5623390210484,102.151709765971
1265,12.64,38.267,2.67847340050375,-2.24742824464686,-170.918708315541,94.7152970192925,-3.7739501140397,-0.584506105971017,-45.036859147151,69.4905732794318,4.83571567535198,101.738833443169
1266,12.65,38.277,2.68162945081871,-2.24773550412352,-170.879240252415,94.69288924742,-3.79865088834417,-0.593447022250233,-45.1301687851192,69.4686041964512,4.96207161652146,101.35373509875
1267,12.66,38.287,2.68198801059401,-2.25770069766716,-170.880598112884,94.6607196599532,-3.78704253407171,-0.605109773398772,-44.9871202706903,69.5006235844587,5.30807046361369,100.918541350039
1268,12.67,38.297,2.67609623010606,-2.27363866496011,-170.837313671527,94.6517266074902,-3.83573612308732,-0.59932277219363,-45.0124283636346,69.430353123135,5.50820602936711,100.488882554783
1269,12.68,38.307,2.67747967414527,-2.26894068269483,-170.81560699414,94.628489548978,-3.8235978704938,-0.599534366772624,-44.9670874414515,69.4249483865864,5.83758928466063,100.04586067049
1270,12.69,38.317,2.67946968270062,-2.28345950118773,-170.769990309581,94.6087361826595,-3.85934606210004,-0.588158264540304,-44.9644536737064,69.356409465309,6.09620614348178,99.6135335018935
1271,12.7,38.327,2.68195291235683,-2.2958508422251,-170.757133374173,94.5798359198801,-3.85867916070959,-0.599303422988027,-44.8341750485956,69.3372199127717,6.45573009716299,99.1830537076687
1272,12.71,38.337,2.70970234604516,-2.31585474600539,-170.72949243073,94.5507788605434,-3.86785517878334,-0.587474588629059,-44.7331603032558,69.2882104700726,6.85056386070703,98.8009763467189
1273,12.72,38.347,2.72094872739571,-2.32665591215653,-170.68510790105,94.5147146071314,-3.87543069398051,-0.612910030799645,-44.7184812869143,69.1931618086556,7.27562157811948,98.3591220358502
1274,12.73,38.357,2.71054855164438,-2.34293994642527,-170.653596381682,94.5178395598179,-3.88500333040776,-0.612081758705335,-44.6022989547663,69.1457705615004,7.70363957465518,97.8990097441359
1275,12.74,38.367,2.72365975777533,-2.32985541267156,-170.643434130249,94.4873500379187,-3.89039635968929,-0.684188780732618,-44.524282533473,69.1376820731351,8.07094849991613,97.4865401160384
1276,12.75,38.377,2.72057098083449,-2.3412944971856,-170.616118710623,94.4990194342576,-3.9062334341542,-0.660395005300555,-44.4783498940142,69.088106480045,8.32247753581529,97.0855369013198
1277,12.76,38.387,2.72300643721248,-2.33243448504909,-170.577094945387,94.477828003944,-3.94987755869463,-0.694939782972825,-44.4935529547941,69.0469621160704,8.52488421175032,96.6998326148949
1278,12.77,38.397,2.72339531607033,-2.3278088843934,-170.532758772045,94.4702686612809,-3.98987846879432,-0.731242158641095,-44.4986820421526,68.9935479416877,8.79266751786024,96.3131518973067
1279,12.78,38.407,2.72983684443869,-2.31924492143074,-170.498437742513,94.4644127821873,-4.03794578716335,-0.754908661457312,-44.532368158472,68.9294388861481,9.12184172701261,95.9582649905569
1280,12.79,38.417,2.74395641086586,-2.32600853564772,-170.45419589621,94.4401762019332,-4.06801966549692,-0.728310194782216,-44.5268387688787,68.8549944578132,9.34884198751693,95.6077449920359
1281,12.8,38.427,2.75465444209424,-2.34682968903969,-170.432794957048,94.4233242857466,-4.08062411453228,-0.743507875759012,-44.3819429219317,68.7873009575722,9.77559324695035,95.2222085842456
1282,12.81,38.437,2.75106111929021,-2.36083334811374,-170.389375088373,94.4086090064784,-4.10966433252308,-0.745983891815919,-44.3613153912618,68.6923254756498,10.1553508304723,94.8969866015708
1283,12.82,38.447,2.75848974595224,-2.36714139153768,-170.355597223646,94.3872262837224,-4.11176013414144,-0.734049875986713,-44.323766139535,68.6035620718651,10.5457925486289,94.5448659453119
1284,12.83,38.457,2.77800137359816,-2.37014231141476,-170.337486814102,94.3534802597666,-4.09945531989028,-0.758147031389413,-44.2016262911671,68.5747543073389,10.910660445647,94.1975742157392
1285,12.84,38.467,2.76571608399098,-2.37692160948008,-170.298244308902,94.3523577356543,-4.10747204876664,-0.767322187971557,-44.1431763232293,68.5062947396059,11.185342335272,93.8602689913283
1286,12.85,38.477,2.76953622968055,-2.36572652723526,-170.273857653439,94.3292568470648,-4.12083459382386,-0.806511735391104,-44.0640774336389,68.4677405756382,11.5452057658262,93.518464530285
1287,12.86,38.487,2.77823576845527,-2.36864369097092,-170.273687809675,94.3119718082554,-4.07650040318046,-0.800106461086975,-43.8779022928224,68.4227300892929,12.0408181147954,93.1605251852975
1288,12.87,38.497,2.78349921092132,-2.3754469136799,-170.23694605622,94.2981331326587,-4.10419668015826,-0.785762814875311,-43.8045855292438,68.3521782208581,12.424020573823,92.8464635782306
1289,12.88,38.507,2.78672979009323,-2.36498184633669,-170.22838925637,94.2939508824295,-4.11590815382903,-0.818590014475549,-43.5661478255943,68.3151139692563,12.9631992021215,92.4504410458359
1290,12.89,38.517,2.79386591412703,-2.380046909803,-170.195056300733,94.3253928394061,-4.13366908337262,-0.784079638013519,-43.4084840304049,68.2097420365083,13.4270536340256,92.0931171692681
1291,12.9,38.527,2.79032182163297,-2.38339881345977,-170.192030167205,94.3517183774299,-4.15178745147756,-0.80902692903649,-43.1645026465922,68.1456058077242,14.0826671321822,91.7158588222934
1292,12.91,38.537,2.79134794517578,-2.38631772172274,-170.178305198009,94.3369549725377,-4.14371763936147,-0.766608133983036,-42.8925926849766,68.075342052769,14.6327918334039,91.2978106022089
1293,12.92,38.547,2.79387586290391,-2.38716041132906,-170.157041637958,94.3416268364102,-4.16161967393451,-0.789677019898925,-42.6773687356048,67.9927505421812,15.1490477271887,90.8841725918905
1294,12.93,38.557,2.78872929135836,-2.38276845132127,-170.130865716018,94.339163395834,-4.18922514913768,-0.796947400135729,-42.5117661772312,67.9285962369143,15.5809033237039,90.5155373781791
1295,12.94,38.567,2.77897612174085,-2.36542904567141,-170.106809191953,94.3457688506686,-4.22606550598294,-0.842982339206679,-42.3866709758857,67.887548249601,16.0693983654409,90.1258529166648
1296,12.95,38.577,2.78257501344885,-2.35875090171724,-170.092009158146,94.3456318914841,-4.22960230163054,-0.854825262112697,-42.1592770589051,67.8178457566305,16.5647916500124,89.7101424980883
1297,12.96,38.587,2.77659237485913,-2.35044917006196,-170.08447240142,94.3498763397656,-4.23632900694852,-0.862869746258351,-41.9165753620696,67.7971460507628,16.9810768581262,89.2680901828387
1298,12.97,38.597,2.79541029087401,-2.34478971593301,-170.0543270804,94.3226205309571,-4.28450775007166,-0.881714391249159,-41.679583975208,67.7086935683964,17.5424753753531,88.8152575575934
1299,12.98,38.607,2.80616511601127,-2.34910141685266,-170.030494213658,94.314130516613,-4.31621151735446,-0.871144845612936,-41.4789807578877,67.6331731587244,17.9741721936174,88.4011761675646
1300,12.99,38.617,2.7956926082601,-2.32769203692625,-170.010167740039,94.3146992427252,-4.34615655311876,-0.905976378336058,-41.2651890811628,67.5819222813396,18.4411204930963,87.9672078831759
1301,13,38.627,2.79297864346235,-2.33039428872132,-169.99819353022,94.3164299203152,-4.38373278064489,-0.878649217868419,-40.9956636863972,67.5053957733597,19.024059985249,87.521414396771
1302,13.01,38.637,2.80245892370702,-2.31728295610127,-169.962470986163,94.3124385281186,-4.41434960622116,-0.912639150659087,-40.8702890423819,67.4504767671347,19.2641777357856,87.1503645840669
1303,13.02,38.647,2.80337725852547,-2.31199717854759,-169.937985057197,94.2968261123469,-4.43983609914612,-0.895186569183069,-40.7319771745267,67.401416423137,19.5583979672594,86.7823471308495
1304,13.03,38.657,2.80214190105726,-2.3020066348847,-169.908858308016,94.3083953553935,-4.47499254312233,-0.917299741418023,-40.5921116097353,67.3214869292294,19.8719931583,86.3961139890984
1305,13.04,38.667,2.8075003776471,-2.281623902764,-169.876801667432,94.2856728521542,-4.50743768444336,-0.913275777313775,-40.4989189242199,67.2856279630036,20.1108520740387,86.0427179940169
1306,13.05,38.677,2.79127167986291,-2.26504199002216,-169.856121694284,94.2945967719875,-4.54406620091216,-0.914306628378528,-40.3867696330535,67.2560712993873,20.284259546966,85.7415345249651
1307,13.06,38.687,2.79688213123139,-2.23987274771085,-169.8305260931,94.2947075272998,-4.5599311737646,-0.942382861865143,-40.263076014072,67.2006120703812,20.5954139966927,85.417345827856
1308,13.07,38.697,2.77284467547689,-2.23096287484781,-169.817486196251,94.2969752539182,-4.53835095335049,-0.951122268805469,-40.1618926157112,67.1831815953157,20.7647656314266,85.1352397887803
1309,13.08,38.707,2.78170925707741,-2.22604818938246,-169.797834501292,94.2842123170998,-4.54978409728516,-0.951238578049839,-40.0619939726493,67.129190248154,20.9887216875569,84.8784078619894
1310,13.09,38.717,2.75176996754935,-2.21514819811854,-169.763526369297,94.3159133609987,-4.54554030504896,-0.916553700409298,-40.0120905666951,67.0929686135892,21.1092411579757,84.6547966339119
1311,13.1,38.727,2.75390559991984,-2.21230637426911,-169.759508214032,94.3148928654857,-4.52158033198038,-0.885426965703206,-39.8591007182137,67.0890716668133,21.2813464365442,84.4490399250622
1312,13.11,38.737,2.76403866350284,-2.20983438114082,-169.738208565306,94.2958541586438,-4.50525408771797,-0.884030814714377,-39.742947282005,67.0511833101476,21.4186081562116,84.2538782592329
1313,13.12,38.747,2.76293051171449,-2.19392362416835,-169.717931901691,94.2977065473005,-4.50865942827441,-0.895510704491667,-39.7474515359565,67.0281157229926,21.4681519114619,84.1355908755331
1314,13.13,38.757,2.7523817909273,-2.1969106733755,-169.67931764983,94.2968598010487,-4.50474697166368,-0.867853955173386,-39.7685158280208,66.977863244082,21.452909948046,84.0042134442059
1315,13.14,38.767,2.75115981644528,-2.19001252775355,-169.68370521425,94.295639136177,-4.47277241814328,-0.86852084221978,-39.6553997788375,66.9774998884714,21.5811426622817,83.9103914300565
1316,13.15,38.777,2.73078667872558,-2.18751379728304,-169.667839400278,94.3123389762724,-4.48405099921409,-0.882922180396015,-39.6865205446734,66.9639756327005,21.5108736930023,83.8567812852677
1317,13.16,38.787,2.73493576202828,-2.17545132683422,-169.662901366928,94.289211624508,-4.43549993045329,-0.875624855203467,-39.6638716714874,66.9648990194596,21.558975536765,83.8034711863491
1318,13.17,38.797,2.73488611174746,-2.16320950633816,-169.645709627549,94.2708597415932,-4.430234594818,-0.880328067820473,-39.7004102632929,66.9617112360278,21.5021978029564,83.7726248340584
1319,13.18,38.807,2.72060918172184,-2.1598114422094,-169.639839782653,94.276705466017,-4.43404929750923,-0.875033306299582,-39.6574166449409,66.9731400584302,21.4766596068968,83.7508812972537
1320,13.19,38.817,2.72874269783087,-2.16093839077693,-169.639602247248,94.2677730679315,-4.39759485379328,-0.88420086919862,-39.6101930578438,66.957963591522,21.5028068026431,83.7533693045115
1321,13.2,38.827,2.72549117169921,-2.16409073380175,-169.645937306241,94.2585453547217,-4.38435378634432,-0.880476815293559,-39.560757872716,66.9769676708228,21.5472065886235,83.7651619874636
1322,13.21,38.837,2.71756278584731,-2.14906143203941,-169.641279583651,94.2523281338903,-4.35682288947825,-0.872903534398535,-39.5751993428606,66.9577105841089,21.492226072716,83.7752417571318
1323,13.22,38.847,2.71592017652512,-2.1468070498963,-169.61431697387,94.2613790065867,-4.38144764248906,-0.891072076727499,-39.6742845965355,66.944787605313,21.3469660648526,83.8334518013146
1324,13.23,38.857,2.72120132453842,-2.14455543193846,-169.63570524486,94.2381462620333,-4.34988214625891,-0.872985947793436,-39.6276226537838,66.9793306257337,21.3300392564935,83.8951727688565
1325,13.24,38.867,2.71770314810171,-2.1400050314878,-169.6264059281,94.2562091177692,-4.38235070009347,-0.921827683477747,-39.6319696620717,66.9838505617898,21.3063680134664,83.9408733104146
1326,13.25,38.877,2.7053375651592,-2.14482860298377,-169.635939028349,94.2433523330854,-4.36289671414084,-0.896699998981435,-39.6473509836678,66.9768644943953,21.324588458456,84.0237791159596
1327,13.26,38.887,2.71150850262784,-2.16019681324918,-169.637784246152,94.2177319250199,-4.3640545006903,-0.887053719726695,-39.5823317734804,66.9663247325988,21.3730815608737,84.08083732292
1328,13.27,38.897,2.7223665652501,-2.15545021369501,-169.635880234822,94.1907802969157,-4.35437895173606,-0.896517697290214,-39.5646362307897,66.9712211629606,21.3398698016241,84.1466630789686
1329,13.28,38.907,2.70896773150422,-2.14418925787785,-169.647520268912,94.1926219493466,-4.35187958564237,-0.913710946779148,-39.6031020472644,66.9837941614826,21.2856740338983,84.2173948110185
1330,13.29,38.917,2.69911606572962,-2.14137572136537,-169.656462608033,94.1970130023125,-4.34803590003297,-0.933053384483304,-39.5532887898818,66.9817206060801,21.4074076119079,84.2946980332907
1331,13.3,38.927,2.69782188080353,-2.1459532656997,-169.667200276212,94.1828858496099,-4.32486087824237,-0.912192783255958,-39.5310968172078,66.998738597552,21.3931525021483,84.3610707532269
1332,13.31,38.937,2.6921450404567,-2.13652215150351,-169.663691125218,94.1909962340601,-4.34457049273437,-0.942989961963436,-39.5750492108895,66.9825291274237,21.3909058126423,84.4276629210932
1333,13.32,38.947,2.68656283461065,-2.13510975644079,-169.657314900761,94.1901750744153,-4.36302421225197,-0.952569244092988,-39.6441231607869,66.9701374251184,21.2660657910512,84.5033643037191
1334,13.33,38.957,2.69629077350043,-2.12016209849706,-169.682730338014,94.1788084523748,-4.33645571010513,-0.981582945701569,-39.5386850601038,67.0013434118209,21.3473457237634,84.5293533907301
1335,13.34,38.967,2.692020527991,-2.1330305700044,-169.694182873332,94.1670779605508,-4.31842389158928,-0.960539219165691,-39.5000139875183,67.0004604685558,21.375090626527,84.5742165604313
1336,13.35,38.977,2.68292059393374,-2.1360333688215,-169.703147918543,94.1823790273093,-4.34602264408036,-0.95795521438451,-39.5246011342351,66.9877994923615,21.36606455482,84.6171671646373
1337,13.36,38.987,2.6869774644184,-2.1250344919475,-169.713531711987,94.1875101093099,-4.35964020355713,-0.954648604153259,-39.5536167024291,66.9997793479816,21.3615664869778,84.6639843231626
1338,13.37,38.997,2.68514587718586,-2.12412871422746,-169.716337270144,94.1838361901982,-4.37285447515645,-0.953589002567196,-39.54330692242,66.9820257312549,21.3697294829406,84.667827180451
1339,13.38,39.007,2.6772078386772,-2.12271334307486,-169.711815249879,94.1907049960356,-4.39825787689524,-0.970248241611802,-39.6446791472119,66.9826286694125,21.2893331231158,84.7288133872917
1340,13.39,39.017,2.68601725544666,-2.10593279003772,-169.727635448886,94.1830387516681,-4.40880999620364,-0.968145697041083,-39.6613933901285,67.0147353887653,21.3050771652723,84.7278900488212
1341,13.4,39.027,2.69008779179717,-2.10595432973535,-169.749971952281,94.1741342816727,-4.38180787230182,-0.97623616641282,-39.6130653744543,67.0371219267091,21.3286380174904,84.7411314233402
1342,13.41,39.037,2.6860021212382,-2.09770012229339,-169.758907887331,94.1713480282502,-4.39607342950225,-1.01484331129583,-39.6281440486546,67.0566499716977,21.3431474741121,84.7590096731907
1343,13.42,39.047,2.70562443815977,-2.11156207681046,-169.76679939963,94.1599995704842,-4.40148649674865,-0.963076971746214,-39.6448711465244,67.0529670585169,21.3165890663383,84.7967246801607
1344,13.43,39.057,2.69974863137381,-2.1148473782716,-169.778790246748,94.1569951125574,-4.39195809766247,-0.966185547907556,-39.6321866412284,67.0503411704176,21.3187137864085,84.7999672167664
1345,13.44,39.067,2.69376578982127,-2.11369741751314,-169.780626514584,94.1668011165719,-4.39046414596991,-0.992006159056929,-39.7277343207139,67.0364232914104,21.2121406331114,84.8521066225029
1346,13.45,39.077,2.69875440532882,-2.1171152741527,-169.789643685368,94.1676402325841,-4.38884404499342,-0.969582481624457,-39.7646015103178,67.0510495033538,21.1648645349919,84.8825145766769
1347,13.46,39.087,2.69319743791818,-2.12457396529831,-169.803603119734,94.172215190699,-4.36557207397206,-0.963614006815407,-39.7998009182714,67.0678372268434,21.165171452441,84.9160110603122
1348,13.47,39.097,2.69066156288455,-2.12221357000648,-169.818340943147,94.1696887454797,-4.35410655691823,-0.965664818959686,-39.8101492430076,67.076070314633,21.1023222889985,84.9513445857879
1349,13.48,39.107,2.69198747108921,-2.12128215242291,-169.83800154628,94.1607506202343,-4.31771039533593,-0.964324854583219,-39.8517553660893,67.1212743587048,21.0150212150032,85.0104985517637
1350,13.49,39.117,2.6823364295974,-2.13258500222575,-169.827381417377,94.1671105586305,-4.33987354170795,-0.925098383235643,-39.9002634596609,67.1006653186569,20.9618057577482,85.0347788610222
1351,13.5,39.127,2.69579387496514,-2.12411826592543,-169.839936398692,94.1478560237513,-4.33920364665908,-0.938794669813729,-39.9463148675665,67.1170868100318,20.9017301276889,85.0640941131093
1352,13.51,39.137,2.66396220602645,-2.13692190997831,-169.849343287395,94.1745800154197,-4.35484500481653,-0.926841587050911,-39.9789251192795,67.1303370924954,20.9109459052089,85.0884975557071
1353,13.52,39.147,2.66843255776284,-2.13092090431988,-169.852803462754,94.1579711818917,-4.33111654424228,-0.91955000817516,-40.0580276646616,67.1383901501338,20.829829052837,85.145189644982
1354,13.53,39.157,2.6722279724922,-2.14528862430282,-169.860834818552,94.1462280087674,-4.32799656668015,-0.927194079107733,-40.0859715479067,67.1385354998362,20.7996023924999,85.1835787343566
1355,13.54,39.167,2.67164241852807,-2.13345744293742,-169.85623584951,94.1490151979029,-4.33495478833467,-0.942984148419149,-40.2043343968733,67.1374460526989,20.7298402041139,85.2371864244068
1356,13.55,39.177,2.66522408960198,-2.15119275350624,-169.857705379392,94.1397969186343,-4.29671827547401,-0.940665786663014,-40.2341755750442,67.1289377355525,20.7486546676398,85.2700782238861
1357,13.56,39.187,2.65493366642868,-2.14633908659323,-169.873101904617,94.1437588016413,-4.29325089217158,-0.934210133819692,-40.2444585702315,67.1421675194154,20.7375883752345,85.2912074454707
1358,13.57,39.197,2.64617838184251,-2.1547446689839,-169.865414057556,94.1342586595935,-4.30055692582831,-0.912631865035765,-40.3116281285941,67.1491146628052,20.6711129211,85.3469371557911
1359,13.58,39.207,2.64663130513325,-2.15097568284439,-169.862097051828,94.1403628993284,-4.31965066325059,-0.92682364176421,-40.4236057066437,67.1382313279044,20.517506347493,85.3619511211329
1360,13.59,39.217,2.64328332409016,-2.14712489897582,-169.888835495586,94.1381929013497,-4.31410460396385,-0.949315730647501,-40.3647516581744,67.1633998355458,20.611231157923,85.3804226987102
1361,13.6,39.227,2.63570320803114,-2.15340414277495,-169.903168275982,94.139402345268,-4.32085991423745,-0.929680921628354,-40.3153778459653,67.1800272021132,20.6955516526959,85.3948108933501
1362,13.61,39.237,2.62918176717183,-2.14882196353939,-169.908674137582,94.1411319164366,-4.32580902250087,-0.933383059078004,-40.3377623053985,67.1931726906638,20.684241095809,85.4285623723471
1363,13.62,39.247,2.62428130610966,-2.14238123857325,-169.900127302462,94.1323839356064,-4.37091847407856,-0.929883318349435,-40.3857271180407,67.2004604677176,20.6523479282785,85.4440822958043
1364,13.63,39.257,2.61912381905745,-2.14308083966012,-169.908482971149,94.1324462866968,-4.35493468550079,-0.929651282779234,-40.3681034464407,67.1827946987501,20.6386147645472,85.4364612316405
1365,13.64,39.267,2.62919762537082,-2.15132184115389,-169.897527567114,94.1106750155495,-4.37454679882557,-0.888039434285015,-40.4181561119457,67.1698800783032,20.5439980798271,85.4653560931065
1366,13.65,39.277,2.61677870652679,-2.14343506481962,-169.902531866567,94.1129676316575,-4.38530906088321,-0.905576686074499,-40.3805026522396,67.1685802811404,20.6335464055469,85.4368264473073
1367,13.66,39.287,2.60366751930003,-2.14896452693143,-169.909417877449,94.1045931825513,-4.37989894707708,-0.885650534366891,-40.3314616188046,67.176466406625,20.6147836059323,85.4341425252126
1368,13.67,39.297,2.6094339763238,-2.15005508633177,-169.888621646777,94.0934524345573,-4.38810454825877,-0.9097579162803,-40.3561669981986,67.1457196080003,20.6157019843396,85.440282051841
1369,13.68,39.307,2.59785248563601,-2.14178684983145,-169.909935621424,94.0941200963084,-4.34371288289244,-0.936463857793904,-40.2943587054176,67.1739382351443,20.6652755686513,85.4303530408318
1370,13.69,39.317,2.59839795510692,-2.11709693423327,-169.902375596373,94.0938443121623,-4.3368404030276,-0.945798797631605,-40.340533110127,67.1833472668904,20.6308466314611,85.4206578267594
1371,13.7,39.327,2.57932666980404,-2.12637211113558,-169.897201061854,94.1069478430361,-4.3543018744175,-0.943694853906388,-40.334006020582,67.1645781362323,20.673739113344,85.4104630806511
1372,13.71,39.337,2.56713430532178,-2.12752999636216,-169.90136101083,94.1079709196787,-4.33787055557333,-0.936576951697969,-40.300343302763,67.1665705155115,20.7152713332838,85.4103449946485
1373,13.72,39.347,2.54426872239155,-2.10614872164901,-169.902759960024,94.1388462527749,-4.335593135289,-0.946430620382574,-40.3353194279758,67.1899751083475,20.6809391960239,85.4035040344447
1374,13.73,39.357,2.52882878056829,-2.10439031275126,-169.906130868607,94.1596913409142,-4.3530373550238,-0.938338355969377,-40.2669327657601,67.2013829826952,20.7442603254467,85.3705441016596
1375,13.74,39.367,2.52243955521886,-2.10054785030845,-169.910095338993,94.1543581239987,-4.36344651293828,-0.962138130797968,-40.306585170061,67.1964635666047,20.7372538808723,85.3810303846308
1376,13.75,39.377,2.50543342261004,-2.11725727333524,-169.896731014233,94.1965355506417,-4.37453676416043,-0.895606434747515,-40.2558146702048,67.1651657903447,20.7986947849178,85.3492318988378
1377,13.76,39.387,2.4880732893312,-2.11535333208288,-169.900371178785,94.1882953048561,-4.36808788955961,-0.887610606904717,-40.250618441572,67.171022407533,20.8943078101716,85.3517937353172
1378,13.77,39.397,2.47937643134705,-2.11483509624661,-169.884264523273,94.1886348357183,-4.37054560232567,-0.891914048431928,-40.3447267216976,67.1421732873699,20.8008120101116,85.3657138225666
1379,13.78,39.407,2.47446684859954,-2.11278977791573,-169.867227825437,94.1735329766869,-4.38849660739288,-0.875017548321435,-40.3999196154636,67.1327346944894,20.7625147269905,85.3674741633554
1380,13.79,39.417,2.47296342263808,-2.11920638614513,-169.869936145067,94.1514589994505,-4.34991715069218,-0.891190032162145,-40.3801664538576,67.1347591393916,20.7524493756881,85.3663124657994
1381,13.8,39.427,2.45792939066501,-2.1134176019271,-169.864745684657,94.148613708672,-4.34887057816946,-0.900533467096906,-40.4263357127862,67.1367114297606,20.6820956391312,85.3780512177172
1382,13.81,39.437,2.44645889100859,-2.12405281781834,-169.876910976179,94.1549551827892,-4.32967516238397,-0.901417477932032,-40.3444924948311,67.1519033947742,20.8346830466987,85.3688446648289
1383,13.82,39.447,2.43826458364529,-2.10783848746725,-169.860165773776,94.1578768984699,-4.31078655665951,-0.898873475538532,-40.4838565509757,67.1520319502501,20.7257966784478,85.3803307588954
1384,13.83,39.457,2.42794389500538,-2.12484090456097,-169.85070551331,94.1564965057891,-4.32352607634306,-0.92235994224688,-40.491464442441,67.1237264479551,20.7122286337988,85.376466689378
1385,13.84,39.467,2.43240322071932,-2.11910849095203,-169.872585700241,94.1355894385903,-4.27230729434816,-0.912456411662104,-40.4675995592978,67.164446918432,20.665435951407,85.3918500623416
1386,13.85,39.477,2.41898055767718,-2.11685555745791,-169.839809087099,94.1485385909039,-4.31559139153459,-0.915819395224398,-40.6094605957951,67.1313608603486,20.6027490112662,85.3989017854764
1387,13.86,39.487,2.42248394739132,-2.11811140151884,-169.850338813092,94.1379615285386,-4.31273824341585,-0.909882277208716,-40.6309949280938,67.1463666691836,20.5568236298272,85.4219859148283
1388,13.87,39.497,2.42187900579353,-2.11640286378898,-169.872539265575,94.1322323636352,-4.28998995311611,-0.885608476866232,-40.5035948219198,67.1825607606239,20.7172383307198,85.3950082862111
1389,13.88,39.507,2.40872464214159,-2.12938434186367,-169.870556227459,94.138890268829,-4.29267969954585,-0.896734236883811,-40.5176383787716,67.2018644764492,20.7018804048064,85.42214223074
1390,13.89,39.517,2.41408275820383,-2.13032356259776,-169.867429441801,94.133353049962,-4.2799661929689,-0.896151320625343,-40.5354241300513,67.2179961090002,20.6425901895221,85.431800434807
1391,13.9,39.527,2.41212581628829,-2.13068135716434,-169.855865609928,94.1444089752845,-4.30775455817384,-0.88929739645072,-40.5908349754939,67.2088803701436,20.621278367536,85.4503086708976
1392,13.91,39.537,2.41323500912699,-2.12178894290699,-169.84760652666,94.1385551920026,-4.31156550480978,-0.912152615793601,-40.6389614433307,67.2163892810876,20.5684568733736,85.4725058763141
1393,13.92,39.547,2.40867400632986,-2.13351574207225,-169.848267605049,94.1362376695017,-4.29643167129434,-0.885708847531596,-40.6328504637806,67.2346945857428,20.5358124477313,85.4944237917261
1394,13.93,39.557,2.4056465056653,-2.12265414298782,-169.851042729382,94.1558596830453,-4.30259951961507,-0.883210659650264,-40.6573993234187,67.2626436120354,20.4654591823516,85.5179808599843
1395,13.94,39.567,2.40170246680337,-2.12689697887282,-169.837545821071,94.1627654626795,-4.32932821992131,-0.913055694911772,-40.7214857155628,67.2349984463579,20.3984673540277,85.5210458395712
1396,13.95,39.577,2.41117925696691,-2.12480896975887,-169.84980067326,94.1459697274101,-4.31402857773743,-0.910902206129495,-40.6639634765177,67.2680413147194,20.5009926386426,85.5253174852677
1397,13.96,39.587,2.40041595938007,-2.12536693041476,-169.847743806854,94.1677237075839,-4.32733115089056,-0.911606414602208,-40.6802114824929,67.2676742582437,20.4436523915189,85.5223100310039
1398,13.97,39.597,2.39742181537388,-2.12616127681647,-169.861146691783,94.1781703415776,-4.31675191322199,-0.897781317434179,-40.6384373012681,67.2985866099426,20.5577334327798,85.5338683102145
1399,13.98,39.607,2.39259586795586,-2.12146277109128,-169.868783066021,94.1860487254668,-4.31870308737763,-0.906522374183568,-40.6309292921601,67.3103507696869,20.5744187165424,85.5407072282394
1400,13.99,39.617,2.39658981897859,-2.12260148864867,-169.860340334191,94.1777657467991,-4.34369505319577,-0.918550518207584,-40.6605013098477,67.3027493789064,20.5384080515475,85.559287924486
1401,14,39.627,2.38826162044034,-2.1121114168825,-169.850311032522,94.1819891998758,-4.36336524208744,-0.903824160123807,-40.7061291256933,67.3008893381213,20.4459299817039,85.5726445188814
1402,14.01,39.637,2.38966939173876,-2.11675665923578,-169.849993719689,94.1729964921562,-4.33495841827367,-0.931075369821887,-40.6845672686492,67.3128494636367,20.4339978303229,85.5957418995925
1403,14.02,39.647,2.39276974208935,-2.11524395020273,-169.864992331824,94.1822459385876,-4.34514294619433,-0.915671595489209,-40.5941552127751,67.3245891766791,20.4829427557301,85.5902078714359
1404,14.03,39.657,2.40010022283524,-2.11861305358568,-169.883972675742,94.1695001410232,-4.29589796255557,-0.892158892054653,-40.5427804488796,67.3145882819186,20.5901477828831,85.6077437685378
1405,14.04,39.667,2.39741189566819,-2.11788085402544,-169.882724691,94.1687745330811,-4.29301869126121,-0.924475985186077,-40.5040878962001,67.3217558880773,20.5402188458963,85.6063567161363
1406,14.05,39.677,2.39633251211616,-2.11783885606951,-169.875902380425,94.1826372742328,-4.31521508096796,-0.93186931069538,-40.5352850225342,67.2874887292169,20.5772646025091,85.6201874778557
1407,14.06,39.687,2.40542309672131,-2.11898475026392,-169.859801136547,94.1769386131123,-4.33000378050275,-0.926874310524743,-40.610059300753,67.267146031876,20.4215097772019,85.6525957250252
1408,14.07,39.697,2.40887227723901,-2.10386998169713,-169.881754920597,94.18334511481,-4.34545093715938,-0.95151104518317,-40.5823216647554,67.2873314362135,20.4414905332516,85.6760601052301
1409,14.08,39.707,2.42286906128433,-2.11140848026791,-169.908244961068,94.1754730484315,-4.32581689894878,-0.949584280976197,-40.4355892020579,67.2905124579029,20.5230472962979,85.6800663557321
1410,14.09,39.717,2.40596087954831,-2.10741335376764,-169.897851099137,94.2051774284288,-4.35075729602019,-0.941227369364506,-40.4756784703916,67.2493328242904,20.4305770329842,85.6878737607234
1411,14.1,39.727,2.40214969970159,-2.09126461650471,-169.913383202451,94.2107288124289,-4.35729292596335,-0.961917698748606,-40.444054913884,67.2738165010419,20.4167851758661,85.6941669969094
1412,14.11,39.737,2.4019984672806,-2.08757544372163,-169.96508086637,94.2150091971627,-4.309854195762,-0.967856248671361,-40.2249912671924,67.3150077173061,20.6016331908378,85.7082383369848
1413,14.12,39.747,2.40574316859853,-2.07741137640735,-169.981724585604,94.2244220341201,-4.30838164459401,-0.954733909104753,-40.1973317615472,67.3023784787559,20.561887099035,85.738803302533
1414,14.13,39.757,2.4052798040938,-2.07486960249123,-169.968179605985,94.2273538144554,-4.32011443764951,-0.950794429659029,-40.3190759491617,67.2552204311603,20.4178989790678,85.8046197196824
1415,14.14,39.767,2.39975644355828,-2.05847377428393,-170.005021069346,94.2317554181791,-4.25065633221794,-0.945277656624823,-40.1879515314498,67.2649536092962,20.4867525784912,85.8254719244252
1416,14.15,39.777,2.39596137166537,-2.06008067611724,-170.003024684641,94.2340059034952,-4.25531398398055,-0.932470273835083,-40.2502203788599,67.2375259391527,20.3758675799987,85.8958112439383
1417,14.16,39.787,2.39562864987587,-2.03479820917952,-169.996172896932,94.2469242325541,-4.25875038439068,-0.973644393362894,-40.3873707305522,67.2085366206223,20.1263739957336,85.9880806259661
1418,14.17,39.797,2.39920261936807,-2.04117055738487,-170.017176288006,94.2361112854079,-4.22494994873058,-0.939190885651455,-40.3263855815232,67.1923209817046,20.0790060622135,86.0633439586129
1419,14.18,39.807,2.38624376565844,-2.02588023182403,-170.043689851428,94.2511810825882,-4.18146718624677,-0.930274513755927,-40.2391994251895,67.2005448297964,20.0696037518648,86.1279200638931
1420,14.19,39.817,2.38591508279362,-2.01974123858553,-170.051367747414,94.2358202968319,-4.15648580998009,-0.945822908789521,-40.2627828628139,67.1936624403092,19.8978836671313,86.238440490731
1421,14.2,39.827,2.3816483655209,-2.03362121374387,-170.06240052999,94.2547172110199,-4.13621282708928,-0.923678200739077,-40.3045222230964,67.1479397874514,19.7284687618759,86.4178080368014
1422,14.21,39.837,2.38096182611454,-2.00568385515959,-170.089030868782,94.2526406440569,-4.12352982073949,-0.918260929100224,-40.2750763394252,67.1687676507192,19.6244536492393,86.5693475141432
1423,14.22,39.847,2.37320786525965,-2.01868716373657,-170.092438761321,94.2483310833124,-4.11907540459312,-0.910826625752269,-40.3596587328763,67.1228729587884,19.4413701343319,86.7790292364931
1424,14.23,39.857,2.36928881344188,-2.00661956851675,-170.09678076645,94.2478021440963,-4.12140790574676,-0.879187373954267,-40.4349988366213,67.101325699625,19.1425648093598,86.9954212772909
1425,14.24,39.867,2.36577117965237,-2.00104367778144,-170.151792362447,94.2379909397106,-4.0590798870024,-0.876487409870872,-40.2927793229303,67.1496172854755,19.0840451854717,87.2160945830023
1426,14.25,39.877,2.35706925838314,-2.0052518197134,-170.128732297107,94.2568884160298,-4.09645496246506,-0.846965640871472,-40.5061753405621,67.0965730294629,18.5547113032364,87.5219138589948
1427,14.26,39.887,2.36360127302917,-1.9895756104646,-170.139001283432,94.2448700696101,-4.0925060617957,-0.892303605447676,-40.5975441037414,67.0953957260102,18.2552003243605,87.8338817378081
1428,14.27,39.897,2.35940513127137,-1.99732356401442,-170.18178837507,94.2479189150549,-4.05104488824875,-0.884888535080106,-40.5793665183065,67.0861332503205,18.08089056353,88.1798499649433
1429,14.28,39.907,2.36021726859998,-1.99843584188899,-170.202326568204,94.2474715992373,-4.05203792822828,-0.863025152813243,-40.6050536250785,67.0846285837586,17.7689236108692,88.5502435999524
1430,14.29,39.917,2.34792877220425,-2.00083535534438,-170.215990477503,94.2623118558312,-4.02196092160738,-0.859344511021835,-40.664528383708,67.0693620353045,17.5318028834588,88.9734218872913
1431,14.3,39.927,2.34381291866121,-1.99400492585555,-170.222042775255,94.2698938155547,-4.01028056814841,-0.867577930172684,-40.8056194544313,67.0505102247708,17.1099312427685,89.4116056091571
1432,14.31,39.937,2.34168011340809,-2.00224345041393,-170.275375266437,94.2623344990551,-3.96857096065158,-0.896163542095389,-40.6851562299965,67.0776109408585,16.93317443443,89.8552211783108
1433,14.32,39.947,2.33512758648513,-2.00280761871123,-170.281873413647,94.2762982613713,-3.94921557401828,-0.915437346919572,-40.7495798873809,67.0479537451554,16.4997615148702,90.3227227378995
1434,14.33,39.957,2.33193373930201,-2.00626328386103,-170.301753592817,94.2784942961159,-3.91847124860019,-0.911085979484289,-40.860686145976,67.022472954089,15.9360208950896,90.82548333687
1435,14.34,39.967,2.32461307639697,-2.00982818223106,-170.338675713005,94.2844299659028,-3.90176688065636,-0.917376843598923,-40.8322793582319,67.0222634999838,15.5613175179644,91.3215855755165
1436,14.35,39.977,2.32840782333264,-2.00536486033058,-170.360966962903,94.2873672953574,-3.87713606509111,-0.941912882717508,-40.8713083152536,67.0036909639085,15.1171257625102,91.8421160136126
1437,14.36,39.987,2.3183163840895,-2.01109399101355,-170.379084590812,94.3062571116024,-3.87343040210547,-0.946617943532607,-40.9889306675025,66.9535150251985,14.6426321416352,92.4133147923385
1438,14.37,39.997,2.30026648713898,-2.01153724661312,-170.391946146099,94.3163592240798,-3.87314096983287,-0.960443222487244,-41.0597798387869,66.911141856789,14.1184222181638,92.9598608291714
1439,14.38,40.007,2.30070797269988,-2.02308743899809,-170.412691319057,94.3259963590255,-3.87800040733624,-0.963721699112846,-41.0885369291561,66.881542477836,13.5673787165061,93.5192734185977
1440,14.39,40.017,2.28785750637703,-2.01187282366007,-170.427574297452,94.3410281790086,-3.87581876000828,-0.987075757267154,-41.1683272933612,66.8387044084939,12.931574709099,94.095902929719
1441,14.4,40.027,2.27490823874044,-2.01606703830067,-170.451842412832,94.3663859681861,-3.86849807024037,-0.992690666960599,-41.1474292530283,66.8030140249238,12.4828175417448,94.6510669405567
1442,14.41,40.037,2.25150240669731,-2.02985097624408,-170.502576574881,94.3963580040137,-3.83699825407674,-0.98545648375838,-40.9840695495809,66.764861239932,12.2534286129033,95.1838727302281
1443,14.42,40.047,2.23130538038581,-2.02492628499514,-170.536839987715,94.4229541880708,-3.80795299300496,-1.01544509132525,-40.9433362263937,66.7050051230664,11.7783922220889,95.7029344435463
1444,14.43,40.057,2.22608928250957,-2.02858228214201,-170.578489037331,94.4301082882344,-3.77667896837871,-1.00484199421938,-40.7840064152275,66.651427749141,11.5301509459131,96.2197855807431
1445,14.44,40.067,2.2146335038738,-2.03252161984713,-170.585483127492,94.4423493328455,-3.77319826145386,-1.01586886222601,-40.7681816024446,66.5640541508936,11.0613371011431,96.8023399727613
1446,14.45,40.077,2.19995029628105,-2.02096218118769,-170.604916864751,94.4514680482955,-3.78060885790209,-1.03991867980825,-40.7026519210845,66.4939375646226,10.4732991137461,97.3595172752275
1447,14.46,40.087,2.18305356559215,-2.0447451016416,-170.621439705506,94.463918284582,-3.78339065234513,-1.03763861477707,-40.6295411609419,66.3864769055519,9.79535608338485,97.9806860775291
1448,14.47,40.097,2.19207032682229,-2.04493371275616,-170.642249520673,94.4472765745033,-3.78035550449725,-1.05312532602668,-40.5385527388559,66.3081457430613,9.16741986506201,98.6399915311872
1449,14.48,40.107,2.1744219185369,-2.05730188802233,-170.668741265946,94.4506650582781,-3.76457830007747,-1.04587753864988,-40.3919599817324,66.2190625855132,8.44975987395292,99.272760434947
1450,14.49,40.117,2.18173180383319,-2.05552096778809,-170.693673313064,94.4317857411292,-3.73048562840821,-1.08579827383901,-40.2895340152843,66.1167588440605,7.71878360149389,99.9310163552672
1451,14.5,40.127,2.16002307572544,-2.06998669648319,-170.7397208907,94.450809869598,-3.70165996224759,-1.08964194537784,-40.0637876686345,66.0106548414003,7.17790287867576,100.551017747877
1452,14.51,40.137,2.15355565095651,-2.06969661825132,-170.758562003965,94.4577692534879,-3.69935849326507,-1.09303790456018,-40.0110169447281,65.8814643272177,6.4458126750181,101.232154386179
1453,14.52,40.147,2.1475931913895,-2.07305658627057,-170.791288245536,94.4702712874487,-3.66707687150656,-1.12209424582251,-39.8648570732096,65.7549431452528,5.84932653462125,101.93002709551
1454,14.53,40.157,2.14010970881308,-2.05984974866014,-170.833711132272,94.4652111812967,-3.63811018888629,-1.14247928756962,-39.7360122456284,65.6635508048397,5.14603002723228,102.706742823661
1455,14.54,40.167,2.13819606337188,-2.04720888422977,-170.836095734511,94.4775300847572,-3.66150571047063,-1.19293774245561,-39.6468140641701,65.5340030392342,4.1587076069315,103.474777511813
1456,14.55,40.177,2.12618286395686,-2.0503480302499,-170.888430223044,94.4728038002254,-3.60463684118127,-1.17018207037745,-39.4923536191295,65.4545686591677,3.41278422233549,104.369849233302
1457,14.56,40.187,2.128611985393,-2.04098374867971,-170.948067440277,94.4732508043018,-3.57180950077559,-1.22114181432407,-39.318101655532,65.3604815662962,2.55214348105761,105.225524639884
1458,14.57,40.197,2.10200843596359,-2.04857263182467,-170.979506105762,94.5168832575707,-3.56873461000388,-1.21394316750535,-39.2114775026464,65.2355244259841,1.69360029271116,106.172267958182
1459,14.58,40.207,2.09178785013662,-2.03903444493016,-171.039308939998,94.5250663358223,-3.51976170104481,-1.22940613318346,-39.0953218116715,65.1223457918497,1.04323744636617,107.072268231068
1460,14.59,40.217,2.07777858742927,-2.04413531790026,-171.102964073499,94.5497103297657,-3.4933745381386,-1.24586932635908,-38.8866175635652,64.9842008123617,0.286667780536276,107.937173674322
1461,14.6,40.227,2.08415908598853,-2.01180047267865,-171.161176338929,94.5536697237715,-3.45302264037983,-1.25912248111788,-38.752233632165,64.8843548593218,-0.505306096832115,108.879249946878
1462,14.61,40.237,2.07108646570965,-2.00849921809931,-171.208039671976,94.5884976306608,-3.45352720019512,-1.26527522979786,-38.6381982322021,64.7400032721513,-1.43376603667394,109.870186746921
1463,14.62,40.247,2.06960971480709,-2.00577802513991,-171.256706750632,94.5801388134746,-3.44125067167154,-1.27175632729079,-38.4505317996328,64.5953221888767,-2.39475718593514,110.854249082003
1464,14.63,40.257,2.05730055424354,-1.98007887475019,-171.302353860147,94.6087578703554,-3.42101114875134,-1.27987973656361,-38.3864143261763,64.4623586349046,-3.33633055990845,111.908377055113
1465,14.64,40.267,2.05499855124637,-1.96682792201531,-171.370437885847,94.6126959781903,-3.37880747883536,-1.27772391938139,-38.2230256748745,64.3506160508921,-4.46213019569482,112.948619201176
1466,14.65,40.277,2.04971744212246,-1.95018058665,-171.399941321982,94.6390814012262,-3.37423542156008,-1.27649600934918,-38.1981911178345,64.1645634137135,-5.53100370571011,113.968930559906
1467,14.66,40.287,2.03409797419729,-1.93831467824762,-171.460672692343,94.6820278238379,-3.35848903585882,-1.27110405410438,-38.0666202944095,64.0078946554591,-6.26664264092626,114.991425232909
1468,14.67,40.297,2.03302150712346,-1.92491480381552,-171.536775141807,94.6903792582173,-3.31124566706462,-1.25961070482369,-37.8328169838684,63.8446256578342,-7.01542876846065,115.979788316114
1469,14.68,40.307,2.0276884333433,-1.89609974900022,-171.59098557019,94.7260349039363,-3.29734060670794,-1.27933234370003,-37.6579771179903,63.6672250735098,-7.83021864985377,117.00258095475
1470,14.69,40.317,2.03722807075758,-1.87173776927667,-171.677839398746,94.7308893420236,-3.25621830419861,-1.29276913084492,-37.437888221555,63.5072307838393,-8.55854060290802,118.09340804909
1471,14.7,40.327,2.02329902087572,-1.86170690860744,-171.746380683906,94.7491400346191,-3.20756916208683,-1.27570586248227,-37.2165241821426,63.332375001551,-9.64387177503636,119.168392470924
1472,14.71,40.337,2.01443410460196,-1.84332432205,-171.832385178604,94.7779448330285,-3.14807725616634,-1.26468171862891,-37.0067933102025,63.1549667053906,-10.7234936731764,120.233285776036
1473,14.72,40.347,2.00483219626384,-1.83629502292459,-171.910904759249,94.8142071633454,-3.09486455107449,-1.27028887688473,-36.8184127100053,62.9116004890198,-11.6352400505187,121.245993401829
1474,14.73,40.357,1.99980098841536,-1.81453281787519,-171.972285931844,94.8468789630039,-3.06184848666581,-1.28132796136494,-36.6176211921472,62.6660312928076,-12.4944535439856,122.194400952358
1475,14.74,40.367,2.00253441325178,-1.77680943279643,-172.065618268217,94.8773372822627,-3.00773736782677,-1.30763772078626,-36.3699861502645,62.4536756636183,-13.2061889002272,123.103309239364
1476,14.75,40.377,1.99896517055553,-1.75418137027197,-172.129987798089,94.9133501931377,-2.97297600573658,-1.30112409315721,-36.2012396779369,62.2022119452383,-14.0378538759284,124.040516103994
1477,14.76,40.387,1.98375529292152,-1.71652645676831,-172.2094004535,94.95265017209,-2.96057323239247,-1.32697662591005,-35.9757702621673,61.9605530565726,-14.8699399029788,124.948786648823
1478,14.77,40.397,1.97923859808995,-1.66801086293633,-172.304740212299,95.0126258693302,-2.94042798943865,-1.34600261707748,-35.6198939336256,61.8057454065347,-15.9061313256579,125.781450249455
1479,14.78,40.407,1.96101883449868,-1.63098709879503,-172.390183140492,95.0541091521872,-2.89977727110275,-1.35173244690998,-35.2683545583425,61.6154345951205,-17.0701037955454,126.54331740762
1480,14.79,40.417,1.94822848461533,-1.60796903192012,-172.482956696481,95.0977289933777,-2.87975735054786,-1.34866281921758,-34.9675584699262,61.3862631617901,-17.6971355956455,127.341483506734
1481,14.8,40.427,1.93815499589546,-1.58000055245558,-172.578067402354,95.1529583291635,-2.85347955132157,-1.32495095255716,-34.6126733623617,61.1391360133667,-18.3854377136146,128.035636557629
1482,14.81,40.437,1.9191622179031,-1.54162821858025,-172.631710122579,95.2179246604247,-2.83947455852905,-1.28402247620881,-34.3458560167781,60.8340452429607,-19.000085735155,128.69390628294
1483,14.82,40.447,1.91040293118508,-1.51521307130528,-172.707795342215,95.2716059398683,-2.82416324727473,-1.26359100231738,-34.0506258074658,60.5068322905481,-19.5252687976097,129.335567341868
1484,14.83,40.457,1.89678448521434,-1.47529129812036,-172.777468494356,95.3206585458303,-2.79700975260351,-1.27172246466119,-33.6227881908309,60.2369682321842,-20.2434128686393,129.835521371347
1485,14.84,40.467,1.88212309119642,-1.44035211643964,-172.87143805287,95.3475707046976,-2.73628798052564,-1.2594079125892,-33.1872828019437,59.9535224837105,-20.8217437992299,130.35234908752
1486,14.85,40.477,1.891979733313,-1.40147270502014,-173.016775761123,95.3702500372451,-2.65901494855293,-1.30775283756871,-32.5327289266336,59.7748585919195,-21.4488850242266,130.753933371255
1487,14.86,40.487,1.87770906427442,-1.35585551434802,-173.093235579414,95.4096902442876,-2.63723428527717,-1.300924974776,-32.1939346397959,59.4673220387113,-21.6784947702551,131.285489730267
1488,14.87,40.497,1.86561265160803,-1.33047563698195,-173.186354716874,95.4370933366147,-2.59366168813337,-1.26655189374009,-31.8392012943685,59.1731345640173,-22.0979129389421,131.805206412208
1489,14.88,40.507,1.84845195674503,-1.28991204148732,-173.238505428582,95.4774229124218,-2.57537372214797,-1.26617662315641,-31.6758578899896,58.779703311843,-22.8140549760492,132.383986998979
1490,14.89,40.517,1.85114705439047,-1.2629362852143,-173.314254439065,95.5021777440594,-2.54318229183536,-1.27978948550607,-31.3484059658696,58.4131814992151,-23.0122779721184,132.86490608296
1491,14.9,40.527,1.84881405388315,-1.23995741981721,-173.355464120619,95.5236570284957,-2.52447885452676,-1.22253139194437,-31.0463180697369,58.0242475041334,-23.4673993887791,133.306778871547
1492,14.91,40.537,1.85561772221399,-1.20213134797709,-173.401682594041,95.5309520361214,-2.52117902487409,-1.23667839385386,-30.9214344705666,57.6004009983173,-24.8508809181192,134.038344166599
1493,14.92,40.547,1.85694447392438,-1.17621201311793,-173.480072137251,95.5407958164887,-2.45296196449231,-1.24251135262913,-30.520079854449,57.2550103814081,-25.1402090570696,134.486561892408
1494,14.93,40.557,1.87269042181351,-1.13959998831593,-173.604598494969,95.5274073077259,-2.36082478371983,-1.24250020209575,-29.9609628038911,56.9744898029147,-25.3224415562286,134.870202335509
1495,14.94,40.567,1.8573605746398,-1.10409841741723,-173.719897363714,95.5393047267168,-2.23491702048894,-1.2001983079466,-29.520372556265,56.6654492254857,-25.5301627495818,135.28661167571
1496,14.95,40.577,1.84408638217698,-1.07443844776312,-173.828217139493,95.5524909952093,-2.13572451168293,-1.23455522298941,-28.9602450240462,56.3904149636737,-25.2203269142919,135.551520595181
1497,14.96,40.587,1.85950031524104,-1.05135652904686,-173.903418560071,95.5596032173961,-2.03793208018055,-1.18824083942592,-28.5495496561634,56.0235359481429,-25.3413966756677,135.919085455354
1498,14.97,40.597,1.85793347902137,-1.02184875314011,-173.977791205191,95.5690160798033,-1.98292401432298,-1.20181431454622,-28.1577562645987,55.6514913147484,-25.5693606859842,136.299054950051
1499,14.98,40.607,1.87480909534461,-0.989809617189962,-174.02922479747,95.5660575375209,-1.92193465780882,-1.19351587572705,-27.8228701720917,55.2491391590307,-25.809503128172,136.714913170389
1500,14.99,40.617,1.86901910050906,-0.966027859028782,-174.094796392448,95.5746861547539,-1.87758690465639,-1.22955472728858,-27.3745046913561,54.8495946320985,-25.9533728187929,137.064523683524
1501,15,40.627,1.87548792842245,-0.943143887061932,-174.150758937877,95.5675428159678,-1.84042146406586,-1.21186685935128,-26.973126647532,54.4099015514164,-26.2605151281079,137.508806834432
1502,15.01,40.637,1.87661829926574,-0.927423011687838,-174.22110325195,95.5661713765043,-1.75231377854572,-1.20164054269008,-26.4935573847963,53.9879405626086,-26.6454298367254,137.927403649098
1503,15.02,40.647,1.5258186452707,-1.03187374313774,-174.286930341279,95.9097655487684,-1.7069527911487,-1.013511917237,-26.2304788768026,53.4325527114463,-26.662422272799,138.317461167495
1504,15.03,40.657,1.52458807700388,-1.0172910173973,-174.351224256327,95.9126097026215,-1.64107141762145,-1.01295392769925,-25.8216654864763,52.9774843206524,-27.033587131938,138.771010387199
1505,15.04,40.667,1.5273161326816,-0.997681982714804,-174.42331809946,95.9249398005651,-1.57752907934462,-0.991355357909431,-25.3675071418689,52.5048934342067,-27.2766678927413,139.208013378095
1506,15.05,40.677,1.54776668473179,-0.977249291469192,-174.490612893459,95.9266709380827,-1.51757560786313,-0.975219522759129,-24.8947513166366,52.0468838002019,-27.6087979768973,139.659692720492
1507,15.06,40.687,1.52977109297545,-0.971139848627525,-174.555148194656,95.9656892753153,-1.49842188834237,-0.975968841622102,-24.4035114189768,51.5411838545179,-28.2078634656955,140.064085652665
1508,15.07,40.697,1.53274309284832,-0.956836082535617,-174.616940393125,95.9679905214973,-1.45159123183781,-0.99999056167355,-23.9702429434068,51.0147475267617,-28.7318310023763,140.590277743674
1509,15.08,40.707,1.54797927367901,-0.960091004594154,-174.715091925025,95.9557462565553,-1.36034122694713,-0.967675530432006,-23.4325130183608,50.4820744035355,-28.9814846813985,141.134565662992
1510,15.09,40.717,1.56992858739906,-0.969517597540682,-174.787515179927,95.9330783635373,-1.35070273059375,-1.00136351111322,-22.8905998729086,49.9070332127463,-29.5117390547513,141.636091333116
1511,15.1,40.727,1.56010601793598,-0.968482232019552,-174.893003235812,95.9339285071947,-1.26901460199146,-0.987925611958582,-22.3059240841225,49.3222603324012,-29.6924271157788,142.095966423235
1512,15.11,40.737,1.56316231693141,-0.952139534243633,-175.017663600444,95.9437306459308,-1.16596498315005,-1.0113273657952,-21.627617999538,48.7379593032935,-29.8622353251121,142.48586468561
1513,15.12,40.747,1.57672112545737,-0.939787116254307,-175.151861218461,95.9531473414871,-0.906597706318083,-1.02257286840314,-20.9154630307475,48.1467971607114,-29.9570266473692,142.864835914915
1514,15.13,40.757,1.56735247888106,-0.9523520542716,-175.293359594035,95.9869284900561,-0.83440144641768,-1.05579246038062,-20.2080910449165,47.5108377330616,-30.1260516580273,143.27084828933
1515,15.14,40.767,1.57225178043898,-0.941033168543225,-175.404875546292,96.0249224607843,-0.705619343519567,-1.08874303954073,-19.6274857011414,46.8468671686553,-30.4685272579889,143.780138048168
1516,15.15,40.777,1.58309136904787,-0.935928843711855,-175.433274761175,96.0410547413173,-0.737767284092466,-1.12187873542286,-19.2849877356801,46.2374714061358,-31.4429814554622,144.42010375166
1517,15.16,40.787,1.71011828596201,-0.869074621893619,-175.515880440537,95.9341494583566,-0.704085368108081,-1.23096562336085,-18.6807856289114,45.6431212689692,-32.1908100895658,145.012405471865
1518,15.17,40.797,1.76523980605554,-0.8502781964649,-175.631732756864,95.8963320959697,-0.645444516867921,-1.26534331187897,-18.029075695212,44.9413997937695,-32.8147696246566,145.594791758507
1519,15.18,40.807,1.83327861733242,-0.815194048866288,-175.746586341899,95.8445767072364,-0.510038120716273,-1.3516946322093,-17.4212457354855,44.2523307043905,-33.3364988394956,146.189475208003
1520,15.19,40.817,1.85354456621328,-0.802506272333587,-175.881750811964,95.8289936423614,-0.474207466240557,-1.41305516485106,-16.7538201228364,43.5099282418645,-33.5876587484827,146.721429172727
1521,15.2,40.827,1.87577310650627,-0.78486031952772,-176.027458966097,95.8274428976343,-0.40292251315506,-1.41973445409165,-16.0600306964196,42.7523223166593,-33.6620581944845,147.162713841047
1522,15.21,40.837,1.88608640286229,-0.778257865878093,-176.171604207532,95.8358370295088,-0.333836562094859,-1.48313050705483,-15.3807767487785,41.9854306579459,-33.7236134577697,147.618808895061
1523,15.22,40.847,1.89347058516672,-0.764912772021953,-176.307550456417,95.8522466119276,-0.171155466185306,-1.49237339968476,-14.7826685219552,41.1925383003805,-33.8907443556431,148.168392578315
1524,15.23,40.857,1.57884968291515,-0.867963189913533,-176.412319544975,96.1828757859413,-0.103560220997594,-1.38160483540664,-14.5104486342343,40.273970345529,-34.0701791826584,148.723552862628
1525,15.24,40.867,1.57805262873559,-0.855509673164473,-176.533979733211,96.2087409182441,-0.0418267251457571,-1.4191500457062,-13.952402605846,39.4664259805996,-34.4843131682945,149.263979819142
1526,15.25,40.877,1.58416737193935,-0.818721655496825,-176.647697376074,96.2080418125541,-0.0148085335678745,-1.47687309924396,-13.4338951447789,38.6801527802719,-35.0180126377705,149.824780731254
1527,15.26,40.887,1.59152727735727,-0.7746890192701,-176.767269686669,96.2102379257464,-0.0111510945359857,-1.59094981216199,-12.8671068250514,37.8791492207363,-35.5031156962102,150.315301023937
1528,15.27,40.897,1.59706502264455,-0.742379632207194,-176.915432073632,96.2196952613104,0.0428965136471987,-1.61617488573343,-12.2613638731014,37.0589042552436,-35.7477367586147,150.772275857579
1529,15.28,40.907,1.5919207851235,-0.702071035502358,-177.080740994217,96.2358351746669,0.12427608597723,-1.6333826757111,-11.5910547782658,36.2345194387393,-35.7165104693314,151.133275389967
1530,15.29,40.917,1.60412453010504,-0.653556666924953,-177.229548300049,96.2454614812912,0.181951817990888,-1.67340413092107,-10.9543584428676,35.4016171514758,-35.6424804891622,151.52691221649
1531,15.3,40.927,1.58176875993745,-0.644581392989349,-177.386633453558,96.2704424407714,0.310768451473398,-1.60502431567314,-10.3957708967288,34.5081724135229,-35.8408067635182,152.000236222799
1532,15.31,40.937,1.57937982311848,-0.625895577772975,-177.482741777386,96.2940153937223,0.336853119264519,-1.61433317842505,-10.0027027327952,33.5611492881941,-36.7372209181579,152.718602594179
1533,15.32,40.947,1.57556315819708,-0.608541918392634,-177.561103182713,96.3230173507431,0.393199828502063,-1.61686997673644,-9.58145569743557,32.6677499064132,-37.2037619011405,153.2954656937
1534,15.33,40.957,1.59705819082785,-0.569400752629551,-177.642376649074,96.3085177627823,0.444416782573058,-1.65451942663225,-9.08976458772276,31.8315669834687,-37.5375907013239,153.750166989432
1535,15.34,40.967,1.59563486969408,-0.537229878742801,-177.722964693367,96.3164112642993,0.499931276759614,-1.66826287141628,-8.64143964309375,30.9872974734756,-38.0454462035455,154.196833984972
1536,15.35,40.977,1.6099286565928,-0.49126128163538,-177.800011125166,96.3616744478028,0.135516142523543,-1.55941233690207,-8.18345186488381,30.1553830489672,-38.3873952388768,154.589647704661
1537,15.36,40.987,1.62451639924039,-0.433803814150053,-177.904089010387,96.3600979802396,0.178940261598005,-1.5790669849197,-7.67309052132964,29.3790540038982,-38.5759268568935,154.908950573378
1538,15.37,40.997,1.72056974064565,-0.339780934224123,-178.00291924223,96.286264809088,0.228604914157058,-1.63088956217119,-7.12425702923589,28.6048726717411,-38.8185998754235,155.298866460049
1539,15.38,41.007,1.79873605961953,-0.275432104406479,-178.085217386183,96.2389721966985,0.310690838311456,-1.65793428828364,-6.58947505339842,27.8180005624552,-39.0309260969306,155.601859060505
1540,15.39,41.017,1.83653152570694,-0.220311838562539,-178.15611937149,96.2000460194157,0.716139809968892,-1.76305267528368,-6.14236511168165,27.0182035836986,-39.3286827266076,155.96698463975
1541,15.4,41.027,1.88532283485665,-0.166077855392249,-178.213091855968,96.168377378445,0.817120298466985,-1.83601585216387,-5.72704726537322,26.2358925329799,-39.793082186958,156.345985293519
1542,15.41,41.037,1.90758179636779,-0.0835067474003614,-178.256723142954,96.1569108623336,0.860915826053375,-1.90232787862009,-5.32504923443856,25.5120422000954,-40.3376615930965,156.66424360391
1543,15.42,41.047,1.93004585227077,-0.0373401762275163,-178.312567123439,96.1680714947704,0.514945691412614,-1.77462496523105,-4.92083815654181,24.7579401593559,-40.988855102484,157.027621612098
1544,15.43,41.057,1.93306465191863,0.0254174494738654,-178.36240293513,96.1734702273027,0.563911362413873,-1.79406968367217,-4.52808858162195,24.0201024640795,-41.5475255342085,157.418547520828
1545,15.44,41.067,1.95367460678693,0.084208893479034,-178.433373624003,96.1681634218775,0.692235763280674,-1.82742037286978,-4.08486151244786,23.2837281410534,-41.8561839659726,157.646376907908
1546,15.45,41.077,1.96447846547367,0.145580116208863,-178.541092293547,96.1683514471137,1.1019362462018,-1.91438207098402,-3.61198523428314,22.5666404191242,-41.9564802007608,157.791480296756
1547,15.46,41.087,1.97137553074727,0.186392063581801,-178.609125044263,96.1926322136562,1.20209889740479,-1.96804835178229,-3.20379355655788,21.8156635738763,-42.2215825684257,157.992985963831
1548,15.47,41.097,1.93853092229115,0.23772450588488,-178.675497295591,96.2703723520704,1.27035561725677,-1.97494911066712,-2.85660502977465,21.0855745943529,-42.2563578614801,158.232651964052
1549,15.48,41.107,1.93100896750882,0.275900545974777,-178.75667153271,96.3162418257704,1.40448834919126,-1.994221678788,-2.49522515186451,20.3577072398411,-42.398686745876,158.505538398441
1550,15.49,41.117,1.92161703023809,0.324732092601124,-178.785761961416,96.3936842643053,1.62506403884975,-1.92937585316766,-2.20906720900529,19.6577210156489,-42.5844822403749,158.807618778826
1551,15.5,41.127,1.90338346545015,0.362596687539019,-178.817937179178,96.4519626176647,1.68507001582641,-1.96642397311315,-1.9260526322997,18.9489999143618,-43.0342844956396,159.073098146005
1552,15.51,41.137,1.88236220054135,0.398291749432669,-178.835517572411,96.5050429494992,1.67109448570196,-2.02554607204249,-1.63557155047088,18.2855877278495,-43.4233522323563,159.300573331976
1553,15.52,41.147,1.87257570928422,0.458676374760781,-178.81659289091,96.5468167018354,1.61536213677074,-2.06173919307144,-1.40070696108582,17.6394845436772,-43.9643822250921,159.572647413247
1554,15.53,41.157,1.85244765530935,0.491278682454693,-178.812952443561,96.5776999545652,1.62581662392429,-2.03125718034965,-1.14481978801506,16.9954622059852,-44.4450835557393,159.779365254409
1555,15.54,41.167,1.83722286099948,0.540651313079063,-178.848026415097,96.6114620643347,1.66445747427334,-2.03892648468257,-0.843081652417644,16.3971424170374,-44.8690685683751,159.9744421536
1556,15.55,41.177,1.81760853538004,0.588805737822445,-178.84338481855,96.6465509348757,1.7926263394735,-2.04072110680011,-0.576939775553773,15.8079149910341,-45.2921495254311,160.158678933535
1557,15.56,41.187,1.79709566898982,0.610656681207681,-178.85497690844,96.6905908979742,1.83079830214272,-2.05815916109021,-0.308354059342713,15.2040680530757,-45.6948407923486,160.354818934357
1558,15.57,41.197,1.75108392639137,0.660975088491876,-178.840014852296,96.778420523347,1.79948115368839,-2.09839525704346,-0.0723372367453018,14.6385388445525,-46.0149153089396,160.56122464829
1559,15.58,41.207,1.70954455499941,0.672358160832768,-178.855924062975,96.8783986635759,1.81238102794595,-2.08984591378914,0.191086467632028,14.0278237448351,-46.1188118934559,160.765489460848
1560,15.59,41.217,1.65741735395565,0.702645444709933,-178.856866847133,97.0066476142763,1.84527540178102,-2.07886973309571,0.411544780650961,13.4364726101008,-46.2020629374969,161.042106627204
1561,15.6,41.227,1.58738352200829,0.716180338205123,-178.853494851972,97.1469565200547,1.86379436806876,-2.1169815471052,0.605227051226518,12.8534745516035,-46.3436259997833,161.327139492895
1562,15.61,41.237,1.51683508087859,0.731379288046664,-178.867019524262,97.2940109769177,1.91435357257512,-2.11095028545275,0.816874538029953,12.2766782067277,-46.4351409213624,161.51375227648
1563,15.62,41.247,1.42493349635604,0.766745578189442,-178.841686930118,97.4651669315301,1.91593668481974,-2.16027345556035,0.95968874894317,11.7546112622544,-46.6281010305835,161.765995806361
1564,15.63,41.257,1.30136310793801,0.807977566159429,-178.844159839863,97.668557401732,1.92854425905944,-2.19635638696171,1.09547460194834,11.2927315243259,-46.6209809875608,161.920803271339
1565,15.64,41.267,1.1740566554092,0.831791834751981,-178.843280560819,97.8898490341028,1.88739015964136,-2.21386862996002,1.21511609003842,10.8270060248198,-46.6954514600038,162.101148236114
1566,15.65,41.277,1.04022153710484,0.880261463150906,-178.828975748507,98.1053146568232,1.84852425168325,-2.24766745492772,1.37868036181676,10.3908103954886,-46.8618669236873,162.199301112588
1567,15.66,41.287,0.883353834967562,0.914170509691297,-178.805894294102,98.3292902206547,1.83336706867485,-2.2448439940361,1.53252005712889,9.97194894263735,-47.029645431789,162.298988362879
1568,15.67,41.297,0.698464974704771,0.958612749043686,-178.784041271422,98.5761803159602,1.79196897865127,-2.28333406330279,1.59471499669681,9.59660428407146,-47.0850306745971,162.350841690723
1569,15.68,41.307,0.533103112144615,0.998238932259648,-178.769277157174,98.7806750236238,1.76802267623293,-2.27881995616952,1.70656627181478,9.25569420397679,-47.0597325651608,162.261824547088
1570,15.69,41.317,0.33060052976925,1.03599767678754,-178.76412648575,99.0191116668027,1.74167582122513,-2.27673015403141,1.81504352091599,8.93127046105571,-47.0673923413838,162.314268372944
1571,15.7,41.327,0.118639635723161,1.06774572428359,-178.742622563096,99.2569055825682,1.70544101191305,-2.23421129873229,1.87282327818572,8.6035442949176,-47.0036003156064,162.409383765382
1572,15.71,41.337,-0.119661907405496,1.09598463663364,-178.733222707173,99.5057003185749,1.77268979566221,-2.22108022730772,1.91902135356086,8.31439358292352,-46.9154832471046,162.481283643338
1573,15.72,41.347,-0.371797891859571,1.11616289616449,-178.738937579701,99.7588462133139,1.78783310122271,-2.1780256962136,1.95579698484702,8.02508473923366,-46.847313102099,162.638665570372
1574,15.73,41.357,-0.646048494040713,1.13415654163254,-178.72708301607,100.05344497174,1.75516539294385,-2.16400534653627,1.96140692339024,7.76011058553441,-46.7775523356224,162.680065727199
1575,15.74,41.367,-0.922970885864523,1.15498932722973,-178.705934704139,100.328424216682,1.75841027918711,-2.17675962806026,1.93790658819144,7.51817985682448,-46.7846902501603,162.733699409287
1576,15.75,41.377,-1.24337902829642,1.19760078681816,-178.683527536564,100.651541488425,1.76200717141204,-2.25818541047928,1.9035100786487,7.32315238419734,-46.6522172709406,162.75887491809
1577,15.76,41.387,-1.54970604382389,1.21397326692851,-178.609230130189,100.952550298262,1.64493046419877,-2.2724293045391,1.84449487988141,7.10769589102109,-46.5593461778833,162.820790902208
1578,15.77,41.397,-1.88410941560877,1.25071946414884,-178.547824842975,101.270672057437,1.60982218407227,-2.29374510220458,1.76399042090131,6.94917973088793,-46.4160257478157,162.897779660364
1579,15.78,41.407,-2.22218599145967,1.2599436692021,-178.512217631028,101.584578159866,1.57214018823981,-2.25271526992113,1.72681005586018,6.81718668042726,-46.0276944195399,162.829082191408
1580,15.79,41.417,-2.60227671091629,1.28494547993148,-178.460443965523,101.958514980379,1.50982367203395,-2.23398394051076,1.6077009208201,6.73227636998247,-45.7260642379302,162.868283873131
1581,15.8,41.427,-2.98857859276755,1.32055664193123,-178.40888267313,102.340463351222,1.46355744249732,-2.30296447670716,1.48157935034291,6.688120616677,-45.3676270488486,162.938645891259
1582,15.81,41.437,-3.39519066753553,1.32912335658109,-178.347427487613,102.759869164681,1.33832455419791,-2.29288419033215,1.34533707344271,6.66596323980777,-45.0760790604507,163.01105172367
1583,15.82,41.447,-3.84819819371622,1.33471230470241,-178.261308820248,103.183418960035,1.2893414824954,-2.24430644488313,1.13105784966822,6.65170413606799,-44.9989019226426,163.147812887482
1584,15.83,41.457,-4.31394984836301,1.334933824395,-178.210463486931,103.628735065378,1.2208134787938,-2.23064436220072,0.965975453559605,6.67406559091755,-44.8747979786273,163.082202573758
1585,15.84,41.467,-4.79289965764064,1.3487570113893,-178.137892104226,104.073393150992,1.15098196568767,-2.23705308049797,0.776226723985149,6.72484917666924,-44.7928537802695,162.994827979293
1586,15.85,41.477,-5.22348859443572,1.39380895925346,-178.062343589065,104.467247658994,1.07702298555862,-2.2264296113682,0.642889394849564,6.79286281077711,-44.7514902185623,162.935866577387
1587,15.86,41.487,-5.74326034202498,1.39831736921909,-178.024926180462,104.938186304323,1.04453284118831,-2.21053311773179,0.462802106837357,6.83030644316793,-44.6816359900208,162.82890093569
1588,15.87,41.497,-6.25583767920403,1.41000850971146,-177.98203763929,105.420597399436,0.982178164973275,-2.24434867338255,0.297464609058402,6.88537678271761,-44.6305945401425,162.744836995898
1589,15.88,41.507,-6.75600963712856,1.44001192132498,-177.962872762417,105.879940414002,0.985226681113202,-2.20253252679358,0.185033229830043,6.95526554862091,-44.5901748288128,162.606070249867
1590,15.89,41.517,-7.28830579475381,1.42940062449489,-177.921346109007,106.369281247321,0.983711778402641,-2.2168693148594,0.0284339700109688,6.97019453022307,-44.6054529792257,162.510528150647
1591,15.9,41.527,-7.8130531423679,1.44114794394026,-177.89950833475,106.823743785274,0.975398717727386,-2.18536341424995,-0.0940269934432643,7.00424482820335,-44.5409862944542,162.402502142365
1592,15.91,41.537,-8.35451592662099,1.43881967088165,-177.870993085713,107.291627516587,0.958042538104051,-2.1638278780183,-0.218008699556143,7.02524414554257,-44.4486539182248,162.258835421944
1593,15.92,41.547,-8.90694465358815,1.45004420777653,-177.840945078562,107.732048838759,0.980738028030934,-2.17084998870745,-0.373676406141041,7.04045622473571,-44.4299930514854,162.196090779814
1594,15.93,41.557,-9.43599484248851,1.44365144662026,-177.817839773766,108.1502126711,0.961932464151362,-2.12930755238844,-0.493187317175173,7.02484132549509,-44.4106243791049,162.151117261737
1595,15.94,41.567,-10.0080245064228,1.4507828862073,-177.783971294008,108.60974180454,0.897945162173642,-2.12706579238299,-0.693821150803131,7.02130123560634,-44.4036255007494,162.12345116054
1596,15.95,41.577,-10.5499277781949,1.45023235417314,-177.760213925948,109.017548537712,0.883215371174425,-2.12953013694411,-0.845463252063221,6.99930147697353,-44.3766366046899,162.10366560586
1597,15.96,41.587,-11.0940512087,1.47847740185986,-177.724535631296,109.444102408883,0.832312293640831,-2.17858348266299,-1.03338697114801,6.99415451289886,-44.4391715160976,162.119380551256
1598,15.97,41.597,-11.6443282510063,1.49677893085966,-177.707596149195,109.887377697862,0.894057015438341,-2.23313742076008,-1.19640260757755,6.97840093882433,-44.3875795864336,162.100914412556
1599,15.98,41.607,-12.2000767329052,1.49211257430938,-177.703239866697,110.29791842274,0.915429085717784,-2.20023993888547,-1.3349181579569,6.95349160446072,-44.3490606987433,162.063865408353
1600,15.99,41.617,-12.7823169001931,1.50595628132626,-177.68674479524,110.759380368696,0.793525840038986,-2.27632852735601,-1.5140127506339,6.93291169220511,-44.4143628975874,162.023497542176
1601,16,41.627,-13.310771645507,1.69030666552437,-177.695619112601,111.144011849709,0.784491591922075,-2.44091240950606,-1.60012564705268,7.07879449066303,-44.3691104848231,161.965828449904
1602,16.01,41.637,-13.8845939096514,1.70300755936734,-177.669432155082,111.554859073345,0.752610463265563,-2.43557230937848,-1.74108504094841,7.06303139141852,-44.1914868380046,161.861822369081
1603,16.02,41.647,-14.5298121046493,1.686987511977,-177.661053534698,112.012962042527,0.777661367551287,-2.39665307570641,-1.93210021084231,7.00914455028978,-44.0831185298842,161.797510831223
1604,16.03,41.657,-15.1369439680512,1.70407413364101,-177.647623464051,112.42131954755,0.72643573094086,-2.41510472304214,-2.08926593668802,6.99955602864221,-43.9106779697081,161.710109534133
1605,16.04,41.667,-15.7557143849632,1.6944480039384,-177.611071802501,112.821177398318,0.681078609188701,-2.38082656600059,-2.28014679538424,6.93374493676066,-43.8166285715771,161.651006450139
1606,16.05,41.677,-16.3698752833267,1.71323030505416,-177.621946121262,113.244363925105,0.677173639118337,-2.43805526641802,-2.4161781417178,6.92135643874638,-43.7315328116911,161.549911762497
1607,16.06,41.687,-16.9873128043383,1.73636465745035,-177.609163367595,113.625927649498,0.622455068896773,-2.45399756062573,-2.57636474379502,6.90164148326182,-43.6143369490175,161.448213116786
1608,16.07,41.697,-17.603090907806,1.74182854899044,-177.587241560739,114.086890903196,0.132280524800749,-2.09467133707465,-2.76604556349661,6.85118937329122,-43.5088901276213,161.387570997414
1609,16.08,41.707,-18.2333137031444,1.77031991331185,-177.596155543776,114.469801190915,0.110573496027991,-2.11325640433599,-2.92404272992457,6.85213483433942,-43.3715490866187,161.265998868687
1610,16.09,41.717,-18.8632798476109,1.76674691075251,-177.605170563693,114.793349384328,0.433470129568536,-2.43100947055342,-3.09842421932617,6.81320568115259,-43.2295688530487,161.213857954618
1611,16.1,41.727,-19.4898925949562,1.78275372457347,-177.601012470231,115.141121534599,0.454677842464392,-2.40935072970082,-3.2504562618496,6.82116306495967,-42.9596287057851,161.081941213326
1612,16.11,41.737,-20.1299327244362,1.81047941304296,-177.679387828697,115.466594065573,0.562852911249328,-2.51257319933645,-3.33965064472987,6.8931657285178,-42.7221511737275,160.911291330855
1613,16.12,41.747,-20.7441535976985,1.808871474057,-177.617240981086,115.773182902528,0.513840329370656,-2.44466389680335,-3.53964590474439,6.85679172891507,-42.5382253700218,160.872981996867
1614,16.13,41.757,-21.373627365551,1.82146280786805,-177.614042214148,116.073209919241,0.523405430281334,-2.53411077893092,-3.69254895229384,6.84713708460648,-42.3082014583475,160.727831006616
1615,16.14,41.767,-22.0149203982137,1.82132578450336,-177.55729264815,116.35498693344,0.478023220041452,-2.54537130720773,-3.9459209499529,6.79168919161927,-42.2190905198725,160.682129329042
1616,16.15,41.777,-22.6954348764965,1.85839407624443,-177.534359544586,116.712754844402,0.440398497427484,-2.50778354112748,-4.17682347866039,6.80369938577262,-42.1079051764615,160.596633507468
1617,16.16,41.787,-23.3511013950074,1.86970404707218,-177.539683667529,116.987833429559,0.42267369963305,-2.58856755305216,-4.37539118858455,6.80950986566063,-41.9724833310031,160.491798358603
1618,16.17,41.797,-24.0150103160971,1.89016650445331,-177.534128343708,117.341249835862,0.418659406461918,-2.57676042747298,-4.59907364388252,6.81593495911219,-41.8448621352776,160.400239138163
1619,16.18,41.807,-24.690958241113,1.83947107393109,-177.482071408039,117.64835749011,0.456304843632357,-2.49698411631057,-4.87807629192051,6.72127518199921,-41.8236262901825,160.359172362941
1620,16.19,41.817,-25.343836255124,1.82405943231215,-177.49933554652,117.954982995526,0.516137035522215,-2.47660810010804,-5.04118030821905,6.71801734652368,-41.6834386794555,160.190547902288
1621,16.2,41.827,-25.9661699583893,1.77891925301297,-177.481408153979,118.254253605006,0.559806646409867,-2.45046479696465,-5.23382435037069,6.65412795514822,-41.5675025627294,160.10684005038
1622,16.21,41.837,-26.586696018695,1.78142826432184,-177.454131092384,118.500664164257,0.615925852333306,-2.37839426069442,-5.44633038233928,6.62542825499223,-41.4422065173909,160.141004610459
1623,16.22,41.847,-27.181353136945,1.77957848132206,-177.434447779639,118.717758063119,0.654639500536685,-2.38171766948795,-5.62530123507444,6.59020532447044,-41.3576391049482,160.023396681805
1624,16.23,41.857,-27.7424372634084,1.74802076481767,-177.409432627609,118.912110287041,0.681664518777292,-2.31920596103648,-5.76924904408108,6.54366750639871,-41.1138975148868,159.90756469768
1625,16.24,41.867,-28.302359676366,1.74346385227146,-177.399723509241,119.0928908409,0.701098351808583,-2.34853689562585,-5.92571096317149,6.50621972240311,-41.0009889030776,159.847362453605
1626,16.25,41.877,-28.8519921580844,1.73773916726866,-177.356296484587,119.290763483495,0.638829474632055,-2.37557587593855,-6.10014104006441,6.46722175295797,-40.8450074843514,159.787798453348
1627,16.26,41.887,-29.3656214950828,1.70424697073153,-177.3541371298,119.461234910964,0.628409427073139,-2.37272246616815,-6.19331125258606,6.43233411527462,-40.6826186831963,159.656140050523
1628,16.27,41.897,-29.9041078020731,1.7185012215433,-177.312748238703,119.626744700921,0.603850919665559,-2.40595370713722,-6.35748462369098,6.41905088266802,-40.6283549002216,159.581676294258
1629,16.28,41.907,-30.4151773800386,1.72361937464894,-177.28446952747,119.890584631647,0.421813086087812,-2.42725365724009,-6.50638859849277,6.41416167542826,-40.4288493173251,159.483664324301
1630,16.29,41.917,-30.9172745260414,1.74096629556657,-177.228065314892,120.039424557297,0.382486176972092,-2.41492894633899,-6.65737291941692,6.41141577502812,-40.4590706179799,159.405515385751
1631,16.3,41.927,-31.4129077014569,1.7308110784562,-177.215061737622,120.198127026359,0.380479408073053,-2.3961967658681,-6.75972342384499,6.40549404045304,-40.5375783539542,159.210620619637
1632,16.31,41.937,-31.9012024335637,1.73125034314269,-177.170849948452,120.348512546567,0.325351832638332,-2.31019501288233,-6.92644304435978,6.381188184907,-40.4849006419043,159.157460890828
1633,16.32,41.947,-32.4997497226643,1.73142596144972,-177.187748016767,120.593946479987,0.3698660462295,-2.28926191585855,-7.13944753189728,6.37798738071755,-40.2693916482457,159.060155336163
1634,16.33,41.957,-32.9537338963561,1.73766958061443,-177.163554885125,120.719143895725,0.382380626506225,-2.25518068879974,-7.26764038190364,6.36138321424956,-40.171530972647,159.004060502532
1635,16.34,41.967,-33.3948664538293,1.71469511817061,-177.183922087577,120.829166031339,0.399803764217615,-2.26235423908814,-7.34629447617465,6.35009371247761,-39.9954027032627,158.877779804034
1636,16.35,41.977,-33.8593899308166,1.71123102718643,-177.159854428858,120.942389033363,0.438602412022946,-2.26648003897171,-7.49953620792258,6.32410735761194,-39.8610642777288,158.839061753287
1637,16.36,41.987,-34.3361181711499,1.70169381324165,-177.174936645291,121.127656985972,0.427435909546454,-2.23357852364491,-7.62920589460114,6.31981568775992,-39.7706555619037,158.686586596729
1638,16.37,41.997,-34.7805627925347,1.7240605809893,-177.18791720503,121.286760346183,0.439468804961038,-2.24505600504601,-7.73256392656004,6.36261515128364,-39.5508335082517,158.569690383636
1639,16.38,42.007,-35.2035791963116,1.70435843359513,-177.211435603342,121.463597384378,0.445527502511344,-2.20763264157217,-7.81866814369897,6.37319038309311,-39.464353716256,158.436042752042
1640,16.39,42.017,-35.6089945163628,1.70175966328618,-177.189963362613,121.63232127537,0.470683091382495,-2.1515510475049,-7.91397518667147,6.37248018846816,-39.3235939901601,158.370394325193
1641,16.4,42.027,-36.0329414990993,1.71048548268389,-177.206767517649,121.783051010381,0.495518955602161,-2.15718824590013,-8.02301920407219,6.3893785502524,-39.1837039747152,158.247537459044
1642,16.41,42.037,-36.5326625466017,1.69345081670339,-177.215673812969,121.981653357523,0.469330853595356,-2.12745160560801,-8.22869020368962,6.3552785348834,-39.0657631110544,158.201921721554
1643,16.42,42.047,-36.9066165080325,1.70967135103041,-177.228157596347,122.016604752286,0.458876867256544,-2.13748987262815,-8.31993775887427,6.35935279273714,-38.9661983177124,158.136883818406
1644,16.43,42.057,-37.276295706012,1.71318634439846,-177.225497588929,122.114187155975,0.410311032477329,-2.15076356282366,-8.42324001877578,6.35902247112955,-39.0042312500176,158.143208759165
1645,16.44,42.067,-37.6682774259903,1.7247836362335,-177.283896220765,122.220576793363,0.46957547349006,-2.20134354484028,-8.50379263759719,6.39115882466066,-39.0322569122205,158.023486686665
1646,16.45,42.077,-38.0412533236837,1.71093389053705,-177.346985388716,122.350581998625,0.45981914334738,-2.17936139880152,-8.55226669989198,6.41513177294363,-39.013478449632,157.903608736429
1647,16.46,42.087,-38.4273702998781,1.71432773533608,-177.355237110256,122.488983144243,0.448461616109696,-2.13947792805637,-8.67411168715172,6.43137362196068,-39.0905854265129,157.840491736719
1648,16.47,42.097,-38.8222965671488,1.71795998656358,-177.382829368446,122.65493495483,0.464077211416787,-2.16388604875719,-8.76739590893875,6.45283060701861,-39.1450472892046,157.689432364374
1649,16.48,42.107,-39.2177904666429,1.71669041736981,-177.412835302666,122.798836010892,0.507571732875418,-2.10538150261306,-8.88737557625554,6.48478148003741,-39.1187718248574,157.585220816264
1650,16.49,42.117,-39.6017202032862,1.71216822190132,-177.454200594016,122.957051458988,0.512243064424034,-2.11064606937805,-8.9907287250393,6.49091541776195,-39.1092876987736,157.442634180585
1651,16.5,42.127,-39.9478264403674,1.68715684704576,-177.484428637399,123.071408865764,0.536035445143468,-2.06343549365674,-9.06282608490223,6.46519372389325,-39.0529740292848,157.363481786577
1652,16.51,42.137,-40.3190622963251,1.68791965124717,-177.485791264403,123.16823627716,0.711416477335183,-2.02870167672794,-9.18095231586563,6.46202743294458,-38.8175906988009,157.281545477634
1653,16.52,42.147,-40.6992558323815,1.68988149336394,-177.493514405648,123.350144555974,0.773068653456797,-2.03960804160774,-9.32913846893493,6.44729954044716,-38.6453209479723,157.263163059299
1654,16.53,42.157,-41.0660767589506,1.68029841596394,-177.527976031026,123.50194833505,0.873672384590757,-1.97233400156128,-9.46600180858103,6.41848949368627,-38.3781624184532,157.265460210672
1655,16.54,42.167,-41.4253110668665,1.65005358093809,-177.515122810882,123.673818937111,0.895595719247265,-1.92661141022236,-9.58488823178059,6.38288501505353,-38.1656253497842,157.203183766242
1656,16.55,42.177,-41.7937845622977,1.64900052731623,-177.532402335917,123.885630968901,0.898597934493359,-1.95824899749359,-9.70109936288636,6.38075517957966,-38.1545222423712,157.122592543398
1657,16.56,42.187,-42.1599385262026,1.63938543659357,-177.536570809072,124.06661923325,0.938132987228059,-1.875020181086,-9.83683930811411,6.35322492960142,-38.0513568632656,157.059554135518
1658,16.57,42.197,-42.5237031424674,1.62022267607545,-177.555806266818,124.259691065459,0.904984181505489,-1.83530890533018,-9.96623040554149,6.3227029416018,-37.9798865608387,157.018929776826
1659,16.58,42.207,-42.8606434302873,1.60810056246956,-177.584517116496,124.441765876983,0.926201651319258,-1.85186735625484,-10.0141738022183,6.3252939661461,-37.8990546592288,156.875557805096
1660,16.59,42.217,-43.2059050897649,1.60673954940443,-177.659333929942,124.634580323841,0.958383870255828,-1.83887379910908,-10.0711366331607,6.35740599770596,-37.7070302470188,156.787347494492
1661,16.6,42.227,-43.5528325519576,1.55605836641809,-177.706937367289,124.842581978031,0.993423226664979,-1.78730806732917,-10.1657424491339,6.32859971621146,-37.7029502086016,156.752838984145
1662,16.61,42.237,-43.9294755074983,1.57810073109651,-177.745653883343,125.111813527645,0.97550363049722,-1.76064327828759,-10.3045970780247,6.34984890905855,-37.8710260919068,156.688909784025
1663,16.62,42.247,-44.2788573762678,1.57257567827358,-177.830630274651,125.303438705478,1.009564059022,-1.79630259685966,-10.3469199458627,6.38534090887654,-37.8020504178383,156.575897732053
1664,16.63,42.257,-44.6448572847161,1.56539622368578,-177.886951150413,125.533222329143,1.00646341140173,-1.80887112235806,-10.4139610711337,6.43651460170126,-37.8917944299573,156.38686237153
1665,16.64,42.267,-44.981871065346,1.57230874320545,-177.939787599777,125.733192026431,0.86255506468692,-1.90611301683751,-10.4885509047936,6.46871010958814,-38.0820863545364,156.27242495356
1666,16.65,42.277,-45.3069784051971,1.55749502479975,-177.961920342264,125.910551593148,0.833068398849414,-1.82008723419455,-10.599763443134,6.44999450488829,-38.2879673152507,156.20148469888
1667,16.66,42.287,-45.6325679261964,1.55268976657932,-178.070769407895,126.084380785843,0.91908715785069,-1.77171308239938,-10.5763227181533,6.56705853757673,-38.3497985661332,155.938688262293
1668,16.67,42.297,-45.9348800231401,1.56215425601385,-178.083401152057,126.252947224075,0.882618955227915,-1.73782505094366,-10.7297149560706,6.52556929277444,-38.232668994835,155.965256195458
1669,16.68,42.307,-46.2033450741934,1.5722944907368,-178.13984234687,126.407389912685,0.867591504924537,-1.74357754801324,-10.8754448556927,6.52806323407905,-37.5410797910313,156.155551551241
1670,16.69,42.317,-46.5692837825414,1.5281755621222,-178.152138678648,126.627354975018,0.900472338362077,-1.56952440304008,-11.0337956240002,6.49906638104085,-37.510229083831,156.142360169272
1671,16.7,42.327,-46.8240782344138,1.52230388164899,-178.13884714433,126.718130566393,0.886520258258911,-1.44275319357648,-11.2085873453549,6.4309424098741,-37.525138804577,156.209902904408
1672,16.71,42.337,-47.1392131760652,1.56956660814884,-178.191480440526,126.933183362264,0.831080520156855,-1.5174316400714,-11.3382588990942,6.49369928520946,-37.4173467659021,156.201628998899
1673,16.72,42.347,-47.3784868335622,1.58742846190082,-178.254762331363,127.07573318,0.822027331561758,-1.57529758956792,-11.3917555745357,6.53043092673878,-37.2842686182613,156.152849410906
1674,16.73,42.357,-47.5818168351336,1.57894348071714,-178.302455515645,127.217520145259,0.861811153336542,-1.48137866130483,-11.4457084761189,6.52763628148214,-37.1744064895957,156.162327362583
1675,16.74,42.367,-47.7976956109758,1.5566364203865,-178.345804721668,127.363287228747,0.901479649558494,-1.42535761809985,-11.4794045097052,6.5245999374723,-37.2629930367802,156.050370486914
1676,16.75,42.377,-48.0200553180272,1.56493908527872,-178.381969263682,127.520029330716,0.880452247184232,-1.40626157833021,-11.5551622400234,6.54640715143867,-36.9956728746027,156.060465514911
1677,16.76,42.387,-48.2050513589934,1.57263105160906,-178.433268592038,127.681783531325,0.83392419745739,-1.47679795486331,-11.5770198954326,6.57430247336415,-37.1222319643456,155.975581391342
1678,16.77,42.397,-48.4145887653136,1.57352281823026,-178.472880713329,127.852371833545,0.847573718384513,-1.47526569665779,-11.6906752659464,6.56453485537776,-36.9074216405908,156.033692898358
1679,16.78,42.407,-48.5909155558236,1.56970584134926,-178.475195696861,127.960528786246,0.82311537246974,-1.42756814790984,-11.7072292408274,6.5834164108854,-37.0474281221186,155.923498006418
1680,16.79,42.417,-48.767000347283,1.56052783173852,-178.465933111062,128.08307104159,0.83124563836948,-1.28952036903464,-11.816768300301,6.54712134491529,-36.8735693260677,155.971070604679
1681,16.8,42.427,-48.9356898309062,1.5656483205874,-178.474186693416,128.262581785159,0.799357900053162,-1.23043842076265,-11.8468351198121,6.56083566182587,-36.9095200283645,155.871045698452
1682,16.81,42.437,-49.1189578787678,1.57394907036911,-178.496830610649,128.432928176739,0.759770740117059,-1.2983214790987,-11.9038484678883,6.58992171039652,-36.6663310248653,155.84739129296
1683,16.82,42.447,-49.2735103151888,1.56903017432803,-178.460298799986,128.599571610061,0.719645484855467,-1.18366735502939,-11.9698980156355,6.55787746089444,-36.7939820558613,155.81092111983
1684,16.83,42.457,-49.457433826071,1.56970784935233,-178.496204899767,128.805998746901,0.723262472654672,-1.18601166090297,-12.0345375841358,6.56388206336648,-36.3435631452016,155.798435535827
1685,16.84,42.467,-49.606662255853,1.55295249456164,-178.523320941942,128.955509868731,0.743316680445722,-1.1599107725727,-12.0290210697411,6.565086805268,-36.5668582623109,155.711238205721
1686,16.85,42.477,-49.7513231462916,1.56039002323952,-178.541299810878,129.094617404761,0.750812090234327,-1.13208957210325,-12.0737910019467,6.56651387477397,-36.1962867593249,155.719546636357
1687,16.86,42.487,-49.8913488688598,1.5589841383438,-178.54277547561,129.201129267955,0.747091202184029,-1.05334136195698,-12.0869338443926,6.57225612125165,-36.5110668005112,155.617922548713
1688,16.87,42.497,-50.0433750650868,1.54304875524954,-178.569314793537,129.315965833228,0.750345668259152,-1.00334511312613,-12.1076703704361,6.56073436251082,-36.1993109780845,155.580567155968
1689,16.88,42.507,-50.1638032438228,1.54425440698695,-178.601431873612,129.441915044208,0.722246160879595,-1.049117333981,-12.1388662205114,6.56574308151341,-36.1156744120026,155.614822934598
1690,16.89,42.517,-50.2826435707982,1.5207042117744,-178.628248445242,129.509528573103,0.746500858069966,-0.967274442422677,-12.0825747867254,6.57731371240565,-36.1662370803027,155.446468679637
1691,16.9,42.527,-50.420937064117,1.53179336928631,-178.64065401475,129.650111607244,0.66953490085824,-0.941055033109602,-12.1678803448744,6.5672717804758,-36.0150463301509,155.507594570023
1692,16.91,42.537,-50.5476080589693,1.53289314771216,-178.662797359061,129.765890087619,0.644328406304671,-0.962897127246685,-12.1895397678523,6.55956780930481,-35.9839031048705,155.532187333762
1693,16.92,42.547,-50.6497366828485,1.52814358497227,-178.68561177102,129.855441438216,0.622500403823382,-0.890272751385293,-12.1441448723233,6.58520620143737,-36.0383649875973,155.38442828484
1694,16.93,42.557,-50.7539095067815,1.53024477111299,-178.736665410534,129.944905686013,0.598372551654249,-0.911266691096096,-12.2145787550995,6.56937481886597,-35.84020301606,155.562413009905
1695,16.94,42.567,-50.797899479604,1.52417908628572,-178.751248679784,129.997025418734,0.552761751526766,-0.903644778974633,-12.139677547678,6.57382007770467,-35.8004645786805,155.530318792786
1696,16.95,42.577,-50.9338945815106,1.5219496878369,-178.799899600846,130.108729161802,0.534201817337146,-0.910796440701569,-12.1904138173554,6.59014506733689,-35.7188867290893,155.554996113394
1697,16.96,42.587,-50.9937033883516,1.54186933836657,-178.824767976658,130.177528906568,0.495959996232759,-0.89393470351688,-12.1613455852529,6.62108137456531,-35.677073448179,155.593821205752
1698,16.97,42.597,-51.0643541966575,1.50381618985049,-178.865411424258,130.228564751501,0.537943832360758,-0.791814368672104,-12.1567416906289,6.5793787104474,-35.5444116747361,155.606465476418
1699,16.98,42.607,-51.1144155135165,1.50937008136644,-178.891436939066,130.291614404825,0.496162412293893,-0.805023313322135,-12.142191600404,6.5961185402869,-35.4816467389071,155.640103389787
1700,16.99,42.617,-51.1807435784369,1.50599320799901,-178.923015895506,130.392334404643,0.477439193704533,-0.792766396842289,-12.1253673096172,6.60203154968125,-35.5499163933531,155.608247088243
1701,17,42.627,-51.2439475388607,1.4939984792446,-178.93260101817,130.453515092521,0.453940560252663,-0.737476338105745,-12.1183741321661,6.59889062627599,-35.4249758080361,155.603096145613
1702,17.01,42.637,-51.3243154507624,1.47647511063427,-178.959828714128,130.565716249264,0.462088240778539,-0.694884954975482,-12.1360995604775,6.58266757447686,-35.4122988525971,155.645830722181
1703,17.02,42.647,-51.3973966218534,1.48149771220163,-178.97461410327,130.651501617366,0.416772962723491,-0.703148080392972,-12.1546540624928,6.57008543413211,-35.3185965189056,155.643636816994
1704,17.03,42.657,-51.4173431752081,1.478772191761,-178.966775132527,130.723612530773,0.373483623360735,-0.713387836593221,-12.0929571241428,6.59274386415296,-35.2776271575085,155.589305037152
1705,17.04,42.667,-51.4769079260589,1.47045140217315,-178.945942783801,130.809181821052,0.352618817692737,-0.691342947816886,-12.095854339921,6.58166097567082,-35.2148831299905,155.572595918163
1706,17.05,42.677,-51.5310775757275,1.47888355319212,-178.936378081882,130.862901831591,0.357158512084101,-0.621063475599921,-12.1007837834038,6.58582170305387,-35.0835797457638,155.536983932711
1707,17.06,42.687,-51.5749086316282,1.47285208106215,-178.896731298527,130.91133395249,0.336506179045513,-0.598379057442367,-12.1556895664174,6.54634528096844,-34.9589129307614,155.618588481895
1708,17.07,42.697,-51.6359805621855,1.47863303633356,-178.883264642863,130.97988825552,0.326289434841557,-0.633701501026689,-12.178613871152,6.55248922571048,-34.8808069174994,155.592158124204
1709,17.08,42.707,-51.6774386750545,1.48114873028957,-178.837341100836,131.015089802189,0.304313512620628,-0.616909628118947,-12.1731815050804,6.55920847423446,-34.9969957681156,155.529320696566
1710,17.09,42.717,-51.7034126128865,1.47458048331702,-178.801901148064,130.989560073481,0.326295452926007,-0.538601536572764,-12.1695868573422,6.5426075253026,-35.1209459576832,155.486114162915
1711,17.1,42.727,-51.7368265086429,1.48548648526206,-178.77684486644,131.038102598273,0.297220994993266,-0.582895183738132,-12.2267578147855,6.51254674612126,-34.8462597797833,155.578950758806
1712,17.11,42.737,-51.8151087561219,1.48191045802798,-178.735101905488,131.122789429976,0.286069284436024,-0.555313602822487,-12.2973704771455,6.4975151912385,-34.7492973168506,155.576351728707
1713,17.12,42.747,-51.8369322777537,1.49581290177554,-178.731926634257,131.153793310385,0.276473141118984,-0.567319264669667,-12.2792625039008,6.52190166973623,-34.7236193402095,155.554322704439
1714,17.13,42.757,-51.8628435555121,1.50144952947195,-178.721956949936,131.18918927484,0.297759450360553,-0.599104114938527,-12.2562897382293,6.52526506156348,-34.720046584851,155.484210193831
1715,17.14,42.767,-51.8815791494357,1.49132316542355,-178.690169739424,131.17555503286,0.310994249989592,-0.524525707264346,-12.253607889722,6.50847308890579,-34.6814579864601,155.466778715267
1716,17.15,42.777,-51.9127527449175,1.50194220100099,-178.645148023871,131.171578361827,0.335944286664349,-0.434075598278468,-12.3004340724957,6.47803310178195,-34.7713556017389,155.528033133021
1717,17.16,42.787,-51.9490337491399,1.50660309502089,-178.634852255716,131.205236373065,0.329340795811543,-0.484672118117063,-12.33273378903,6.46725665825079,-34.6624371772376,155.551836722789
1718,17.17,42.797,-51.9436461700736,1.5279676535876,-178.653563563171,131.207739379162,0.375074313204605,-0.467343358360341,-12.279359558242,6.50365867226516,-34.6293889604745,155.505596227207
1719,17.18,42.807,-52.008867030276,1.52123065860511,-178.638763187626,131.2669022783,0.415570347475887,-0.430966794659314,-12.3202876028846,6.49942314144461,-34.5503984692338,155.520618806662
1720,17.19,42.817,-52.0079332920375,1.52295721528184,-178.648465991444,131.23492587984,0.476697897537328,-0.414940621059794,-12.2840324426332,6.50403431639339,-34.4634848821639,155.513331866604
1721,17.2,42.827,-52.0366556487533,1.50811752754646,-178.630859600513,131.232676649058,0.521665640074852,-0.35246856270653,-12.3065294311509,6.46733473938833,-34.4560749685452,155.530184638153
1722,17.21,42.837,-52.0893659022263,1.51635912079782,-178.639602348468,131.279533239173,0.543400708320534,-0.348728568250975,-12.3429862841582,6.46570790967585,-34.4293941650245,155.553610809799
1723,17.22,42.847,-52.1031138073243,1.51170233140685,-178.632234476851,131.281713996262,0.549907590600249,-0.307719930203616,-12.3438709714767,6.44405521563509,-34.3310990386345,155.586182239486
1724,17.23,42.857,-52.1429559926585,1.52534393838042,-178.657019149399,131.334904742558,0.541411641087028,-0.37014153208573,-12.3422803483834,6.4550699709133,-34.3016639134533,155.599945691511
1725,17.24,42.867,-52.144512283442,1.51273962573511,-178.670922068248,131.328620073934,0.536867770569262,-0.396827354921823,-12.3270072560398,6.44463178693799,-34.1824361108532,155.66405306312
1726,17.25,42.877,-52.191744012782,1.51974587114552,-178.690345909722,131.376435649075,0.554711039972411,-0.394077285749824,-12.3214983152159,6.46321192168715,-34.2258377876944,155.624571163938
1727,17.26,42.887,-52.2376631663459,1.52141557518004,-178.678334247137,131.418032980621,0.536431444499535,-0.342648747489746,-12.3445590317794,6.45005840057577,-34.3809523678653,155.636201785593
1728,17.27,42.897,-52.2945783577304,1.51825597700433,-178.669516801196,131.46763598603,0.535597191067487,-0.329695530799173,-12.3646382879109,6.44260530976371,-34.4128278535556,155.653808494999
1729,17.28,42.907,-52.3229587864146,1.53048772942434,-178.678798518135,131.474931373422,0.53883810867476,-0.346035495449768,-12.341561208897,6.45622920530692,-34.4871087183763,155.640540771924
1730,17.29,42.917,-52.3445805455641,1.52313068185919,-178.698901417454,131.490677397071,0.548697383819153,-0.343980744948904,-12.3318706375525,6.44791524687194,-34.4464010806149,155.632652037804
1731,17.3,42.927,-52.3929669049519,1.54152451155565,-178.717716916017,131.52249352103,0.551968497426905,-0.325130637877565,-12.3206628441358,6.48029688369483,-34.4358146729281,155.604287270142
1732,17.31,42.937,-52.4116937738757,1.53242168793943,-178.702829191255,131.545684662431,0.558130766241494,-0.275003153279999,-12.3076635962065,6.46782456730525,-34.4324990161418,155.585217299247
1733,17.32,42.947,-52.4758174999626,1.55553880005164,-178.724026270759,131.613037591144,0.577864249971032,-0.221865194119214,-12.3545287159861,6.49053113184784,-34.1288856546238,155.639333164311
1734,17.33,42.957,-52.5080040333515,1.56460364222193,-178.724902633412,131.672325199996,0.591513411606564,-0.195697153942399,-12.3593950683442,6.49346959190611,-34.1945900195817,155.619445969902
1735,17.34,42.967,-52.5266917060193,1.55418518617312,-178.722616131471,131.68487051163,0.641389749710118,-0.118132783225271,-12.3417172797367,6.48468125312448,-34.2234070493777,155.600133508072
1736,17.35,42.977,-52.5586673624271,1.570519621339,-178.730893285777,131.755971988881,0.639651690415998,-0.108236078283825,-12.3463444591344,6.49777376555627,-34.2066811749689,155.586267831333
1737,17.36,42.987,-52.5468832492732,1.56156076908707,-178.733545140337,131.747922809116,0.65985175442533,-0.0911635599179174,-12.326436665074,6.47558804601849,-34.0946299091581,155.633138203243
1738,17.37,42.997,-52.5889916736917,1.5763405721347,-178.734136907534,131.819205340068,0.636733579090526,-0.148188124997319,-12.3346374996569,6.49055764702868,-34.2770717441218,155.595144938233
1739,17.38,43.007,-52.5681113971865,1.57460864178626,-178.729852427422,131.797442747134,0.666810014946509,-0.100147934045334,-12.3333615517469,6.46432638484355,-34.1161026582146,155.663351993312
1740,17.39,43.017,-52.5668024176421,1.56989640492966,-178.734523084096,131.812764032426,0.671387159279786,-0.112108871314066,-12.3357219633629,6.4505475229464,-34.1121004163334,155.679750696455
1741,17.4,43.027,-52.56871616702,1.58468067197712,-178.711805974582,131.831145093554,0.671683443010721,-0.152738174900525,-12.3618416378584,6.44539376585322,-34.2530893396828,155.70602397909
1742,17.41,43.037,-52.527131706048,1.59224043888483,-178.719887108033,131.812929222324,0.660028311072756,-0.141784401396792,-12.3291735227277,6.44872041293974,-34.219001082759,155.731998263833
1743,17.42,43.047,-52.539357107653,1.5877397104118,-178.737746893684,131.853986542074,0.663112141864071,-0.187785805941454,-12.3602147139799,6.44077703777669,-34.206441968521,155.747194250607
1744,17.43,43.057,-52.5031855666516,1.58999237274578,-178.742369947131,131.854926927937,0.660678856304397,-0.213489617191477,-12.3095841110586,6.45863502759712,-34.4713741840685,155.648577520971
1745,17.44,43.067,-52.4712513012787,1.59742060439931,-178.749784588198,131.843834497196,0.674035782881552,-0.196348418854543,-12.3151098589899,6.46082387970503,-34.392064323817,155.667256566788
1746,17.45,43.077,-52.4333571570874,1.60294593670422,-178.739641147214,131.872453577275,0.664075663772895,-0.168225157196095,-12.3250313265268,6.45819480683052,-34.3951982684638,155.685414817749
1747,17.46,43.087,-52.3998681272931,1.61307745879505,-178.749087212506,131.907332294903,0.655320634337247,-0.186151034111997,-12.31955993779,6.46870656023229,-34.398391573454,155.689270298659
1748,17.47,43.097,-52.3241078658334,1.6031043037568,-178.745497561558,131.909436635667,0.656620082317619,-0.237475274246972,-12.2942163799379,6.45403634777857,-34.4122361813631,155.702601402276
1749,17.48,43.107,-52.2636149567051,1.61946600507634,-178.749678491269,131.899419828195,0.65611256120823,-0.18504257838811,-12.3073880603747,6.45037751506157,-34.3378646790578,155.749351846494
1750,17.49,43.117,-52.1844827143462,1.63603253591859,-178.761207355038,131.887684292466,0.635790655079302,-0.264952097173807,-12.259580719337,6.46761049276928,-34.61281628742,155.6737675738
1751,17.5,43.127,-52.1294791860476,1.64768817676482,-178.748749593158,131.937572102987,0.610373007554568,-0.233665031561794,-12.2630337729923,6.4704841216667,-34.7786803502607,155.669195016318
1752,17.51,43.137,-52.035503067328,1.64522944434555,-178.751564944605,131.918182546231,0.621557260861926,-0.169443201851315,-12.2517973607567,6.46488929775289,-34.7416667154496,155.696867350446
1753,17.52,43.147,-51.9160578796449,1.641807392418,-178.762036759219,131.862379932927,0.648505360982502,-0.186209377803049,-12.2401480504661,6.4458105587303,-34.6782277098675,155.735313796357
1754,17.53,43.157,-51.8383358313762,1.66057178599411,-178.77079595811,131.862165933078,0.665062658965005,-0.115196761914258,-12.2286067664542,6.45611470443807,-34.8612622381271,155.695763275288
1755,17.54,43.167,-51.6799066560516,1.65613826620776,-178.775429952333,131.807296900439,0.672294738699346,-0.104185492791531,-12.1702539244986,6.45202359043654,-34.9972414859945,155.694334676339
1756,17.55,43.177,-51.5597644107727,1.67655874551613,-178.777283807529,131.813248315452,0.647318963522784,-0.152387966961821,-12.133517639902,6.46985980322526,-35.0852278511197,155.65412502733
1757,17.56,43.187,-51.4022903989307,1.68583835650495,-178.773987420456,131.786110188163,0.613340069052541,-0.151424852966298,-12.1042568185225,6.46233583897866,-35.2796925919279,155.641875894587
1758,17.57,43.197,-51.2409673835739,1.69752290761301,-178.804185775115,131.711202735954,0.65473614727643,-0.208464431720324,-12.0760139003428,6.47284610708396,-35.2468759281865,155.677100886815
1759,17.58,43.207,-51.0717578003114,1.72149267522951,-178.790813970816,131.679215677687,0.625888145227168,-0.187621283993634,-12.0745856048127,6.44498106980991,-35.2146976077819,155.737935886387
1760,17.59,43.217,-50.853085407122,1.73080939751383,-178.794519680163,131.589370975585,0.619789902585269,-0.217953625990755,-11.9474349874488,6.47457573254656,-35.5755589820861,155.588827776372
1761,17.6,43.227,-50.6497427330803,1.74745178678986,-178.813000362732,131.519124297852,0.63205037090628,-0.232667776622762,-11.9253916105447,6.46079533666541,-35.52352913292,155.663430420415
1762,17.61,43.237,-50.433690325219,1.78885355798939,-178.812131345103,131.495423349863,0.579473939932793,-0.292165352853047,-11.8892913789504,6.47176768587708,-35.5885972298043,155.690292547608
1763,17.62,43.247,-50.189971956319,1.78594393740537,-178.85092089359,131.418810181632,0.598789315076873,-0.310258549820516,-11.8146888694757,6.46946167349379,-35.7900795747971,155.691262346491
1764,17.63,43.257,-49.9115939993023,1.80190604857833,-178.863258938784,131.329939749817,0.593020034940548,-0.347584853329485,-11.7263554423186,6.46953975501018,-35.8488752486771,155.70788897109
1765,17.64,43.267,-49.6560683505767,1.81488917048668,-178.844006735916,131.267326134547,0.58130378058404,-0.293661293110104,-11.678263972091,6.45744578504274,-36.0107139442233,155.698626708028
1766,17.65,43.277,-49.3725528057002,1.8385257085859,-178.855512667775,131.201162842889,0.573334911479742,-0.332279694999146,-11.5819639389461,6.4686610646101,-36.3078789601801,155.642149522811
1767,17.66,43.287,-49.0424178527087,1.8669117276832,-178.899474863015,131.126715699725,0.533958314810147,-0.439315566500645,-11.4663091797449,6.48683884165553,-36.2718770681364,155.692735696433
1768,17.67,43.297,-48.7161730401358,1.88276061833476,-178.890744931076,130.994680831294,0.527781574484918,-0.391293773919633,-11.3630571610822,6.48127868075103,-36.5756760815572,155.670086217212
1769,17.68,43.307,-48.4177343892581,1.91986057428269,-178.932579572948,130.972259190299,0.492820651832432,-0.505085251258344,-11.2900547130192,6.50610104014726,-36.5733479971125,155.703386593302
1770,17.69,43.317,-48.0710152503366,1.95599977844811,-178.931348937911,130.894172525142,0.440181022364409,-0.508230512431151,-11.2133862258788,6.50996886155353,-36.6952483856516,155.734320799175
1771,17.7,43.327,-47.7255596365525,1.99523419855982,-178.939131636283,130.826062850899,0.403475615858583,-0.5601508122594,-11.0964602878501,6.53327794702524,-36.8362198142098,155.704198250032
1772,17.71,43.337,-47.3584502914396,2.04460555530059,-178.94746436587,130.708130661264,0.466026325268269,-0.391751252086848,-11.0265691654239,6.55054967764342,-36.8888955978693,155.786114614455
1773,17.72,43.347,-46.9604023148256,2.08008931868028,-178.964528184613,130.61763908588,0.411499935866554,-0.431923797547807,-10.8813396627679,6.57004339618535,-37.0102397303155,155.762389026939
1774,17.73,43.357,-46.5836103527997,2.11959856823735,-178.967078834356,130.592611549082,0.0656834655608835,-0.42719307481574,-10.776732648344,6.58783672636269,-36.9324795157623,155.765442237389
1775,17.74,43.367,-46.2168997621034,2.15404410302949,-178.998517155205,130.527934347298,0.111258055027885,-0.463896773129455,-10.6968913168538,6.5921391438079,-37.163324484746,155.80878584704
1776,17.75,43.377,-45.8130834539588,2.19914881211262,-179.009491350972,130.41733147911,0.0477820997911043,-0.488819849841936,-10.5653399976963,6.62313080819695,-37.0298882040851,155.821834117972
1777,17.76,43.387,-45.4132233311234,2.24821283573721,-179.047887574916,130.337987605578,0.0312646950258666,-0.543884566754057,-10.4369881276214,6.65949762154648,-37.1870397624369,155.827768716426
1778,17.77,43.397,-45.0182724974942,2.28212624925873,-179.079071204582,130.245692588112,0.0143892060884137,-0.549199233497377,-10.3549457452668,6.66245030433219,-37.1538753117437,155.981431112703
1779,17.78,43.407,-44.6059454030698,2.3141790580821,-179.090408408553,130.159437328312,0.0112110926527064,-0.552046000853964,-10.2052946183137,6.68846327287455,-37.1292909781937,155.934772840594
1780,17.79,43.417,-44.1730723351261,2.35185659579614,-179.113461258544,130.040915012419,0.0224909181490187,-0.597277708492513,-10.0655863307741,6.71925524766452,-37.1851950595258,155.973839068393
1781,17.8,43.427,-43.7590103006244,2.37477186160799,-179.154498419402,129.946551109149,0.00569636485721864,-0.643339788830517,-9.96555550787486,6.72192678691504,-37.325547863563,156.071255408106
1782,17.81,43.437,-43.3427058049604,2.39471373117471,-179.121608504739,129.843507551352,-0.0232278247017122,-0.611846511198471,-9.86404566369586,6.70961669966457,-37.4471818697026,156.087985391599
1783,17.82,43.447,-42.9082137760358,2.44135205004446,-179.15783751339,129.73281171777,0.00397224136931614,-0.705842362763217,-9.7327679500908,6.7424676844989,-37.3396267415137,156.156946411084
1784,17.83,43.457,-42.4685081720103,2.45652064969159,-179.161948828988,129.608328018628,0.0335884588584455,-0.717942256617094,-9.60003129952392,6.74285051471434,-37.7048143461415,156.158332827094
1785,17.84,43.467,-42.0349373171551,2.49348937496088,-179.169897781211,129.482790845019,-0.00463849063181511,-0.765772910613072,-9.49618608074544,6.75196092395858,-37.5509501956423,156.223551683258
1786,17.85,43.477,-41.5768797532413,2.5166328295978,-179.164469714798,129.256089305338,0.140828439764952,-0.790678616970046,-9.37278982346422,6.74766522802022,-37.6054651512174,156.306863745253
1787,17.86,43.487,-41.1323968436232,2.53406949129883,-179.131176370126,129.106089172776,0.138242529828551,-0.757205084988218,-9.27173542049219,6.73743762144318,-37.9919060773958,156.311962376377
1788,17.87,43.497,-40.6938338056584,2.57888485868306,-179.113075805645,128.955720860713,0.0856239320320624,-0.81136466596756,-9.18762395030889,6.7278321379969,-37.7590061219143,156.428353915289
1789,17.88,43.507,-40.2538994805305,2.59501011873852,-179.121303509196,128.80591155424,0.0678443920680646,-0.827446752888032,-9.04436474822717,6.73435689088458,-37.8631456233227,156.409093811675
1790,17.89,43.517,-39.8046982799227,2.60485135968062,-179.158763657598,128.638355461091,0.056844287978579,-0.863770311396397,-8.89697004050338,6.73366271388001,-38.035413583321,156.395592962094
1791,17.9,43.527,-39.3361406474972,2.63530415897942,-179.15553248905,128.413277896956,0.0266834831332734,-0.87736219831132,-8.76406340321759,6.71528092650868,-37.9313217588475,156.478060556154
1792,17.91,43.537,-38.8654880666954,2.67716257259845,-179.104604854338,128.174429446118,-0.0341996770018439,-0.882491441950501,-8.64143421164123,6.73707464085596,-38.1530311258732,156.471955975668
1793,17.92,43.547,-38.3932278306863,2.66355576904004,-179.116135777124,127.919228422534,0.00438900903323641,-0.879263283286176,-8.45182264752371,6.73222506141456,-38.3404830390453,156.412279435053
1794,17.93,43.557,-37.9220417425918,2.68109045276676,-179.063161377488,127.685980599902,-0.0220003102306362,-0.853010271009418,-8.35107481227067,6.70844202160638,-38.2991559128066,156.520916500746
1795,17.94,43.567,-37.4315407961093,2.68856660265444,-179.079867470874,127.435061836953,0.0336029149031817,-0.903225112192527,-8.1836405944267,6.70425763534846,-38.2177975901631,156.594670952109
1796,17.95,43.577,-36.9673368088496,2.69090002156962,-179.05152957694,127.21676895129,0.0487486431778638,-0.894540968320719,-8.02297395362983,6.69977912433041,-38.2644434641238,156.622259130065
1797,17.96,43.587,-36.4975244623347,2.70251093018605,-178.998987144727,127.007691532112,0.0603080551327042,-0.925406460905306,-7.98190009429364,6.63777537643566,-38.1100314621426,156.804394625057
1798,17.97,43.597,-36.0157839221908,2.71893069654795,-178.996920306285,126.757669126628,0.0976181283307354,-0.965858670327356,-7.83460698044632,6.64431892280978,-37.9194376341992,156.88536765644
1799,17.98,43.607,-35.670755306777,2.70646348755945,-178.980390111272,126.653274545502,0.128680634515524,-0.966340982999618,-7.81983169424247,6.62623472313434,-37.9131499821355,156.886474891921
1800,17.99,43.617,-35.186516714372,2.71960444016957,-178.982499851149,126.392480146989,0.166524726431368,-1.0305058856739,-7.63913743284441,6.65576590562341,-37.7786648346198,156.89049931657
1801,18,43.627,-34.7028556498676,2.69311390239146,-178.914935192442,126.139848823406,0.123271729040652,-0.995946199450517,-7.53652178432239,6.59292570364349,-37.7825072936583,156.970439601551
1802,18.01,43.637,-34.2158855655016,2.71710733276026,-178.897345200423,125.827815634623,0.155052020726413,-1.12964181998186,-7.35201643864522,6.6343391837061,-37.8027122234432,156.964148444045
1803,18.02,43.647,-33.7654417409097,2.71917471130652,-178.850659960332,125.575051217857,0.0874723607852675,-1.12675963328088,-7.26616136567922,6.63044307547675,-37.9143044730252,157.049504752261
1804,18.03,43.657,-33.2832313053461,2.71332704388069,-178.827230016375,125.291584023461,0.0536060362026124,-1.12069676806537,-7.09495365511855,6.61899022413701,-37.8797071304484,157.072460635618
1805,18.04,43.667,-32.8093868692792,2.71584112957895,-178.785391099855,124.98005979669,-0.00690267927500143,-1.07889126634815,-6.96367417477536,6.62901712438152,-38.0215340494389,157.094626723859
1806,18.05,43.677,-32.3474983761295,2.70557773853939,-178.739257391285,124.672899366068,-0.0288508123508737,-1.06168127473435,-6.81644936145366,6.63790562070139,-37.9665940058696,157.053173735261
1807,18.06,43.687,-31.8572896204994,2.70450640583038,-178.71461381321,124.343490156876,-0.0356111834757249,-1.09070015172424,-6.66089590917152,6.65244607305678,-38.1419645464261,157.057388814166
1808,18.07,43.697,-31.3793964774662,2.68381118553376,-178.712017856688,124.026036355767,-0.0126482680378219,-1.11256973956149,-6.4759555420845,6.67398280271188,-38.1628628729369,157.069877217669
1809,18.08,43.707,-30.9014738604577,2.66394149024047,-178.69616957445,123.726966919894,-0.0220647379597322,-1.10383451383348,-6.3593933526423,6.6550602835829,-38.1543833972748,157.185766895805
1810,18.09,43.717,-30.3994360120367,2.66573356066734,-178.709380881321,123.50590264434,-0.381537778983983,-0.747550516294043,-6.16953820133243,6.69306890063468,-37.9719439335538,157.228728841263
1811,18.1,43.727,-29.8890860880602,2.62137952780986,-178.700278645065,123.175924289712,-0.374779572518094,-0.796800266986607,-5.99255181747932,6.66147654462148,-37.7979145044315,157.295400022722
1812,18.11,43.737,-29.3712485564901,2.62511279974665,-178.681316380144,122.85657264825,-0.37582743429236,-0.860924249957948,-5.81028867712795,6.66895525381181,-37.5748732906951,157.335586700142
1813,18.12,43.747,-28.883522904544,2.60724078214759,-178.713952753567,122.552442590304,-0.3261049926102,-0.890864697853243,-5.63443806722726,6.68582006091207,-37.4419763647313,157.39266500014
1814,18.13,43.757,-28.3861851340001,2.59544734965992,-178.713641249512,122.251525406962,-0.312212754837438,-0.875039632382697,-5.46784697778481,6.70254731325048,-37.3977453285551,157.458195090322
1815,18.14,43.767,-27.8948713427178,2.57761307747487,-178.723421842432,121.902149046373,-0.301311577061453,-0.894155380975352,-5.27659877523365,6.7219612947006,-37.2958665703475,157.470563642782
1816,18.15,43.777,-27.3937040229969,2.55728012854691,-178.708123650713,121.522208365084,-0.315245825071842,-0.953294944705318,-5.13179102618053,6.70910459466609,-37.2116874717659,157.582052772
1817,18.16,43.787,-26.8727277480086,2.5449019390152,-178.731261183818,121.142769525008,-0.314853934887491,-0.92530862917998,-4.91394405759598,6.7375009349532,-37.1670707665382,157.592913290843
1818,18.17,43.797,-26.3428084600002,2.5252260666792,-178.702604202848,120.772442772021,-0.3284367189411,-0.930949763460616,-4.76433898023164,6.72336427116099,-37.2924395076046,157.719608040722
1819,18.18,43.807,-25.7992769319019,2.50317276406211,-178.752103553916,120.371207602761,-0.307621309805943,-0.941646864938062,-4.49961934641686,6.76430515463527,-37.1697855613182,157.689969479692
1820,18.19,43.817,-25.2572837676383,2.49684724382559,-178.793852654493,119.944658539499,-0.44231081666697,-1.0010880730167,-4.24479128015035,6.80668290723929,-37.051155168826,157.682919287885
1821,18.2,43.827,-24.6969459385813,2.48656254992595,-178.839575288461,119.533045192314,-0.310371551422956,-1.12710327076136,-4.00623389118132,6.84059868709459,-37.0585780859986,157.793878344189
1822,18.21,43.837,-24.1298098570762,2.45663112922897,-178.878724936838,119.111624109696,-0.249016087681608,-1.0473318602642,-3.77405672349473,6.83448292152894,-36.9467991606286,157.895877104667
1823,18.22,43.847,-23.5582631017965,2.46600684760615,-178.894277199126,118.696831931619,-0.252263426603422,-1.17151473919527,-3.55006934464304,6.8504407575607,-36.7794951279902,157.940038344908
1824,18.23,43.857,-22.9191866567078,2.60780773221875,-178.93745378903,118.241476247122,-0.261757784365232,-1.33572333300957,-3.25018706188372,7.02343190313274,-36.8170218332628,158.015803240689
1825,18.24,43.867,-22.3462096818061,2.61862311336771,-178.972925797666,117.864422477016,-0.281944565980353,-1.43004913463316,-3.01619186986537,7.05209326853242,-36.7123274614618,158.095679947186
1826,18.25,43.877,-21.7791371912086,2.59100479399886,-179.032320655003,117.497787161393,-0.293578981576626,-1.48726221781841,-2.73931983763923,7.07364217096738,-36.5895009942246,158.131043758262
1827,18.26,43.887,-21.200863645516,2.59389284834037,-179.049140301497,117.090008341695,-0.336401283479518,-1.49718436796038,-2.51659688367069,7.09125377560518,-36.6342000318492,158.272180462326
1828,18.27,43.897,-20.6284304180881,2.56335305296596,-179.103225990668,116.67639279938,-0.315125406437405,-1.5039098825968,-2.24117873789809,7.10293574132122,-36.5092429570507,158.309659190158
1829,18.28,43.907,-20.0172691705563,2.56232520514516,-179.112893461604,116.19695395286,-0.349668841429265,-1.56786393827975,-2.00759989075306,7.1103542591767,-36.6247970773939,158.458262548601
1830,18.29,43.917,-19.3684685331975,2.51647209347144,-179.177004700261,115.644320917502,-0.293091811926286,-1.5485794204508,-1.64576534384102,7.1202800638332,-36.5142945822338,158.476622961843
1831,18.3,43.927,-18.8307551515503,2.52494714499216,-179.190231893711,115.167433274496,-0.264203533990903,-1.62000065881938,-1.48753303434122,7.14183626085222,-36.5694084703935,158.61449845246
1832,18.31,43.937,-18.2716793230778,2.50798076574676,-179.266992229643,114.705225307918,-0.219801055438378,-1.57247258789826,-1.23371935821343,7.17248384431835,-36.4902334251074,158.674518420594
1833,18.32,43.947,-17.7015030224941,2.50927726939634,-179.285520751367,114.189271812811,-0.195613026817364,-1.61170501686588,-1.03966794467485,7.2015204541012,-36.6200388990079,158.792095458817
1834,18.33,43.957,-17.1531776761099,2.49596584814978,-179.329835749923,113.714612150872,-0.108883222521452,-1.68941006428832,-0.840546996797605,7.22856325229748,-36.6153019038383,158.906111367945
1835,18.34,43.967,-16.598805566743,2.49683550081295,-179.372100958766,113.21680320369,-0.0283917531720984,-1.78784841957116,-0.634090730852957,7.2647600482847,-36.5943765644606,159.007807020683
1836,18.35,43.977,-16.0401906543655,2.47370867965111,-179.397114880296,112.757069070891,0.0204719542169848,-1.83364171868564,-0.436363330295047,7.273822995492,-36.4772331724615,159.09601656426
1837,18.36,43.987,-15.4878322497334,2.49248142733766,-179.40943386596,112.258886107039,0.0414114386010132,-1.92289086398817,-0.256802820499179,7.30474874037199,-36.5124119940848,159.165204025496
1838,18.37,43.997,-14.9535027807077,2.48674794229762,-179.427504819177,111.786144476745,0.105380983050508,-1.9743954647136,-0.0754629757145337,7.3292488686705,-36.4424320567121,159.235558380139
1839,18.38,44.007,-14.3683985358438,2.49200774501113,-179.45366742383,111.259787808828,0.163732569589097,-2.06483686070012,0.166097433826909,7.3444284687049,-36.3702337069735,159.329068773405
1840,18.39,44.017,-13.8167849259685,2.49182199937434,-179.458368079319,110.707735011462,0.200421363243385,-2.08573114717557,0.34900982760895,7.35376353486948,-36.2763632178426,159.440440739007
1841,18.4,44.027,-13.2933637080607,2.49530243752722,-179.475957722164,110.174417777125,0.257882445531617,-2.15828698964649,0.525894268985229,7.36757349000475,-36.1759422746872,159.534389149436
1842,18.41,44.037,-12.7947294741735,2.43516962317511,-179.498346634247,109.633875279908,0.278427976294816,-2.19898496110145,0.682274922128789,7.32477566978771,-36.1256796322805,159.579479083131
1843,18.42,44.047,-12.3139600770816,2.40865488267968,-179.511218958991,109.090254091924,0.336262389724263,-2.08537688301905,0.820360190158602,7.31499386690768,-36.0466722163032,159.66573177202
1844,18.43,44.057,-11.8362186696561,2.39085546542227,-179.518969584507,108.546666813941,0.452070357454156,-2.27878251416505,0.973388129333162,7.31390552197541,-35.8763898926174,159.718949270066
1845,18.44,44.067,-11.3725504091665,2.36408748484443,-179.53897791832,108.046469906017,0.502277992023371,-2.28879717273919,1.1296494487917,7.29632011705068,-35.8785929285605,159.804004340563
1846,18.45,44.077,-10.9446511656405,2.35145572881954,-179.553166818746,107.571425551836,0.59546526583248,-2.23810311485811,1.24069618730465,7.2899487190103,-35.8077569903458,159.862829382688
1847,18.46,44.087,-10.4619718718124,2.3189635572665,-179.576857615429,107.070230008967,0.653139672143059,-2.28886901656183,1.42278999041527,7.27353417934517,-35.7487982300427,159.949157107947
1848,18.47,44.097,-10.0500496364519,2.30851485377934,-179.627281547022,106.666369707809,0.784356100384276,-2.36139345800208,1.57500650659527,7.25372584095275,-35.6081164720088,159.940704578145
1849,18.48,44.107,-9.63179221650108,2.31201460493202,-179.646464134895,106.259261005054,0.767558991251891,-2.33182493195243,1.72482839474251,7.25626369875893,-35.5808150906889,159.96827113648
1850,18.49,44.117,-9.22503672058324,2.29399084476082,-179.646960413781,105.837841276228,0.828597262936201,-2.42632433975186,1.83048854645489,7.25963689324356,-35.5402261398398,160.012088986091
1851,18.5,44.127,-8.84177356758316,2.290392332127,-179.659111269318,105.446678665597,0.83853196883383,-2.38233553249306,1.92318750672732,7.25717588191111,-35.5092892834715,160.095450431839
1852,18.51,44.137,-8.49627252250012,2.27262338378297,-179.671629008401,105.078105177143,0.855827650176148,-2.44991011436739,2.01978125544382,7.23036421804912,-35.468005702648,160.137426441261
1853,18.52,44.147,-8.16396136709824,2.28200416054095,-179.666983712284,104.744016406643,0.848138953960247,-2.428906762983,2.07501077275094,7.24298261912592,-35.4142556378893,160.193433498383
1854,18.53,44.157,-7.85489537691002,2.27776786451858,-179.658259305655,104.452280811193,0.842138933121876,-2.44723164978999,2.12699098088265,7.2408015220167,-35.4033374266302,160.248893329166
1855,18.54,44.167,-7.54581521644063,2.27063032289761,-179.632761030457,104.180409202777,0.851827094113578,-2.5073827116867,2.16728153910709,7.2230630191126,-35.4537756068799,160.358939110405
1856,18.55,44.177,-7.28762018216245,2.26769478398895,-179.62433895124,104.048228079551,0.805810858389417,-2.46912069548591,2.20656264612898,7.21601155369994,-35.4445837890116,160.379472624988
1857,18.56,44.187,-7.0305088171358,2.28443560217105,-179.604431303493,103.875622487088,0.841048634175271,-2.55783420365065,2.24180248957165,7.2137307708196,-35.4493173987918,160.441299977727
1858,18.57,44.197,-6.79417024222319,2.28296533042948,-179.599805735458,103.785740486666,0.856087074820924,-2.53735403995437,2.29417668104811,7.20273764832998,-35.3367959775073,160.462684279313
1859,18.58,44.207,-6.59035344296604,2.28308040096016,-179.600451367693,103.718160124069,0.836286693292718,-2.54499917401504,2.32976729619786,7.19190042938432,-35.2729323051462,160.48634129734
1860,18.59,44.217,-6.39778817047161,2.27723453093218,-179.603734434671,103.651575250975,0.906860661605665,-2.52515080238566,2.37742468307499,7.19150569934255,-35.1829151544736,160.494685347245
1861,18.6,44.227,-6.18646454814959,2.2721891399714,-179.614385071551,103.601070904625,0.853676937117384,-2.54202830719558,2.44557279800342,7.16862528889236,-35.1458852576069,160.510804550249
1862,18.61,44.237,-5.98994831061969,2.26572018530262,-179.608311943951,103.513013625021,0.921268125549673,-2.61510563032482,2.49661390132107,7.15584431664868,-35.1208329008124,160.534237501912
1863,18.62,44.247,-5.84191147559045,2.24599604865608,-179.596224920767,103.516516552003,0.931969345594247,-2.6178622145831,2.48867905365853,7.11414768438246,-35.1653190439488,160.595158543214
1864,18.63,44.257,-5.66348188042779,2.23427098764691,-179.611987039263,103.52267274825,0.877314429111252,-2.58688070439384,2.57885182099025,7.09612577450593,-35.2412764290475,160.594458404356
1865,18.64,44.267,-5.5196919188698,2.242213923111,-179.641152505873,103.5764154381,0.992222260052929,-2.67177969079725,2.61809636746906,7.09769302749076,-35.2268517821672,160.61012097882
1866,18.65,44.277,-5.37339495641056,2.23950411486337,-179.640887118007,103.669742057058,1.26386782027149,-2.80917304450359,2.67319235765762,7.08143772293803,-35.3293883130023,160.611355749749
1867,18.66,44.287,-5.25337256443506,2.21975063740317,-179.674396741393,103.819141677997,1.31089145414327,-2.81206056958634,2.72588138409545,7.0577725045619,-35.3042367129951,160.60001810688
1868,18.67,44.297,-5.13582953445704,2.20583802642643,-179.680762507394,104.037659029215,1.37218886309938,-2.84086865816981,2.76863097404737,7.03453893254365,-35.2585210332573,160.616066025378
1869,18.68,44.307,-5.0422118408321,2.20098204096916,-179.696042027544,104.308445010029,1.36880086412316,-2.83541396477517,2.80804209430399,7.02651763770966,-35.273301505335,160.623832388992
1870,18.69,44.317,-4.94939894861434,2.19008524987968,-179.712053376864,104.644644577589,1.39223591556311,-2.88662828604905,2.86359569832385,7.00773491518808,-35.2645157633089,160.616672958038
1871,18.7,44.327,-4.87186174255912,2.19718001888838,-179.709760288519,105.050511246971,1.39046714943353,-2.85941928931465,2.90187239562945,7.00989948903146,-35.2512447460713,160.612219771819
1872,18.71,44.337,-4.79536720288509,2.18468921862458,-179.723404527674,105.52998805763,1.35978569709436,-2.87105551621897,2.95955926951693,6.99405649311816,-35.2778622097813,160.616695537335
1873,18.72,44.347,-4.71290596812899,2.19580872567576,-179.727834353672,106.041405508875,1.36687806040328,-2.92461070045245,3.01983646399101,7.01391424279969,-35.270986859443,160.606024539271
1874,18.73,44.357,-4.66658526853103,2.20392575836613,-179.716457988173,106.63833947223,1.31757391110324,-2.9156655514246,3.05223572772398,7.02237006120559,-35.291074288984,160.610700904361
1875,18.74,44.367,-4.61914312827474,2.19459224220046,-179.718878154254,107.188054172474,0.859620694202458,-3.16449213326789,3.09724007268402,7.01905443960852,-35.2780589825034,160.614563319942
1876,18.75,44.377,-4.58629402689186,2.1903342970874,-179.739032490713,107.911777477501,0.894494030383421,-3.18951038532791,3.15255622024967,7.02307136746605,-35.1959563597975,160.587279696135
1877,18.76,44.387,-4.5637832294225,2.1893232475436,-179.723094732899,108.673765959432,0.840892129239178,-3.14756746348749,3.16900390821255,7.03746725388471,-35.1856126787848,160.60557603964
1878,18.77,44.397,-4.50969680367731,2.17813164482992,-179.71585820226,109.375135416479,0.865008607732565,-3.13756865756338,3.22371297532059,7.02795445171665,-35.1986403926788,160.61710096905
1879,18.78,44.407,-4.46995949780615,2.18416861872847,-179.714786099526,110.074938626223,0.827247949662884,-3.14389000999895,3.27829238528306,7.04234806401525,-35.1539859343268,160.628992531215
1880,18.79,44.417,-4.41305244181693,2.20502929923481,-179.717656287274,110.799962687462,0.789668745513028,-3.09856442829795,3.33706454024459,7.0585534685388,-35.1417943895092,160.67824539848
1881,18.8,44.427,-4.37040884217753,2.19577137272004,-179.73224820604,111.559393379138,0.778788389228412,-3.1131176383739,3.4123418681055,7.05696802738877,-35.0903395451508,160.674935806433
1882,18.81,44.437,-4.31566187361438,2.20624030356689,-179.721534021014,112.365413134882,0.773030595355181,-3.05281608326014,3.48008501331832,7.06844884601059,-35.0464470150012,160.701281496844
1883,18.82,44.447,-4.27522505569451,2.21284378818208,-179.721334576853,113.22242530665,0.741750817672945,-3.05322392860219,3.53419796216211,7.07279388545851,-35.0911488039163,160.731562894173
1884,18.83,44.457,-4.23291306114182,2.20370939094069,-179.728836340779,114.097684826272,0.731417387700444,-2.98458744683298,3.58739748849332,7.05629676918532,-35.0497510792378,160.775091113417
1885,18.84,44.467,-4.19191612891323,2.21024630675666,-179.729504230297,114.91642589237,0.749391156721779,-3.00691124425826,3.65171749550934,7.06499761445823,-35.0376892927436,160.75300827267
1886,18.85,44.477,-4.1505092042634,2.21774803506503,-179.727845997244,115.712759505039,0.651819028071802,-2.96642583536753,3.71569068608473,7.07682580821471,-35.0405534094304,160.745359346976
1887,18.86,44.487,-4.13304099830574,2.2200117635391,-179.724788644532,116.51100558975,0.621107055184527,-2.98134249409026,3.76508074981343,7.08077639828278,-35.045749180704,160.735475870912
1888,18.87,44.497,-4.05634445525657,2.24819615030848,-179.715976427093,117.208643800224,0.543957777244556,-2.83060753459919,3.85719745284514,7.10356844129001,-35.0061667311021,160.706380964359
1889,18.88,44.507,-3.99993308663417,2.27039253439077,-179.714348523042,117.962784773414,0.46514027603533,-2.75483029253952,3.9177666511713,7.12207411522337,-34.9802649766862,160.730934825974
1890,18.89,44.517,-3.9005342476976,2.27616855321803,-179.718218239126,118.690442018674,0.426990968552629,-2.62629827196099,4.00879067085067,7.10899045684939,-35.0010539834894,160.762193059303
1891,18.9,44.527,-3.82819879591284,2.2881579366844,-179.714075122419,119.467334763657,0.42619273295163,-2.60336864264873,4.07288059938531,7.11515993220207,-34.9460280415726,160.788159133908
1892,18.91,44.537,-3.74056190976115,2.29681869481869,-179.693785002487,120.330108324001,0.38823880340177,-2.56401768799783,4.11213923204951,7.12382240047555,-34.9802355789766,160.830008887654
1893,18.92,44.547,-3.63188358849567,2.31045676407832,-179.687630931899,121.079041719451,0.340668733928799,-2.45427834524959,4.19273942414171,7.13116203517622,-34.9909403638353,160.843142002398
1894,18.93,44.557,-3.55713750516638,2.31413139327551,-179.704318139429,121.807965769643,0.324480383983818,-2.36845138168992,4.25746337349269,7.12940514845475,-34.9383835400409,160.846264013068
1895,18.94,44.567,-3.43640371303932,2.30918630165181,-179.693896509815,122.461731423166,0.264726646112441,-2.28616807289257,4.34079421267867,7.12289542547472,-34.8676074193932,160.873679003319
1896,18.95,44.577,-3.33514866959623,2.32771158266478,-179.681426639736,123.103609677894,0.220989385753476,-2.2300929972004,4.40350378768643,7.12912504880762,-34.8871721551955,160.885232488366
1897,18.96,44.587,-3.20811060748003,2.34553353559194,-179.684911056231,123.673142110774,0.128973668018049,-2.12548898009455,4.50042874845566,7.1398434023422,-34.8580870675207,160.891071171667
1898,18.97,44.597,-3.06940991605236,2.34639414959353,-179.694903044546,124.238564189532,0.105958066087128,-2.11580622541485,4.61181827733078,7.13270182178957,-34.8043609731826,160.896187197432
1899,18.98,44.607,-2.9388943563163,2.37234493436828,-179.71259703254,124.807272263916,0.0513079060642128,-2.06660526766341,4.70490860337653,7.14495769044348,-34.7243858460615,160.919862584465
1900,18.99,44.617,-2.79930652307002,2.38066053853318,-179.696409753734,125.314396734013,-0.0173047175458369,-1.93132910955736,4.7744210587393,7.13830056507993,-34.7425146780969,160.985412575013
1901,19,44.627,-2.64526421611942,2.39600189263235,-179.728933083794,125.852731145894,-0.0438946872215033,-1.94025091454217,4.90455013980913,7.15466104445933,-34.6784313208556,161.004610488763
1902,19.01,44.637,-2.52305773157145,2.40258041822861,-179.733050935153,126.343400121745,-0.065805150532638,-1.89768291625931,4.97622237539719,7.14393258822218,-34.710986516923,161.035070705532
1903,19.02,44.647,-2.39505100375934,2.4092056500517,-179.722944599589,126.896509531793,-0.119155169974679,-1.86292659217853,5.02241559656305,7.1329018838838,-34.7692476899371,161.098504889156
1904,19.03,44.657,-2.26858098159164,2.43150412962356,-179.739134617211,127.398185518115,-0.146185905469622,-1.77610344393557,5.10220557627916,7.14684187461126,-34.7993671816383,161.12466625674
1905,19.04,44.667,-2.13549004533757,2.4343338105798,-179.732560438939,127.894032590318,-0.149354918178066,-1.79177341829444,5.16892692734795,7.12839657457205,-34.7815908546128,161.151453002624
1906,19.05,44.677,-2.00163211184693,2.45509621636247,-179.737693970514,128.33584713886,-0.206726454272799,-1.74560165750242,5.25536587005494,7.14321617654687,-34.781934239474,161.168292024035
1907,19.06,44.687,-1.848583687081,2.47068923899993,-179.730967583975,128.763424090442,-0.218753073950768,-1.77855432466797,5.3412041491353,7.15447873505896,-34.8071141695847,161.197699168409
1908,19.07,44.697,-1.70648345021569,2.48171251948935,-179.733080637292,129.142607215878,-0.307653230183522,-1.62430768957172,5.42877877468,7.16220395069521,-34.8203047413984,161.250771227284
1909,19.08,44.707,-1.56360834841931,2.46929994526747,-179.738550681301,129.503901334668,-0.304114425978082,-1.65437420491989,5.51226441305768,7.1527465306512,-34.7995810028084,161.297398236458
1910,19.09,44.717,-1.39226823421879,2.46985604553376,-179.750890913196,129.82813789542,-0.345821953458664,-1.55602887921633,5.62464476819509,7.14589631791981,-34.7850930826675,161.348160638428
1911,19.1,44.727,-1.24621466580156,2.4766838825459,-179.736243765737,130.1428714081,-0.423636725903863,-1.47351217324838,5.70048224222816,7.16145881969718,-34.7786296915651,161.380251860335
1912,19.11,44.737,-1.10029345754285,2.48922173688584,-179.729394165545,130.471876203623,-0.457722611308733,-1.51408617644195,5.76793740290643,7.17689907248118,-34.7950588602402,161.427132018565
1913,19.12,44.747,-0.957083618779216,2.49221448370391,-179.725952874854,130.760948087343,-0.547891050661817,-1.402542874348,5.84599039989393,7.18528550020537,-34.8795011334115,161.434452539784
1914,19.13,44.757,-0.826265215411673,2.49586106187266,-179.722805267054,131.050543213081,-0.631459591768935,-1.23521649499296,5.91495621351966,7.18939457733339,-34.8721836467224,161.453947853519
1915,19.14,44.767,-0.698947923326546,2.49769665057764,-179.730601259052,131.435704234661,-0.616308421333839,-1.37933055214599,5.98163873893032,7.19449392232413,-34.9023991204887,161.478332638263
1916,19.15,44.777,-0.555862287695294,2.51002847759978,-179.701984996813,131.712973206794,-0.683019007580742,-1.26405160456223,6.04291997735829,7.21124160960228,-34.9781948779187,161.514167983656
1917,19.16,44.787,-0.417413761008534,2.50038832290497,-179.688354852192,131.981653353875,-0.705260471303284,-1.1036459153138,6.12298122664211,7.21183683844743,-34.9000614859762,161.523114425545
1918,19.17,44.797,-0.291683793119483,2.48435138487759,-179.66342367824,132.243158533335,-0.706340064066045,-1.00589076402023,6.16793888194289,7.20617679772649,-34.9283978005334,161.559804687795
1919,19.18,44.807,-0.147157810949411,2.47613506494293,-179.673523196175,132.532419605832,-0.702290788870859,-1.02680480602153,6.28524218952987,7.21142102205916,-34.8636793800533,161.531265223417
1920,19.19,44.817,-0.00887825488119474,2.4685561811134,-179.64533331082,132.798524543057,-0.695590987911509,-0.99750445092456,6.36220126262296,7.22045369467757,-34.9355265874164,161.564236180085
1921,19.2,44.827,0.115479856063912,2.48359592819889,-179.657575502091,133.075409329431,-0.695514526652063,-0.985162191551798,6.44174624853496,7.24820962170239,-34.8617154949013,161.585858994181
1922,19.21,44.837,0.220224205408987,2.47494220384338,-179.627781192397,133.370799985213,-0.698114622746162,-0.965594234493261,6.48793470859278,7.24896709353524,-34.8655893021199,161.606416007811
1923,19.22,44.847,0.340178316462994,2.47199913947864,-179.62624865112,133.656777963535,-0.725801734039768,-0.881714188968246,6.562741635089,7.25835277722005,-34.8347474054963,161.61722044873
1924,19.23,44.857,0.441127792492118,2.47800822877873,-179.606825753675,133.926835774709,-0.74626320422778,-0.806358110696802,6.63350991282375,7.28759149360567,-34.8194792540818,161.621359990566
1925,19.24,44.867,0.554529754808923,2.46439426125394,-179.57824872869,134.198504920145,-0.742250137370999,-0.762127568352116,6.69413214510831,7.28491196120452,-34.7986828603107,161.67120245387
1926,19.25,44.877,0.673581655796484,2.4670713775521,-179.565452541142,134.419266149535,-0.724235562491265,-0.681715728612125,6.77744278728448,7.29313851731483,-34.84821780279,161.708127971531
1927,19.26,44.887,0.781361225117616,2.4566252106614,-179.521019411338,134.684569934708,-0.728793725723308,-0.686068233225791,6.83166537876453,7.2883814102558,-34.9382930580106,161.756147912045
1928,19.27,44.897,0.859950256030832,2.45153970853804,-179.509437566419,134.92173532912,-0.756650101814896,-0.59301564128236,6.88507221602324,7.30913074283657,-34.9183681191448,161.765964859849
1929,19.28,44.907,0.952114655746458,2.45644777177672,-179.473941153518,135.131344712802,-0.787216418929617,-0.474542911787625,6.91943371480954,7.31815907089049,-34.9811830643256,161.824978589302
1930,19.29,44.917,1.02565889353053,2.44689417835998,-179.447788189039,135.394355403549,-0.766784149786034,-0.429858548510546,6.96224140813149,7.32190366037169,-34.9956961845147,161.851598065126
1931,19.3,44.927,1.10730721052331,2.4442526388055,-179.406735522434,135.620192911614,-0.772945735213862,-0.392987874440944,6.99458860334986,7.3185374743224,-34.9724643029526,161.881835684554
1932,19.31,44.937,1.22134599424785,2.43128513064911,-179.386886195437,135.810281049878,-0.757592019279497,-0.359969275096301,7.08406294944379,7.31233250549283,-35.0041440715326,161.922194073564
1933,19.32,44.947,1.29521028602149,2.39544563630465,-179.35305090735,136.039605362239,-0.736174446612456,-0.303856257853282,7.12240627280978,7.29059537967493,-34.9527750687143,161.954548285503
1934,19.33,44.957,1.37853788166489,2.39258223168703,-179.329768991987,136.200746639236,-0.759980845699294,-0.208766461215233,7.18647673238347,7.30392246596046,-34.9329924848746,161.981292666143
1935,19.34,44.967,1.44198251359422,2.3858404832213,-179.288521399514,136.375162102168,-0.764836213783984,-0.0739053550236281,7.21440455937236,7.29090252980379,-34.8757083728002,162.026888196549
1936,19.35,44.977,1.5248553684197,2.38259248832103,-179.26790734701,136.527374733665,-0.756880456010711,-0.0271655815849536,7.27276355478575,7.28802073455664,-34.8270528748049,162.064014950582
1937,19.36,44.987,1.62122226623972,2.37529938957428,-179.233339451371,136.701889904631,-0.729110531736304,-0.0319179805932563,7.35962524666191,7.2960055925683,-34.795540608325,162.062796529677
1938,19.37,44.997,1.68010365022376,2.37303634235865,-179.180500504084,136.932989892481,-0.699643264157137,-0.0814967366266741,7.38042209390225,7.29115638141259,-34.757053975531,162.105847631046
1939,19.38,45.007,1.71545611680315,2.36473854513425,-179.169246838968,137.124802917858,-0.666893029463953,-0.0553147744765103,7.40521138334447,7.29455988154868,-34.7365910530927,162.115609022519
1940,19.39,45.017,1.7608912919395,2.3560997414885,-179.132350912661,137.334206581407,-0.630116406666854,-0.114332885911691,7.43606892744344,7.28271432261182,-34.760028491611,162.136454544115
1941,19.4,45.027,1.77846474731767,2.35522197660978,-179.097435782072,137.506046663151,-0.637003067230786,-0.0371795215915108,7.43834265378589,7.29064690035126,-34.6953122098778,162.151832962224
1942,19.41,45.037,1.8330005115192,2.34688831023558,-179.07024173106,137.635032752148,-0.62344683620728,0.00574628322131098,7.49002697909061,7.29476936662407,-34.7129068725036,162.15318525787
1943,19.42,45.047,1.88731641412274,2.33850010591346,-179.039708694834,137.798484945502,-0.606705618800097,0.0225735234457468,7.54337127196224,7.29091350240273,-34.6897070481156,162.182435039391
1944,19.43,45.057,1.91899796424442,2.31630057168155,-179.011071346935,137.975546861782,-0.559913417723695,0.0447053299634606,7.58079247826852,7.2677424396849,-34.6376760971837,162.1759742649
1945,19.44,45.067,1.95534357747695,2.32228452043374,-178.987919131227,138.131380257428,-0.563959366216455,0.116620576378781,7.62702343940959,7.28697234210631,-34.617153623308,162.188599261769
1946,19.45,45.077,1.98479506804637,2.31528917233869,-178.942885188155,138.300683293179,-0.557095889963456,0.174286009215874,7.65758855650207,7.27394041629047,-34.5535379057076,162.204428286403
1947,19.46,45.087,2.00896704809661,2.30796677295514,-178.922405293353,138.491751945385,-0.535818614338964,0.176573255564048,7.69968478832238,7.28447816687412,-34.4942632679236,162.204413483779
1948,19.47,45.097,2.03262272639319,2.29561607370137,-178.895007532028,138.655476032836,-0.506991554387335,0.30264111341682,7.75067068017598,7.28296437599111,-34.480854767906,162.197431708987
1949,19.48,45.107,2.06524326138415,2.29990207386939,-178.879438856864,138.793376846137,-0.503760329662739,0.361715367377398,7.79770082746982,7.2920960683203,-34.4270760429685,162.224728544876
1950,19.49,45.117,2.08779742786732,2.30428130570782,-178.861261982746,138.950067282841,-0.482205217012436,0.409465400206683,7.84739544630139,7.30648507764322,-34.3867371198731,162.241625870251
1951,19.5,45.127,2.10135133636122,2.29100096077596,-178.832439797626,139.138037346078,-0.408681878137458,0.339569081448806,7.85694623766344,7.29062187248807,-34.3893918859527,162.301159267552
1952,19.51,45.137,2.1165825315597,2.29091117370462,-178.831112680768,139.26454678241,-0.401799361808897,0.439632231488549,7.89686490828247,7.29175638467433,-34.3365758568492,162.329632038926
1953,19.52,45.147,2.14898431845832,2.29485376071506,-178.816992154427,139.39369625926,-0.373810576983337,0.434745902475016,7.9474298706534,7.30310799899975,-34.321153738959,162.341917434197
1954,19.53,45.157,2.17496329612288,2.27928261069233,-178.812041931276,139.497807174527,-0.3516571324207,0.529645227523608,8.00678396640426,7.30051453779496,-34.3054863621586,162.3441957925
1955,19.54,45.167,2.19870497552049,2.27125887612073,-178.775962559455,139.588931534328,-0.333946972615462,0.56956026262919,8.02123953095408,7.28258349984062,-34.3088840076566,162.411685418372
1956,19.55,45.177,2.22129225261269,2.26058826689509,-178.763198404351,139.660930845278,-0.309505695744456,0.531432076207892,8.05745387842168,7.28302397813107,-34.3526150251529,162.42194767267
1957,19.56,45.187,2.24114771982444,2.23755724774779,-178.745252465751,139.7164460916,-0.280969278022606,0.582494376910415,8.08772265133394,7.26483484920469,-34.3341353654712,162.442786817305
1958,19.57,45.197,2.27631221630081,2.23012039256855,-178.709801364191,139.750127057478,-0.289225082356996,0.569158458568009,8.10332996488222,7.26010741262632,-34.3856345755118,162.498323413661
1959,19.58,45.207,2.29994736304556,2.22575457182866,-178.70205554199,139.78991291589,-0.269850953165851,0.523243714030402,8.14651569081429,7.26643001520329,-34.3815674024137,162.500526199669
1960,19.59,45.217,2.31975133297223,2.22704608335015,-178.657378693796,139.801369258597,-0.311685541750926,0.595626209384675,8.14154496585325,7.27350563926191,-34.4093807026641,162.525328657688
1961,19.6,45.227,2.33170027358612,2.20637685563505,-178.664110626517,139.844565340511,-0.303662508516647,0.519173279778933,8.16310249609125,7.26037595612892,-34.4125646024211,162.54207168687
1962,19.61,45.237,2.35651095886999,2.19156591925724,-178.627565441729,139.827610166356,-0.334841543556189,0.57658587853624,8.16304926968051,7.24337073589839,-34.4106300611777,162.576322427836
1963,19.62,45.247,2.39490783926759,2.18816000612482,-178.585272750288,139.81451378491,-0.357774706485718,0.522501364939497,8.18750465840146,7.24741085045886,-34.3745698731294,162.564099190455
1964,19.63,45.257,2.42152605115223,2.18081417907503,-178.616987981035,139.796372038405,-0.34283849064965,0.46734534997974,8.2370584665763,7.24436613641351,-34.2451976785531,162.557638789955
1965,19.64,45.267,2.45975271676136,2.15637972702682,-178.57329231481,139.736015560667,-0.376961685458239,0.533770119113991,8.2319573661214,7.21380705697324,-34.2829157075218,162.586190941035
1966,19.65,45.277,2.4733548333376,2.13653194130058,-178.558857713276,139.73910736772,-0.395796412477749,0.569822280097209,8.25006887808609,7.20351149207946,-34.1975831067915,162.594931175007
1967,19.66,45.287,2.49239444813702,2.13598380443755,-178.55688718836,139.712523185466,-0.416748025372341,0.514981133925074,8.26465362061721,7.20595478512159,-34.1475378130339,162.592346440165
1968,19.67,45.297,2.52885597217637,2.12619839957844,-178.529973197059,139.685452388097,-0.448436646021077,0.526714487147669,8.31326183183722,7.21101064518199,-34.1409844396566,162.572767389018
1969,19.68,45.307,2.52604343339625,2.11750700175481,-178.522204011029,139.665464355998,-0.490181027852459,0.544662397538192,8.30765871687722,7.20922667968646,-34.1559600864452,162.574373235272
1970,19.69,45.317,2.55564592172765,2.10989491828844,-178.501912506593,139.628587954706,-0.534961926064901,0.532979566160785,8.33601128150835,7.19951522137612,-34.1595162093191,162.571573119601
1971,19.7,45.327,2.56268925891121,2.10711310604981,-178.499317927162,139.625352180545,-0.57275442231996,0.48421855793683,8.36230931860941,7.20419232215159,-34.1583048993231,162.55780914366
1972,19.71,45.337,2.57753731623373,2.10420408576096,-178.476441450433,139.591098240531,-0.634600740838002,0.534508837049594,8.38145450683221,7.20391305117354,-34.1298394807839,162.546680305588
1973,19.72,45.347,2.57127505834881,2.09350773785861,-178.477652877667,139.582609629297,-0.647713150762988,0.555852197052854,8.39106204445489,7.18744608925272,-34.1055171859319,162.551765458087
1974,19.73,45.357,2.57696846520718,2.09489098532978,-178.460342187147,139.564795877763,-0.682377305695758,0.63161457373619,8.39506147876682,7.18526981003821,-34.0643886409689,162.554925574346
1975,19.74,45.367,2.59063984731211,2.09162268077258,-178.458997936612,139.558779586743,-0.674950337537576,0.592969444065294,8.42203665578218,7.18513580702476,-33.9898657855442,162.560966488244
1976,19.75,45.377,2.5941120059606,2.08910290103572,-178.464698970802,139.564150872336,-0.674998814210951,0.568553873717396,8.44960128906705,7.18082840210074,-33.9243813908656,162.553814432877
1977,19.76,45.387,2.5808613399866,2.0918365014344,-178.438914189285,139.594023935106,-0.688777803996379,0.553962936922107,8.44345987081788,7.18892469842023,-33.9043105689998,162.561071690991
1978,19.77,45.397,2.58110428247727,2.08986916611757,-178.452623183066,139.569088902057,-0.667406208644305,0.55545759332043,8.46665790630475,7.18357460642697,-33.8536187012089,162.570264267052
1979,19.78,45.407,2.58256813385721,2.09678794751378,-178.431826257486,139.564102505096,-0.666525975413514,0.532807678057614,8.47106954222103,7.18833869120644,-33.8392677218073,162.583392893066
1980,19.79,45.417,2.57721039675504,2.09590163078131,-178.450246554796,139.522454425629,-0.647749299110566,0.559650803461748,8.50450753796595,7.18887484593158,-33.8027176457832,162.571145979183
1981,19.8,45.427,2.57848057787775,2.10684930548686,-178.424405120497,139.501185145178,-0.664137358756418,0.555396534701466,8.49780145143244,7.18851051730793,-33.8452691315312,162.595726440397
1982,19.81,45.437,2.55133309111689,2.08783209031626,-178.423353234985,139.498843825718,-0.654783120312777,0.537207788620706,8.4895302599337,7.16943064693016,-33.8640160006929,162.588470240486
1983,19.82,45.447,2.56014686924615,2.10010139337863,-178.424209940372,139.436480720754,-0.668734221926005,0.545988910191298,8.52584120601628,7.17530988361726,-33.8583222491617,162.710381550859
1984,19.83,45.457,2.54113061117704,2.11057831897675,-178.396012899112,139.390309801186,-0.711238568980745,0.567557884057235,8.47600407563234,7.16327381020229,-33.9402346926148,162.741581757484
1985,19.84,45.467,2.52231992115998,2.11159638929074,-178.403503676473,139.3015819298,-0.728904324618944,0.561013637408872,8.48719886051723,7.16660457956248,-33.9333661301608,162.7531911598
1986,19.85,45.477,2.50326527688587,2.10401259531033,-178.380642880828,139.194681294546,-0.759274249394706,0.629394095999792,8.45771583956907,7.15920949932953,-33.8918913524764,162.717804891847
1987,19.86,45.487,2.50802724269529,2.11081167835099,-178.390361260637,139.054658069499,-0.767246185849668,0.65862612526063,8.48148596299971,7.15857177309317,-33.8176951042475,162.744842104119
1988,19.87,45.497,2.49430558869184,2.1162685916783,-178.384821886009,138.936553308636,-0.791580618671606,0.668889162420689,8.46640445771745,7.1656306598539,-33.8867546946619,162.755594564239
1989,19.88,45.507,2.48624901041461,2.10072869702495,-178.372092004019,138.785077161636,-0.798353311158236,0.667076432997446,8.45146796959261,7.14433109815588,-33.8751411074668,162.760272652917
1990,19.89,45.517,2.4695321737632,2.11327190162716,-178.377125392297,138.637419581959,-0.81273285615462,0.639837206507541,8.434510119052,7.1482277127744,-33.9002098672825,162.734492903363
1991,19.9,45.527,2.43358271906974,2.12283044214542,-178.377761701676,138.461580958073,-0.825871110436463,0.685095238758253,8.38126310098261,7.14683427929083,-33.9689082174608,162.751111925244
1992,19.91,45.537,2.41453857855649,2.12736201989065,-178.351339932789,138.227133016024,-0.849543929094088,0.689127782388811,8.32646747434996,7.13759763375896,-34.0486849440108,162.773509002074
1993,19.92,45.547,2.37692218087536,2.12741843434287,-178.381868281196,138.006332759253,-0.828566489150655,0.62524975220113,8.30624970806128,7.13486461748057,-34.0391137657846,162.690732930875
1994,19.93,45.557,2.34951036197297,2.13958523979411,-178.350840139046,137.77631353922,-0.831925707211336,0.52841645343637,8.21648790147257,7.11794319108199,-34.2205318004192,162.713841560812
1995,19.94,45.567,2.31205341817881,2.14795160489385,-178.368910483847,137.499715670953,-0.84249491086002,0.526844236596878,8.18519868740714,7.12649839385603,-34.1779424147931,162.658077528074
1996,19.95,45.577,2.26947727094884,2.14275409113849,-178.363737305356,137.202937231667,-0.82894885590632,0.459155032996328,8.13118972945591,7.10767399389448,-34.2160164296057,162.614819444651
1997,19.96,45.587,2.23938537113636,2.14063889664069,-178.360919718366,136.892406085286,-0.82493209237826,0.373950814243308,8.07254360264838,7.08599415563365,-34.2157466671647,162.61658545973
1998,19.97,45.597,2.22561254854964,2.14693375842245,-178.35769891531,136.547492224194,-0.790873200899966,0.253865348396517,8.04689408742393,7.09404732238379,-34.1653565814799,162.580775990514
1999,19.98,45.607,2.20093607913302,2.14527145003761,-178.379328255741,136.159682351455,-0.77800430238144,0.252896378510548,8.02594729779919,7.0896638135282,-34.2007716384996,162.564214579974
2000,19.99,45.617,2.17064638435864,2.13277655641341,-178.393564364126,135.758501409718,-0.792488303755122,0.257250047349001,7.9827018453328,7.0697959160295,-34.1999389965345,162.541545862941
2001,20,45.627,2.15366788795255,2.13615277114261,-178.388607703713,135.349927082206,-0.802521175143725,0.148641907237215,7.95030559062852,7.07476304454705,-34.1882662540759,162.515571837044
2002,20.01,45.637,2.10873189054029,2.11792158797535,-178.395987111957,134.932936206261,-0.77650291893507,0.0707864354241065,7.90033402173676,7.0647281931856,-34.2300817706964,162.498742797346
2003,20.02,45.647,2.0829072848801,2.12696900113134,-178.391145391695,134.475743092834,-0.779484842228747,0.0276254928657318,7.85929801736851,7.07587287351686,-34.3199247833094,162.472208797826
2004,20.03,45.657,2.05429996093466,2.12558417517561,-178.388019585002,133.977107880064,-0.817667815099045,0.0283512289296448,7.80575869178053,7.06766340846368,-34.3995840062583,162.485725130976
2005,20.04,45.667,2.0152594274783,2.11066016555856,-178.401540461658,133.469851524022,-0.804373037211924,0.0225507899146838,7.76395667872812,7.05480696189117,-34.4475595735037,162.467662774304
2006,20.05,45.677,2.0221003823395,2.10606223600405,-178.385772809372,132.950357091127,-0.783803001207375,-0.0826330908993318,7.73121070841737,7.04480640730012,-34.470612498931,162.495555303986
2007,20.06,45.687,2.00035072788916,2.10254390880349,-178.411494607571,132.377347981691,-0.773388973821696,-0.0464331896279945,7.72235363871501,7.04169693088116,-34.5103410994083,162.469087642088
2008,20.07,45.697,1.9813743923656,2.10156178537354,-178.430648855189,131.830941525802,-0.759946453980721,-0.167830912543835,7.67821838018941,7.02961024690328,-34.5504251599723,162.496766413485
2009,20.08,45.707,1.98491386059388,2.09914896804523,-178.432012532814,131.216524501031,-0.730196161853389,-0.246647555880783,7.65521715599822,7.02944225581568,-34.5576623059977,162.499731514677
2010,20.09,45.717,1.97990804371265,2.09008171558775,-178.44328905113,130.571654983214,-0.732801959697167,-0.204863417725532,7.62543607546416,7.01957378082147,-34.601058753336,162.501822325617
2011,20.1,45.727,1.94498853719929,2.07103001094753,-178.475146128058,129.981125652591,-0.689523124,-0.255858420001486,7.5783441983761,6.9913068884389,-34.6586204386523,162.488968428124
2012,20.11,45.737,1.93131793880589,2.067076774607,-178.468988178915,129.375778102821,-0.649670314455924,-0.400094508523257,7.51336169857818,6.98475810341959,-34.7164194243679,162.499614898164
2013,20.12,45.747,1.9044239592594,2.06517961999701,-178.47382911863,128.738509588709,-0.633162166075878,-0.407538982109144,7.45501388009294,6.97903588046905,-34.788418640008,162.503339528753
2014,20.13,45.757,1.90185283936028,2.05766848163087,-178.482380537526,128.050919378072,-0.625327778997027,-0.376605591103742,7.41020820917852,6.95536027446219,-34.8202294495113,162.520721257288
2015,20.14,45.767,1.89855610372383,2.05957914702532,-178.508977968731,127.406368486524,-0.580277683827159,-0.544055702019578,7.39369653196322,6.97210834936338,-34.7770721442747,162.471639940842
2016,20.15,45.777,1.86430262454519,2.04083545589115,-178.496230714798,126.742036298984,-0.590366532867107,-0.490744581785793,7.3161898225883,6.94945255273382,-34.8931725905028,162.463731129941
2017,20.16,45.787,1.82939054981784,2.03526276304737,-178.488525069085,126.085805016255,-0.633872944805625,-0.464337957758271,7.24461245788967,6.9410032935963,-34.9347954268749,162.451241770037
2018,20.17,45.797,1.78697879989278,2.01968281933939,-178.485683321953,125.448069952224,-0.612329372252505,-0.597893781069306,7.15964620090667,6.93197519784033,-35.0304734472443,162.456807173513
2019,20.18,45.807,1.78368918241111,2.00811603468938,-178.473076847979,124.706984598466,-0.614532495983111,-0.603329181148942,7.11912741627799,6.9177216877386,-35.0687401506109,162.468160267452
2020,20.19,45.817,1.76890619582079,1.9989646945797,-178.472533914303,123.979666953122,-0.668829101831941,-0.57323327301298,7.04540866513453,6.90144214426568,-35.1576381702067,162.489640949422
2021,20.2,45.827,1.72640471701774,1.96984391901482,-178.478132890722,123.30423075221,-0.648095510112087,-0.694031532593102,6.95773244643428,6.88134036207664,-35.2155324414888,162.516703006307
2022,20.21,45.837,1.70934520949019,1.97065105348434,-178.475068325428,122.540630194848,-0.67258715867939,-0.668164499704512,6.87543041014746,6.8627944802018,-35.3161151387948,162.55323989178
2023,20.22,45.847,1.69902513081372,1.9550085927879,-178.492326953619,121.770075850644,-0.736586170816236,-0.701238811028467,6.829735088296,6.85603193994214,-35.2926544629662,162.545297419771
2024,20.23,45.857,1.71548262213471,1.94537141108929,-178.513655112568,121.030917787632,-0.752538707308661,-0.875959495310577,6.81428473209171,6.83906217626231,-35.3153693764873,162.550826725923
2025,20.24,45.867,1.72717677662666,1.93713869283355,-178.520468853376,120.248441712004,-0.788536574953633,-0.775526043959597,6.77761407689922,6.82748636396246,-35.3306565794889,162.549342999524
2026,20.25,45.877,1.71784799187804,1.93108618627581,-178.553221557035,119.570290517903,-0.775294577846528,-0.98841593876072,6.7290239487475,6.81403709920151,-35.3468611174192,162.567122224465
2027,20.26,45.887,1.71424921244775,1.91600305824556,-178.566509245928,118.8419049125,-0.834015680942073,-0.972798147756752,6.67399589470057,6.80685019962758,-35.3515196181121,162.568348536519
2028,20.27,45.897,1.72522829267913,1.883775806038,-178.574579209383,118.130629084978,-0.871432086766585,-1.03913358458966,6.64388258109557,6.77878636620744,-35.4094285579331,162.584118600987
2029,20.28,45.907,1.75776757134961,1.86062491689375,-178.593225812432,117.423808972838,-0.854803546493939,-1.10193413942262,6.6417188784653,6.76286313587729,-35.457353454335,162.591086228675
2030,20.29,45.917,1.76773364075499,1.84249645149104,-178.594292443649,116.684403201787,-0.916922651024879,-1.07846563006792,6.62581772013778,6.77150860763389,-35.5243001002047,162.582182863778
2031,20.3,45.927,1.80066097651909,1.83064242169557,-178.578235345088,115.927918532629,-0.986587960431026,-1.04994542790703,6.58519573286419,6.7549363057616,-35.6991739077657,162.623759058072
2032,20.31,45.937,1.81272775107792,1.81086155269078,-178.594826474279,115.273312539314,-0.99778976755597,-1.17352682798012,6.55810453818435,6.73746100542653,-35.6884359349447,162.638926701151
2033,20.32,45.947,1.85768879411169,1.79439952720477,-178.624920545751,114.606940148217,-0.98865060628703,-1.27809928533158,6.59087645791944,6.73796328066681,-35.7132353679903,162.622597653081
2034,20.33,45.957,1.90592039478663,1.79473391754257,-178.635649739216,113.931720211482,-1.00889978076056,-1.33720703938042,6.58908065148263,6.73840658395487,-35.7360197777667,162.642586676456
2035,20.34,45.967,1.91835268597125,1.77755565329768,-178.633846754926,113.322736441413,-1.02085628136731,-1.35159956490616,6.54031921924636,6.71340083437778,-35.7909427921812,162.682462585423
2036,20.35,45.977,1.96197913607512,1.76762560540186,-178.658735078522,112.700958927692,-1.016965555927,-1.33169756095059,6.56212994433258,6.71784164188428,-35.7539497103655,162.669633022082
2037,20.36,45.987,1.99330457662931,1.74384241366971,-178.680163886698,112.098248187094,-1.01903482324698,-1.36501383424867,6.56241218037265,6.70867686494086,-35.7634778802341,162.665994193415
2038,20.37,45.997,2.02813699473472,1.72027287624271,-178.697326408776,111.592999000782,-0.972961712499321,-1.57387333814979,6.55451444952853,6.6869317201399,-35.7586755326375,162.685116652716
2039,20.38,46.007,2.06273127292814,1.69116498846003,-178.694615178964,111.02162884684,-0.979501850982492,-1.62981680881614,6.53310023295971,6.66978782041686,-35.8121602753862,162.710848064271
2040,20.39,46.017,2.10864618242316,1.68396374736696,-178.694875993793,110.469777903857,-0.984580501685454,-1.66493736985631,6.53437780957585,6.66574117663102,-35.8007701470608,162.720476500589
2041,20.4,46.027,2.15703132733722,1.6529513263677,-178.697672646213,109.91556643952,-1.0180491110067,-1.6737492569061,6.53521278751287,6.63644080323105,-35.8383151251986,162.748363846222
2042,20.41,46.037,2.19252584919993,1.64400347365234,-178.709065583089,109.358049143336,-1.01365042668189,-1.73719563045021,6.52717160440445,6.62942648258078,-35.8500137864421,162.749838788386
2043,20.42,46.047,2.22042525742348,1.63019299486818,-178.689283193814,108.85296266166,-1.03267980880906,-1.79985465041992,6.47125682069924,6.61238253356921,-35.9568277481684,162.815062320492
2044,20.43,46.057,2.25741099329669,1.61236692679139,-178.700538567669,108.335552954922,-0.99323928482034,-1.77538274945937,6.47966722715031,6.60329426688283,-35.9710392612385,162.806546749739
2045,20.44,46.067,2.3252134431758,1.61443850017352,-178.681532486303,107.799923092894,-1.02288293710976,-1.87657698615366,6.47424112022843,6.60339820497933,-36.025656578285,162.848248947091
2046,20.45,46.077,2.36630432969089,1.58622119147409,-178.683853162548,107.323018516138,-1.00816345987299,-1.84623367896037,6.45812274590943,6.58525486113126,-36.0423824019824,162.868556894872
2047,20.46,46.087,2.41301542228248,1.56488952657318,-178.688355294909,106.844286641731,-1.00318598761134,-1.82856491610609,6.45659840625792,6.56731437665373,-36.0689245881696,162.899183523051
2048,20.47,46.097,2.46084720733421,1.54946542666492,-178.672033446247,106.355747100459,-0.98524864011702,-1.88640238472467,6.4296678454499,6.55380189760962,-36.090111641138,162.941856264499
2049,20.48,46.107,2.51501323661144,1.54473032487201,-178.672680310668,105.861198944922,-0.965081438273928,-1.90011118152668,6.44247909489993,6.55676486046219,-36.1192523826541,162.96386942721
2050,20.49,46.117,2.55675078945085,1.53298893372597,-178.669372191892,105.38345663223,-0.915669521957531,-1.9549147499251,6.42854192996323,6.5496522565446,-36.1435880509734,162.994193746683
2051,20.5,46.127,2.61486893006603,1.51860545775764,-178.665163627982,104.913969603071,-0.87057064057809,-1.92554379694025,6.42637701767183,6.53477128549914,-36.1369294817176,163.033644205527
2052,20.51,46.137,2.65981435068195,1.50875617328027,-178.639995513918,104.466379740178,-0.853014834054116,-1.94036837519993,6.41401444713372,6.54029642401912,-36.2070124717262,163.068105148536
2053,20.52,46.147,2.68642570750864,1.50817519114995,-178.65820804296,104.02573572156,-0.801520080109181,-2.03981278129131,6.38566950162053,6.54310717378083,-36.2480891257481,163.105916259427
2054,20.53,46.157,2.71297704865838,1.49793189689741,-178.629879573348,103.659384154249,-0.805984051610499,-2.00537118849263,6.34435662843481,6.52669189286091,-36.2773690193054,163.143131305677
2055,20.54,46.167,2.75832752837577,1.49861669698674,-178.626745974309,103.271061570408,-0.768336282792649,-1.99696170848687,6.35387294257239,6.54132865292653,-36.3299649492705,163.146558687003
2056,20.55,46.177,2.78378337326901,1.48682328483207,-178.630973457498,102.893192835268,-0.737938276582086,-1.99903801469106,6.33854881752796,6.52392663154105,-36.3384275800277,163.159478514463
2057,20.56,46.187,2.83023005492344,1.47348011189682,-178.63391975169,102.542641714437,-0.674995488640615,-2.0166875307519,6.34892577111476,6.51192439848026,-36.316503912453,163.172060664748
2058,20.57,46.197,2.85656975071424,1.45931759616006,-178.617131382882,102.232373722872,-0.661259683671004,-2.02324290070984,6.32805666895903,6.49274693448321,-36.353397642987,163.178597640113
2059,20.58,46.207,2.89288135379658,1.44006756823636,-178.61964925495,101.919166796622,-0.600365841556782,-2.00264774331661,6.33079682513413,6.4935757325653,-36.3588049639803,163.191593561841
2060,20.59,46.217,2.92495370445611,1.43261214669517,-178.618654483873,101.59340225334,-0.544252917122865,-2.0333591936325,6.34666334555994,6.50160076001689,-36.3448383530827,163.173630488254
2061,20.6,46.227,2.94543294968398,1.41437486676702,-178.614330488442,101.330275536335,-0.488806159302588,-1.97967173675105,6.33150064565398,6.4897545851221,-36.3571070887537,163.213093155681
2062,20.61,46.237,2.96536411931681,1.40499498192963,-178.591441660896,101.122960846346,-0.445087708762807,-1.97516660766461,6.30417320253617,6.47564896064507,-36.3506878082818,163.236252801503
2063,20.62,46.247,2.9877230070816,1.3931479795377,-178.610302600376,100.970912331046,-0.356909214622469,-1.97470095672137,6.32572873784597,6.46923370997596,-36.3502641016922,163.230770644285
2064,20.63,46.257,3.00310871706727,1.37004297755882,-178.583045711621,100.828994592014,-0.352555826212728,-1.99181901056762,6.29717029958141,6.44290759447968,-36.3379568617029,163.266001850585
2065,20.64,46.267,3.01625727126076,1.36089339238565,-178.583338502384,100.712181301084,-0.291511253096354,-1.9906156262627,6.29419717858333,6.43194092116827,-36.3704591415907,163.277135035629
2066,20.65,46.277,3.04047438925622,1.35953368792725,-178.607597106619,100.601643850188,-0.258724544257737,-1.99031588352394,6.3261737678229,6.4405517912746,-36.3600942449312,163.261267385782
2067,20.66,46.287,3.05547068543174,1.34308349666715,-178.593304735286,100.521046368814,-0.235721559611439,-1.99840412836802,6.32132448784668,6.43263620670917,-36.3629488485895,163.24657250039
2068,20.67,46.297,3.07030920926604,1.33389127673568,-178.584898027706,100.427420666636,-0.232499340199736,-2.03745872861756,6.32787522741906,6.42540079941374,-36.372048795643,163.247566188136
2069,20.68,46.307,3.07565583314813,1.32607634487981,-178.577095759637,100.376631373611,-0.241424290605112,-2.01444501425143,6.3127075243387,6.40902708068731,-36.3748615789702,163.271155204291
2070,20.69,46.317,3.09549970207847,1.3181214186964,-178.56597129789,100.304195887897,-0.269104019208796,-2.03582346037691,6.33194817177919,6.41626701995756,-36.3745028578536,163.246979210585
2071,20.7,46.327,3.09755544038847,1.2940467822765,-178.565843249263,100.272754390534,-0.283320808253602,-1.99580416300442,6.34496671888838,6.40531481016417,-36.3445668751315,163.217261608945
2072,20.71,46.337,3.10252456991733,1.28018614684055,-178.543901090825,100.247396381884,-0.335257800082968,-2.01123168519271,6.33347698885359,6.39222282415536,-36.3102225610575,163.212028203157
2073,20.72,46.347,3.11357811130154,1.26690122049086,-178.525374861504,100.215952727813,-0.369537489732736,-1.99481670341568,6.32309579527236,6.38488524302291,-36.3651052472684,163.227090801087
2074,20.73,46.357,3.11786352997309,1.25319098851309,-178.515562818766,100.200158000257,-0.390956362334087,-2.02328382793386,6.31641323702733,6.37370797290536,-36.3571429423567,163.221733203495
2075,20.74,46.367,3.12732107462529,1.23163880571967,-178.513182872439,100.174132889847,-0.390795433478414,-2.05288268133661,6.31871728889978,6.36197262451036,-36.3141793531126,163.233213690972
2076,20.75,46.377,3.1207627793022,1.22822804365538,-178.489783589558,100.183170905895,-0.422860114868153,-2.02271403215144,6.29200890288805,6.35219321532686,-36.3514294909424,163.238481372924
2077,20.76,46.387,3.14409722707495,1.22095960860801,-178.498460418319,100.155873836583,-0.422565695068804,-2.01515519103904,6.30492869472828,6.35294112112403,-36.3188376097392,163.21968002844
2078,20.77,46.397,3.1387341708636,1.19830115040465,-178.47709942796,100.17323062653,-0.454046649203068,-1.97012229552279,6.28644164424934,6.32812365390123,-36.3146452593499,163.213679645499
2079,20.78,46.407,3.14124449373721,1.20814225599986,-178.458726931673,100.184574304779,-0.494834614331157,-1.90670812733272,6.25770999358583,6.3357754695557,-36.3244985478721,163.22760494032
2080,20.79,46.417,3.13184587145699,1.20598363549357,-178.435966441226,100.214321174886,-0.536787583088593,-1.763182403978,6.24656009704705,6.35598437695524,-36.2975883392508,163.212463991235
2081,20.8,46.427,3.12999240562833,1.20005004141411,-178.449169950668,100.210724599746,-0.526408114618485,-1.67340834729558,6.2536543447688,6.34451519755855,-36.2269035984494,163.190686054165
2082,20.81,46.437,3.10934841424825,1.19364530824594,-178.443125863124,100.267804582711,-0.561199428515434,-1.51082043426585,6.22734056435644,6.33488620728357,-36.082266059053,163.178862667735
2083,20.82,46.447,3.10634723950428,1.19579987619812,-178.429308984488,100.333420470669,-0.610164508778417,-1.30226941696339,6.22021403037422,6.34967939101697,-36.0403833158739,163.168702977433
2084,20.83,46.457,3.09823687770432,1.19296053145237,-178.403635092455,100.457798219725,-0.684569561261924,-1.07907565557222,6.21567001752915,6.34986873569762,-35.979408183278,163.165254654884
2085,20.84,46.467,3.05084666422194,1.18781629833196,-178.38741153158,100.601367734109,-0.728477238742278,-0.834902300809219,6.1819343037135,6.34072516398794,-35.9676066468305,163.130221642025
2086,20.85,46.477,3.02921673154165,1.19636840304632,-178.3779115178,100.718211957303,-0.755463703378601,-0.551794590408009,6.16285057042973,6.34022201254283,-35.9399812002381,163.138132556356
2087,20.86,46.487,2.98640069475306,1.19829258028842,-178.371837228021,100.832354349611,-0.790516319528262,-0.224901971878693,6.14075831534584,6.34741125747371,-35.8954963045591,163.120105744865
2088,20.87,46.497,2.92714535026239,1.22047111049691,-178.358961106333,100.987779286652,-0.860789903113954,0.184271075921146,6.10126113209171,6.36380735567837,-35.7986796665192,163.104563336138
2089,20.88,46.507,2.89348973778347,1.22861226284413,-178.371002637588,101.097876467438,-0.875454342944033,0.516924403254384,6.1279832176242,6.3785801987909,-35.7342079896746,163.047998674498
2090,20.89,46.517,2.8390414377768,1.2538015248919,-178.32781281398,101.209265886702,-0.946517717780891,0.859332885239882,6.06272603470066,6.38372851938804,-35.6874845507572,163.083377128324
2091,20.9,46.527,2.79672228846494,1.28724614241211,-178.328863053727,101.329766299274,-1.07639348901614,1.34124079803291,6.06104231427218,6.4048680865324,-35.5120759431621,163.061089571419
2092,20.91,46.537,2.74636974150423,1.33275302611767,-178.308851896566,101.479533037827,-1.13589356890218,1.78352036577062,6.03046518000936,6.43182760194039,-35.3998104705267,163.069946474743
2093,20.92,46.547,2.70722430765557,1.39368046341693,-178.260510819074,101.614562987138,-1.29995193945016,2.23002716435714,5.99907367285678,6.46643543814674,-35.3928722024968,163.09264503766
2094,20.93,46.557,2.6656135780985,1.45134393367435,-178.270871170528,101.738577384897,-1.35553819103556,2.72362158714694,5.98297465515586,6.50412462315178,-35.3309843263791,163.10357612384
2095,20.94,46.567,2.60280702257353,1.50365013920031,-178.235816263997,101.854126887469,-1.43182284653702,3.28081298100261,5.95037574441009,6.53277464167451,-35.2928482169111,163.08595113831
2096,20.95,46.577,2.56130954650364,1.57357031277799,-178.218770282542,101.900032443349,-1.44620723900472,3.77732922992745,5.93749872655093,6.57515746798581,-35.1937477422819,163.081895133687
2097,20.96,46.587,2.5115505442627,1.6516070535457,-178.207268867794,101.966819236003,-1.47652353162948,4.19823490872807,5.93907690446645,6.62301208985887,-35.0572469241493,163.05799376697
2098,20.97,46.597,2.45387735265957,1.71399632346729,-178.191601966413,102.091486012041,-1.492620760855,4.78845825051572,5.91373719694196,6.65167654609981,-34.9640913959638,163.050767733915
2099,20.98,46.607,2.4122852248948,1.78786292549899,-178.164268621963,102.177363407796,-1.59063504708227,5.3110838243468,5.89330395087041,6.66959836771441,-34.8718287598008,163.180605772021
2100,20.99,46.617,2.36439592750578,1.86895806743481,-178.172952177743,102.288359796148,-1.68217659576801,5.83152005675472,5.89169962228246,6.71225855125244,-34.7963821613505,163.167289991298
2101,21,46.627,2.31484947529889,1.94705261657458,-178.13759819115,102.437139607309,-1.78991524089849,6.4349748997085,5.86653388830719,6.74735004386712,-34.7087763427915,163.20638619582
2102,21.01,46.637,2.27177206747196,2.02177588989069,-178.110479578962,102.531858996175,-1.90971093486856,7.10929167305113,5.84820281040381,6.78784655973521,-34.6268496155153,163.209655018443
2103,21.02,46.647,2.20109693347184,2.11543028902544,-178.089166383958,102.601813536418,-1.99727929849586,7.68306953429228,5.82178332837052,6.83759545143876,-34.572260620195,163.201279880876
2104,21.03,46.657,2.12452737252005,2.19164924098602,-178.057740864209,102.650083861714,-1.9814732216741,8.19647351841011,5.7795410168265,6.86093267436765,-34.4696920317632,163.182468695954
2105,21.04,46.667,2.07156327487406,2.27834327627198,-178.05926851498,102.66634131884,-1.96845625572956,8.8084862336585,5.7906382785093,6.90543881471123,-34.4113710804214,163.180438091703
2106,21.05,46.677,2.01376972938569,2.38413204049286,-178.058773265515,102.721101590303,-1.9273095799207,9.30947102453051,5.78461575313264,6.96617594806441,-34.3154693950458,163.123960319951
2107,21.06,46.687,1.96160554630071,2.47989888235822,-178.05127269454,102.812690506125,-1.90553222594997,9.76870918052915,5.7752926526567,7.00021803988464,-34.2507997681601,163.120978906287
2108,21.07,46.697,1.90277605387691,2.58436202852799,-178.020240182591,102.917305246396,-1.85705827913177,10.2973277880879,5.74980197460348,7.04574379846618,-34.1539209680817,163.108636424002
2109,21.08,46.707,1.85715802527629,2.70120261124177,-177.962153191346,102.987662675081,-1.83451691008621,10.7008659648889,5.72059141068048,7.09767451167033,-34.0050151987644,163.135462045773
2110,21.09,46.717,1.80651319522793,2.79551416967658,-177.944272982801,103.01583428647,-1.76375203162108,11.1859110743875,5.71754498049525,7.14555779892685,-33.969554349156,163.129783784639
2111,21.1,46.727,1.76285823514089,2.89909273486958,-177.950177999584,103.00626364907,-1.64098462683145,11.6094221448719,5.71322834234318,7.19789137707114,-33.8569043653334,163.140650207035
2112,21.11,46.737,1.72364088703441,3.00784011185232,-177.929739048422,102.967114587679,-1.54323046433358,11.9946438291813,5.70886725162843,7.24400069178398,-33.8126093507466,163.15360501038
2113,21.12,46.747,1.6786793161759,3.11285582092236,-177.876682403034,102.923407693468,-1.43397641926267,12.3770737755718,5.67462077893884,7.28209402934203,-33.7444036327427,163.187267894191
2114,21.13,46.757,1.63363041785179,3.21831020150054,-177.837903634361,102.895116874148,-1.34464357920174,12.7473586112862,5.64534397202351,7.32856400282582,-33.633014918153,163.210675322083
2115,21.14,46.767,1.60067897751448,3.32813570707828,-177.797557779966,102.873581792491,-1.24170774747804,13.19225336497,5.63607714175103,7.38250593017536,-33.4971113809697,163.19403641901
2116,21.15,46.777,1.55097815355027,3.42884617050435,-177.776273221888,102.892593816015,-1.16225131687295,13.6447040042753,5.60707388857307,7.41699323208179,-33.4010391189736,163.20425042019
2117,21.16,46.787,1.5095175545863,3.54928938123712,-177.746357251802,102.898540672934,-1.06861562692796,14.0880868119312,5.58369546506605,7.46564352641232,-33.2951873771468,163.223168339856
2118,21.17,46.797,1.49292292497749,3.63526210965639,-177.692194042798,102.875242782601,-0.946637675646815,14.4944073641281,5.57030232212288,7.48397051271146,-33.1618766699596,163.235528166909
2119,21.18,46.807,1.45094471596098,3.7379499643339,-177.667528038183,102.832820119517,-0.72313278515564,14.9271584192852,5.55553049840305,7.53563391309356,-33.0633491295807,163.244420603605
2120,21.19,46.817,1.40578481104312,3.8215361825309,-177.651871211567,102.816069165844,-0.521466812002834,15.3392318136739,5.53084599604945,7.56818823670715,-32.9946475395408,163.268957620512
2121,21.2,46.827,1.37122126404625,3.9137006695027,-177.637613583515,102.733580511193,-0.315699808749133,15.8332807311462,5.52095630199119,7.60893388090753,-32.9058766438319,163.283052714266
2122,21.21,46.837,1.31415695157375,3.98700032091937,-177.634630642913,102.719935704996,-0.0874090317564939,16.2736405397002,5.48834245733223,7.62946000936193,-32.7891997689364,163.319796368388
2123,21.22,46.847,1.26117827065681,4.07123400532801,-177.595556473029,102.69267665619,0.124988032845927,16.8185637432955,5.45438641808642,7.66624819001209,-32.6304340367561,163.322949430633
2124,21.23,46.857,1.21649939630612,4.13113133804644,-177.561831376451,102.672561489214,0.313984412194316,17.3228925884148,5.41251648553777,7.68298914965784,-32.5591683296772,163.35220724513
2125,21.24,46.867,1.16921816752204,4.20675083495283,-177.544961333429,102.654886915204,0.575355567903022,17.8181458818588,5.39934911512114,7.71416317557987,-32.4310539952845,163.322404850424
2126,21.25,46.877,1.11287354865227,4.26770955376836,-177.526583982959,102.608536178005,0.794682620115381,18.3907699796387,5.37551743105533,7.74330250759427,-32.2665866548543,163.305466555271
2127,21.26,46.887,1.04894825239387,4.34363237934317,-177.511201645655,102.557843038538,1.10202681130356,18.7366725076776,5.34579627507624,7.78554668843232,-32.1795601400256,163.285676243935
2128,21.27,46.897,0.974420217960127,4.38428340106698,-177.508196352445,102.522357338269,1.35826047841567,19.2767965105577,5.31514316160328,7.78808980975902,-32.0664589102819,163.260585374281
2129,21.28,46.907,0.937371913610681,4.46710595909473,-177.4850238867,102.491684499693,1.61648739152722,19.7294025653948,5.32456584699643,7.84419074853894,-32.0115974253576,163.258648511753
2130,21.29,46.917,0.872298074574654,4.52383374750779,-177.473929962122,102.523197478595,1.87082967325237,20.1829098717971,5.29596083623372,7.85943180637468,-31.9361906823645,163.242671489495
2131,21.3,46.927,0.806971671121179,4.5961835126507,-177.444045767068,102.57505968902,2.12241304973367,20.6140334283389,5.26916656064042,7.90133968652853,-31.8737617402326,163.247828622685
2132,21.31,46.937,0.729809379111931,4.67272215924184,-177.421678750545,102.633807336858,2.33306707750608,21.0728224652151,5.22684031758873,7.94083836850759,-31.8138184966157,163.251432959609
2133,21.32,46.947,0.666767939388139,4.72879197283842,-177.400640923006,102.66124001799,2.53348297658134,21.5981084975904,5.20164184817156,7.96561247840587,-31.7501289450048,163.256588544884
2134,21.33,46.957,0.608343198360392,4.79483871502445,-177.383623459254,102.694675510948,2.77442272000385,21.9451856837117,5.19905581561433,8.01815773505872,-31.7447765072566,163.206261635997
2135,21.34,46.967,0.569577458917906,4.85143063896778,-177.356106557936,102.694770121301,2.93895662511533,22.3970801101131,5.19697622574196,8.0542673369464,-31.7030789503627,163.194473487647
2136,21.35,46.977,0.520976351344176,4.88726505769819,-177.331156018137,102.660285568189,3.10847723254039,22.8142304718581,5.18027292315357,8.07067575168944,-31.6106292774847,163.167649074933
2137,21.36,46.987,0.459284709176625,4.92760301630105,-177.316817546411,102.65387898472,3.30495176708122,23.2286272181655,5.17013214849375,8.09948701790423,-31.5133285307393,163.120159512321
2138,21.37,46.997,0.399944943228752,4.97523088750749,-177.296374294862,102.651328373651,3.45288989334381,23.6220585959034,5.14716317423298,8.13054238611974,-31.4141751362183,163.108665689205
2139,21.38,47.007,0.333665842119743,5.02446719092886,-177.31506152606,102.674229299036,3.62697869241556,24.0748261891413,5.14614190886547,8.17117630454217,-31.3155210322887,163.045574718897
2140,21.39,47.017,0.293410449367963,5.05724295565939,-177.270934098838,102.716643232477,3.81462952660773,24.4194091928466,5.11878077907586,8.19251303013462,-31.3193133504744,163.064405987779
2141,21.4,47.027,0.246335526122738,5.0946284927998,-177.251084450642,102.711615075855,3.96319715889197,24.8182951236437,5.09335050527186,8.22888741221697,-31.232716131318,163.064629770793
2142,21.41,47.037,0.223927176202551,5.10861884449378,-177.248267398895,102.686148457222,4.12949136800889,25.2279176138343,5.1096853646328,8.25227951134355,-31.1570080795532,163.062971391812
2143,21.42,47.047,0.155676305059478,5.12503512622494,-177.214760898754,102.662078927033,4.29272454816901,25.661457072959,5.04463290017957,8.26756443236555,-31.1507950076868,163.057385897838
2144,21.43,47.057,0.107942057909014,5.13947582906908,-177.187887121002,102.627849618034,4.46170173202815,26.0612437025108,5.01204521761319,8.28914536646036,-31.1415038417449,163.069193801335
2145,21.44,47.067,0.0700969831853214,5.1511187184295,-177.167712723284,102.58249961529,4.5891379904713,26.5277229936127,4.98440610850282,8.30571991143779,-31.1627052694939,163.07424896808
2146,21.45,47.077,0.0226900279165527,5.16213304111007,-177.137122423621,102.565069167179,4.706690633918,26.9560042407149,4.94452409430557,8.32038887116053,-31.1975967162646,163.070449026735
2147,21.46,47.087,-0.00926156257118806,5.18470224901221,-177.13972306094,102.540581800621,4.89325395936902,27.215801898489,4.94695184479621,8.35310633633894,-31.1477930497325,163.018253315384
2148,21.47,47.097,-0.0470659369347434,5.2032413005145,-177.108516462026,102.519649752183,4.9212993266981,27.6566822958897,4.90605083533163,8.3679067227999,-31.1816560043151,163.038040029534
2149,21.48,47.107,-0.103641561274591,5.2364178809464,-177.080971965557,102.485847022205,5.10329639856338,28.0925873102687,4.86220788858249,8.41979540040811,-31.0643811459048,163.00630271751
2150,21.49,47.117,-0.145008722365509,5.25043475785753,-177.077155130511,102.421782450382,5.14163241593792,28.1840955657449,4.85629131324515,8.44640220533516,-31.0486421293283,162.96560864313
2151,21.5,47.127,-0.191725468949597,5.26115865125373,-177.043991894719,102.380024199245,5.22363223343085,28.5095315655391,4.79769354133534,8.45156539140753,-31.0174880799714,162.981537767366
2152,21.51,47.137,-0.218206895717606,5.27746111645204,-177.016761585575,102.366723417874,5.38441761334205,29.1516452411959,4.75901617921564,8.47408720626173,-30.9608534984491,163.023022485421
2153,21.52,47.147,-0.26340786013324,5.28402613515675,-177.002284800096,102.385330422556,5.55658626883149,29.6024392641632,4.72044439778874,8.46548347762109,-31.0234872733445,162.98649514427
2154,21.53,47.157,-0.311183017622615,5.28388446117894,-176.996186490053,102.383833324053,5.66625091059022,30.0202729293472,4.67543240852054,8.46803746177219,-30.9624109804167,162.996619678196
2155,21.54,47.167,-0.344269107959645,5.27562105363839,-176.974693028132,102.322138443939,5.77076417389737,30.3376935162758,4.63088899139308,8.46717393646598,-30.9547515775781,163.086273823056
2156,21.55,47.177,-0.382497592820452,5.29267520215534,-176.973657863331,102.201802216718,5.87851555684945,30.6705451755753,4.60591308172841,8.50271912651548,-30.9679686271009,163.022456438283
2157,21.56,47.187,-0.431792685093857,5.28067908240138,-176.974745631533,102.124268584931,5.96716879767184,31.0596879557174,4.57162440710266,8.5037247999081,-30.9308993261536,163.041345484685
2158,21.57,47.197,-0.469988873988218,5.27848261837542,-176.958315855212,102.03982954123,6.0500239711321,31.421350131395,4.53346898645374,8.51245790891272,-30.9880567938962,163.056369366307
2159,21.58,47.207,-0.484502851026043,5.2867125671764,-176.95310801494,101.970528163357,6.19386534505394,31.652506442847,4.52275469147262,8.53443774505708,-30.9868054114346,162.989048991822
2160,21.59,47.217,-0.523641292988344,5.28723715383885,-176.958813904416,101.960032057536,6.30078054315418,31.899797432589,4.50943331796236,8.56330552353176,-30.9962667451147,162.970840336489
2161,21.6,47.227,-0.556602939899414,5.27759098317811,-176.970200829144,101.942227404065,6.50551296211258,32.2691516185242,4.490656938433,8.57082623877485,-31.0083653954311,163.001547294922
2162,21.61,47.237,-0.567271336911298,5.27079894463096,-176.947969155844,101.872450836074,6.59283614480215,32.3371848669011,4.47690872275846,8.57566819939857,-31.0460090599815,163.030600137511
2163,21.62,47.247,-0.603371737174437,5.25749809045476,-176.937226531502,101.793598222075,6.66963237228382,32.4205572236185,4.44665858506791,8.58756900005655,-31.018838617305,163.032595557587
2164,21.63,47.257,-0.618350617706549,5.26175491114888,-176.964461754489,101.691406654478,6.80870306622068,32.3670370246194,4.46432661891604,8.6098141748186,-30.9705139195965,163.029497836214
2165,21.64,47.267,-0.612515194127831,5.26228708696147,-176.94684251773,101.602526916189,6.88573154552297,32.4005416411743,4.47301780867213,8.628071362768,-30.9767677936858,163.001903433412
2166,21.65,47.277,-0.626517756553628,5.26960111739541,-176.927959542408,101.557996807825,6.97984749781084,32.352856699115,4.43984496419548,8.6401502110724,-31.0291713547797,163.021178488084
2167,21.66,47.287,-0.642496605157602,5.24755981230302,-176.931620662522,101.539171097266,7.07686928571154,32.3882910775643,4.42252459619204,8.645462179844,-31.0428074543493,163.074507139433
2168,21.67,47.297,-0.646145229218806,5.24958560552332,-176.931695110805,101.51087851908,7.16890147076751,32.316030730902,4.40605026715867,8.66364028434357,-31.0866073013216,163.087698960214
2169,21.68,47.307,-0.660959459373182,5.22751412452801,-176.885264068407,101.48018848485,7.17732858584264,32.4010154915936,4.34896546298776,8.65841586016142,-31.1934381152443,163.136407565205
2170,21.69,47.317,-0.671808074943668,5.21434846645277,-176.905041628325,101.414648755098,7.21896011296012,32.4592592454735,4.35015648997909,8.66878460895648,-31.1499069079063,163.125618220801
2171,21.7,47.327,-0.659377318318493,5.18877953959915,-176.887806287127,101.325977937597,7.25828185277403,32.4696582793247,4.35097874969992,8.67526893705242,-31.1106597796396,163.110067339165
2172,21.71,47.337,-0.677703037944767,5.17884738415311,-176.87179228392,101.288945968818,7.29433372152683,32.4467288379355,4.3037210642569,8.67607926564337,-31.123242920689,163.14798412459
2173,21.72,47.347,-0.675787655711314,5.15089693248739,-176.868556022498,101.23553244761,7.32447567651855,32.4887292614677,4.31252052932209,8.67096952915286,-31.1635741476359,163.125456113649
2174,21.73,47.357,-0.669731854984748,5.11523446956274,-176.856688424047,101.216530741722,7.3379592922189,32.5623708574138,4.31035686658376,8.66052232401139,-31.15760745415,163.137455245895
2175,21.74,47.367,-0.683744497801821,5.07921132462872,-176.870729699871,101.226143455459,7.38196981631985,32.5937608958397,4.30353278842518,8.65242222509043,-31.128085676817,163.114433569434
2176,21.75,47.377,-0.665420478801009,5.04806079570995,-176.838146556284,101.173710282987,7.36490141827014,32.6449127237181,4.29066428031383,8.6319869393158,-31.1908481114332,163.111673554253
2177,21.76,47.387,-0.677818818638217,5.0164578299246,-176.836818783727,101.124324302881,7.3859644546097,32.6777553506075,4.26408278316096,8.6211542068236,-31.2789627428766,163.135044037649
2178,21.77,47.397,-0.669514105055144,5.00144475476533,-176.855906135445,101.053255575769,7.44887441525271,32.6254687631276,4.30044939505897,8.63316021142181,-31.2363514089197,163.120294941959
2179,21.78,47.407,-0.667348882416401,4.98641304282645,-176.851461115476,100.992166620917,7.47008346165282,32.5707347783659,4.29984969401836,8.64017006528029,-31.2689373821164,163.12389792307
2180,21.79,47.417,-0.66758044492082,4.97043901459245,-176.851342161502,100.965461337554,7.51143231025052,32.5398586301769,4.29405388588735,8.63521554005415,-31.2819035711061,163.138955116966
2181,21.8,47.427,-0.671428218049444,4.94317545700876,-176.855172600475,100.964199110773,7.54650801462993,32.5950950761885,4.28430934578785,8.61781384977752,-31.3247982062282,163.146369078564
2182,21.81,47.437,-0.667116071768205,4.92774280358676,-176.864951421957,100.983629165474,7.56837949709494,32.6715789148201,4.29069966565505,8.61779525558775,-31.3178164339674,163.168360142389
2183,21.82,47.447,-0.646039134266965,4.89848134378943,-176.864153647101,100.987780105607,7.57055873580778,32.7601416691892,4.31401208691796,8.60779996163869,-31.3409597983363,163.16502110994
2184,21.83,47.457,-0.636215519410146,4.86803163666538,-176.872027688693,100.978247082065,7.56316125710334,32.8660594732338,4.33653853563968,8.60304460586025,-31.312415399607,163.153037764736
2185,21.84,47.467,-0.63031109893805,4.84565101371315,-176.857775077663,100.963982935107,7.50354807036921,32.9750340174221,4.32205578841193,8.5826938030011,-31.3326962809527,163.136108459325
2186,21.85,47.477,-0.615330310830133,4.82122360539704,-176.882527205299,100.911102593641,7.50331083953836,33.0212714261495,4.35694313804343,8.58834385552027,-31.3096259998908,163.104240752726
2187,21.86,47.487,-0.591603140397479,4.79132362407906,-176.889281850229,100.877380275362,7.50817893611986,33.0592042834397,4.38116978340284,8.57609067524087,-31.2767623360535,163.113891438552
2188,21.87,47.497,-0.560775657171877,4.77359346202504,-176.890881307766,100.85649707187,7.53390691841633,33.0104060350221,4.40262307115952,8.57625114115426,-31.290050970839,163.113306774781
2189,21.88,47.507,-0.532132882161225,4.7585191969893,-176.897504175251,100.853030545615,7.56151719223458,33.0100777230114,4.4172612149134,8.57989907591981,-31.2759409122185,163.11676361127
2190,21.89,47.517,-0.516573203984139,4.73561388583016,-176.895674329532,100.848771717851,7.61114734697657,32.9610738442357,4.41000447675223,8.56793316143294,-31.3166676905043,163.127093577338
2191,21.9,47.527,-0.496744741671111,4.70663981930592,-176.890872306262,100.831859810521,7.58229496299478,33.0094538542776,4.40336461042348,8.55416912782595,-31.3561089072628,163.129906517066
2192,21.91,47.537,-0.483001975890449,4.6950402784133,-176.88810090855,100.796864421207,7.58029998581016,33.0144283302905,4.40295352604648,8.56143941678439,-31.3670182086479,163.144931789478
2193,21.92,47.547,-0.465206444136309,4.67316894501778,-176.895771679314,100.756992577614,7.56777301214293,33.0583286046789,4.4033513739185,8.56281466414867,-31.362995616298,163.162909979956
2194,21.93,47.557,-0.453475123441709,4.64398060490938,-176.900613992995,100.736551196609,7.58580781486197,33.0866876853227,4.3984586779916,8.54075837615054,-31.4322946278938,163.193589970789
2195,21.94,47.567,-0.436411623702221,4.62869440051112,-176.922877807647,100.734101583197,7.61358451323927,33.012985505542,4.4301343908976,8.54546261313043,-31.4059546653666,163.12652620782
2196,21.95,47.577,-0.418731783313854,4.59723992408273,-176.91249930101,100.752354696423,7.57982323419261,32.9687016487343,4.41642827367352,8.51742864906389,-31.4422229806567,163.202681901033
2197,21.96,47.587,-0.41204709441844,4.58027464619513,-176.920178097179,100.783597040179,7.57677894696579,32.8764995891495,4.41859563055792,8.51979746009328,-31.4236305786053,163.181516146242
2198,21.97,47.597,-0.393317392539702,4.56171257656432,-176.931145880931,100.808521518066,7.6042895871743,32.7840972586657,4.42960560189713,8.50207527115991,-31.3843196210865,163.165775196024
2199,21.98,47.607,-0.389381869108813,4.53466178045171,-176.924909402787,100.83064832297,7.55977038639372,32.7414855800619,4.42453199685627,8.49490375074782,-31.4468709896006,163.16669964962
2200,21.99,47.617,-0.384314470935433,4.52249669826467,-176.936717757511,100.830710794895,7.57889786098883,32.6834880972233,4.4069863753852,8.47564314769895,-31.4901489454603,163.20957347179
2201,22,47.627,-0.380321535003521,4.48074350318906,-176.945709159658,100.835539707537,7.58371916712512,32.5555086105104,4.42494786161622,8.44587583198861,-31.5264133887834,163.147534816733
2202,22.01,47.637,-0.381618479286527,4.45501515511336,-176.952549079833,100.872179474673,7.5406443893803,32.4703344699475,4.41329489233384,8.42697554789419,-31.5017417381632,163.196905653105
2203,22.02,47.647,-0.346763393319105,4.44292982281336,-176.954466723973,100.903384165862,7.46878034533565,32.3830582383523,4.45726910898403,8.4316179364793,-31.4990074684976,163.17446571867
2204,22.03,47.657,-0.351951694452866,4.41406141605676,-176.971941779907,100.964378658635,7.45569259147494,32.2759303071505,4.44967949026749,8.41275005731604,-31.4923401003102,163.173416145361
2205,22.04,47.667,-0.345195230920527,4.38986983086479,-176.972598033413,101.032217545302,7.43708998461306,32.0642174271838,4.45889897602607,8.38904303534787,-31.500261541299,163.184457825005
2206,22.05,47.677,-0.333329910420286,4.36051636209978,-176.98254038201,101.070555467463,7.40207032197767,31.9302922487412,4.46857122442899,8.37415230674051,-31.4666607803675,163.16155647513
2207,22.06,47.687,-0.314789251769531,4.33565861166697,-176.996486355487,101.082440691488,7.32822587706323,31.9020985607823,4.49054321553596,8.37008921497916,-31.5263533151758,163.169234732
2208,22.07,47.697,-0.321343372467803,4.32035839525207,-177.000360991371,101.120750189188,7.27024742090937,31.7486467212251,4.4700933151478,8.35851843151526,-31.5392570243939,163.1803126396
2209,22.08,47.707,-0.2993872303526,4.29756540420176,-177.020387553629,101.135924064665,7.26460138683579,31.5157422358078,4.5100378921011,8.3417446952176,-31.5661803896754,163.155570019105
2210,22.09,47.717,-0.271970006471823,4.27469888924883,-177.016267840665,101.166245820861,7.21509489953596,31.3077344050318,4.51403797730363,8.32275644221152,-31.6146919276662,163.186836341072
2211,22.1,47.727,-0.272765651338872,4.25484357726791,-177.039813472086,101.250394262338,7.13122550592421,31.1663018444589,4.53152174832587,8.32054606375178,-31.5730205255604,163.184767844043
2212,22.11,47.737,-0.261857720542445,4.23225176769697,-177.057406865498,101.344303371497,7.03916410875878,30.9373234479239,4.54495238300921,8.3029160601038,-31.6160096055181,163.181839032701
2213,22.12,47.747,-0.240066107232064,4.22988065250129,-177.076351238683,101.407992225422,6.97817026373648,30.7000521571714,4.56651875305533,8.3144419177108,-31.6901057868098,163.178695932145
2214,22.13,47.757,-0.229023465004211,4.20553065614036,-177.092143518563,101.462174469529,6.94187329606646,30.3804656073459,4.58915441548314,8.30129657132014,-31.5907624657011,163.163149992821
2215,22.14,47.767,-0.217938640075267,4.18092044095621,-177.113960438802,101.521129159851,6.84459947696278,30.1860030017714,4.61738764147459,8.29551472754117,-31.5453934889813,163.141418065257
2216,22.15,47.777,-0.215423291263552,4.14811188842953,-177.122370953917,101.592407419831,6.77382254121304,29.9945728956932,4.6156983637856,8.26514125871777,-31.5536189084693,163.138256362909
2217,22.16,47.787,-0.216277805145186,4.12598351043789,-177.146301354106,101.644622210885,6.78416152164673,29.5837428020921,4.62465308112676,8.26585044725399,-31.5157378264104,163.17092748187
2218,22.17,47.797,-0.196189186298607,4.09389289538929,-177.165585831263,101.688840580004,6.18609028744958,28.379073284074,4.64202634734455,8.23304131179774,-31.5598434098326,163.176628786018
2219,22.18,47.807,-0.209207226408786,4.06787268662561,-177.178149017873,101.797859695311,6.11580237533407,28.0811613571761,4.62309044176279,8.2194097157075,-31.5848928604649,163.200842072797
2220,22.19,47.817,-0.200574948489047,4.03293726021549,-177.193798415702,101.889182479305,6.03494078210899,27.7329523544357,4.63532294607743,8.19235137745311,-31.5992554498705,163.206787803089
2221,22.2,47.827,-0.187488632721355,4.0132636395113,-177.202001990595,101.956800174048,5.98951216739121,27.3694061706741,4.64426233456603,8.18408974391463,-31.6295775383091,163.242280747897
2222,22.21,47.837,-0.204710421387023,3.98302012425163,-177.216894821064,102.021081220345,5.85948108110793,26.9258473520307,4.63560647569407,8.17393320404083,-31.6315511234001,163.220868822563
2223,22.22,47.847,-0.198050908529386,3.94847427253278,-177.241353008545,102.068609042033,5.86306588816285,26.4941417776176,4.66281229877706,8.15155996595093,-31.6542256802466,163.157862761133
2224,22.23,47.857,-0.205207856838237,3.9176894093432,-177.262294534458,102.14867112139,5.82106884784015,26.1568992357209,4.66487112142722,8.13541541753547,-31.6542271355242,163.170882801598
2225,22.24,47.867,-0.207628129932441,3.89288971830046,-177.290736191671,102.25144077278,5.73469399878543,25.7434344123553,4.68582980532574,8.12085404569543,-31.6636244866526,163.144208228761
2226,22.25,47.877,-0.208847525255954,3.85764462555137,-177.300784924692,102.399320725142,5.72996368796134,25.2812316889521,4.69356155966734,8.09232060336091,-31.6478671428842,163.13708765519
2227,22.26,47.887,-0.208049674428725,3.81961662724049,-177.32867660357,102.547421471442,5.58020056087425,25.0371617010963,4.72227011214472,8.07173610076359,-31.6003167725566,163.148491573226
2228,22.27,47.897,-0.194934848624396,3.79510382251924,-177.35635263764,102.68310430759,5.5914461882004,24.5269663081244,4.76181124522817,8.06371608160075,-31.5722246089564,163.13523255148
2229,22.28,47.907,-0.202867997103133,3.75749129969453,-177.37972575658,102.774497551952,5.48165647521157,24.2007851463851,4.76814380994194,8.03021439528179,-31.6336905143595,163.126796365389
2230,22.29,47.917,-0.179247103676534,3.70756655730079,-177.380963378778,102.802490062506,5.41155536991316,23.7837111352584,4.78403029995063,7.99265089002195,-31.6381459560171,163.172113746491
2231,22.3,47.927,-0.174698017378277,3.66466377918469,-177.405588682618,102.856427100195,5.33867954738743,23.3456268818523,4.8231420047984,7.97066596505996,-31.6038967395871,163.160770325492
2232,22.31,47.937,-0.139665102545433,3.62512122378748,-177.409376702223,102.899288956506,5.28964073383786,22.8754344807833,4.84863853930769,7.94236760149515,-31.6684824980504,163.192513113031
2233,22.32,47.947,-0.157724451202419,3.57047012138678,-177.439351695412,103.044237265875,5.16033377407709,22.5426519722338,4.8523378904648,7.91351984662825,-31.6322597347673,163.163211398115
2234,22.33,47.957,-0.117606075043126,3.55329919152587,-177.445774072855,103.210070795713,5.06354364003837,22.0792016320443,4.88644964250374,7.90441765880003,-31.7353033727629,163.180071239567
2235,22.34,47.967,-0.109459884583886,3.5088778815828,-177.471995186014,103.371498270531,4.96983616170287,21.7022825325293,4.91235794139323,7.88582836915098,-31.7899543938403,163.129778738482
2236,22.35,47.977,-0.10072630728516,3.448006207584,-177.497320694405,103.519547583768,4.91406929806241,21.3112168299552,4.94696731531732,7.85288441853513,-31.772044644072,163.154503336146
2237,22.36,47.987,-0.0946491559540955,3.41124366337738,-177.492193743729,103.651722305392,4.7660558422629,21.0139181942617,4.94712456893629,7.82956846678988,-31.8009440261615,163.119139315919
2238,22.37,47.997,-0.0784464253007956,3.34987371955551,-177.533879679052,103.735423798979,4.75449413581312,20.5673816854831,4.9911757321972,7.7899870587662,-31.7763101472836,163.095765843859
2239,22.38,48.007,-0.0492282112812297,3.31154283685488,-177.544947931244,103.784886580665,4.67565140937643,20.1588096760483,5.02478246189995,7.77721463289134,-31.8272693684653,163.104411235323
2240,22.39,48.017,-0.0418883610204216,3.25700226210798,-177.548621268386,103.898492204918,4.66072387244371,19.6962528893949,5.02289162203453,7.73463455321184,-31.8499232126748,163.134544580686
2241,22.4,48.027,-0.0245874264724342,3.2107738202946,-177.577435666453,104.001371264809,4.53619885618055,19.3551775871878,5.06615769873649,7.71213300010981,-31.8218878024942,163.09492595989
2242,22.41,48.037,-0.00753094285648226,3.16651109023199,-177.589743213925,104.146189709873,4.51799845995093,18.830080738659,5.08325006668878,7.69322636191229,-31.8579646109134,163.117773950339
2243,22.42,48.047,0.00350347279203883,3.10568420921017,-177.605072661885,104.264374059285,4.47144333937305,18.4034632981961,5.09745244605017,7.64865349664275,-31.8691667557718,163.129557171572
2244,22.43,48.057,0.0330189026517572,3.07688695751625,-177.61907622047,104.389863408536,4.37242011847595,17.9586401316878,5.13859411856171,7.63528306888356,-31.9295163181755,163.104272111448
2245,22.44,48.067,0.0373838649615887,3.01850984360452,-177.622769416996,104.503499665426,4.30740144446514,17.4280545243597,5.14746977753198,7.59641838348208,-31.9116519486986,163.076912645722
2246,22.45,48.077,0.0536269128929917,2.96934223778012,-177.622441483602,104.583421371378,4.15819376183797,17.0496680902146,5.15759014262111,7.56294818527711,-31.9880000159189,163.090160518878
2247,22.46,48.087,0.0820674195362995,2.91636396961033,-177.614449605141,104.670458733323,4.10657993217775,16.5164509524221,5.1973637403811,7.52656662924276,-32.0549533834587,163.063797073171
2248,22.47,48.097,0.110726319960926,2.87006258214449,-177.613043870716,104.792034250617,4.03960609729812,16.103723596519,5.21601070198668,7.49617163368606,-32.0484425589834,163.069234288021
2249,22.48,48.107,0.123761420282182,2.81042260203733,-177.636952231452,104.939701327665,3.90180815801717,15.7178298105604,5.24639100688544,7.46348314960355,-32.0006709145571,163.061285501997
2250,22.49,48.117,0.139845201010787,2.75259508050458,-177.635726958157,105.098341751312,3.81051111023668,15.297050889175,5.26539528699857,7.41605681685101,-32.042208645988,163.063013496191
2251,22.5,48.127,0.176762221775904,2.70952947643898,-177.614073600353,105.233277946664,3.64341480855635,14.9086200118513,5.28528257504021,7.40138220643444,-32.0285729912564,163.064018072428
2252,22.51,48.137,0.190043379344498,2.65888064471697,-177.612890161032,105.363732185731,3.52134071906292,14.5296634210515,5.29604206720277,7.35857784061023,-32.1040841222276,163.086045065458
2253,22.52,48.147,0.213280823585245,2.59345927344719,-177.592313202778,105.465776567676,3.38536864837394,14.1252497164942,5.30645898211285,7.30888068256802,-32.1718592163281,163.080735741757
2254,22.53,48.157,0.226145469004166,2.54335937732776,-177.615445607812,105.543814239014,3.28284846210749,13.7944267899114,5.35805530438251,7.28691540479246,-32.1339770724422,163.031951999149
2255,22.54,48.167,0.248856475049332,2.495939537645,-177.642511197049,105.582024321634,3.19753530541797,13.3855277677566,5.39178775878526,7.24899746991744,-32.1771726454561,163.036346238662
2256,22.55,48.177,0.258821500697747,2.42436531646019,-177.633791760848,105.622508428077,3.09821741510484,12.9825134920313,5.40127047879548,7.19005671578129,-32.209434480117,163.032388592135
2257,22.56,48.187,0.278941607962823,2.3598755396508,-177.641868217135,105.667324467278,2.9767632651518,12.6422101013438,5.41888306608071,7.13950481803358,-32.3036725276946,163.03439347742
2258,22.57,48.197,0.297198157148559,2.31179332183769,-177.661152010587,105.750017665405,2.89613237705806,12.1367273784281,5.46658373285691,7.11963423076551,-32.2231749787635,163.022048396049
2259,22.58,48.207,0.323531317939961,2.24387702131184,-177.643705009137,105.838303706684,2.7930782039879,11.7606430496181,5.48329409517766,7.07126228072765,-32.3016358638599,162.964526298801
2260,22.59,48.217,0.362180528047647,2.19757209797001,-177.629400108587,105.898749493389,2.6220784537333,11.380654488042,5.50485916234179,7.0417987303379,-32.3270333733825,163.013770142816
2261,22.6,48.227,0.384582658794099,2.14340944266981,-177.652060526617,105.97003579148,2.55678967086245,11.0023691512748,5.52566182133034,7.00719249302158,-32.3503791630922,163.012785400968
2262,22.61,48.237,0.419581276843015,2.09047457992568,-177.641680529497,106.006567687956,2.46854356986128,10.5334561459131,5.56269528283354,6.98530251781246,-32.3613989238178,162.980975021852
2263,22.62,48.247,0.442877605114595,2.05023585052491,-177.665796553847,106.051221953365,2.30135517595194,10.1204137752209,5.58629378484062,6.96210739172491,-32.3565120651727,162.960470046842
2264,22.63,48.257,0.469692797737475,1.99111929008312,-177.681109103005,106.057755650681,2.20882365422452,9.68754651221427,5.61667796907927,6.92237276337935,-32.387015296704,162.980905823867
2265,22.64,48.267,0.506619270385418,1.93795471910984,-177.665305100043,106.071690564666,2.08337799736068,9.2098191440021,5.62951168375804,6.88311494113082,-32.41619297161,162.963847690492
2266,22.65,48.277,0.538632174606606,1.86776123648503,-177.673801558004,106.097088651434,1.91251175893015,8.91291990567477,5.64751373845232,6.83510791638082,-32.3719864357464,162.975919511726
2267,22.66,48.287,0.58627768310254,1.82683591019513,-177.693515859997,106.104237431783,1.817495237347,8.58188181761107,5.70388381174824,6.81870081719169,-32.3762982274857,163.014057672925
2268,22.67,48.297,0.615439776879671,1.76635034616626,-177.715325054523,106.162568762506,1.75682297839716,8.1726412620208,5.71954601021931,6.78405011076522,-32.3937463252283,162.98833433922
2269,22.68,48.307,0.650893682555847,1.70391468562943,-177.721316513658,106.19128842541,1.66073326505927,7.86268976935358,5.746833063471,6.7434381626177,-32.4571815892541,162.988814959158
2270,22.69,48.317,0.693741438780554,1.6433530506986,-177.7228761122,106.21530931787,1.53191485438922,7.59142135715367,5.75621953832606,6.70533586615347,-32.5321176293539,163.043824881142
2271,22.7,48.327,0.726011087754266,1.58522795838186,-177.722066728824,106.245841470789,1.40879127802092,7.28404345932285,5.76048122237488,6.68132037543245,-32.5825023344138,163.052640663164
2272,22.71,48.337,0.749241354175212,1.52913800065781,-177.721677308671,106.274351962545,1.24691682271631,6.99412511853254,5.78227280595363,6.6600306997714,-32.5875942831726,163.036222572757
2273,22.72,48.347,0.778624621653895,1.48560891162523,-177.730981461861,106.268988780008,1.11299732594391,6.75834094023322,5.79138297415848,6.63378815880859,-32.6583029604395,163.021616171546
2274,22.73,48.357,0.818371496259049,1.42431948765503,-177.736539345165,106.235671143284,0.950593781545182,6.48386358141447,5.81934647947351,6.60928168713822,-32.6751006793827,163.029784313342
2275,22.74,48.367,0.864492029098491,1.37778409334328,-177.737241336301,106.186662660437,0.876512694350314,6.07597486538016,5.84521981724896,6.59878460949606,-32.6571488747705,163.030098618777
2276,22.75,48.377,0.899332321579762,1.30059799339171,-177.71922484504,106.13949902166,0.773800473868191,5.84590879598024,5.84392300563619,6.53899829816573,-32.7209393462811,163.061761518928
2277,22.76,48.387,0.94411894522379,1.24551453315535,-177.732653736063,106.102197154027,0.690986152848889,5.58616279739001,5.88209205170072,6.52827218334889,-32.6476932957465,163.02162257641
2278,22.77,48.397,0.968743485821716,1.19995274000441,-177.727533466966,106.069042051812,0.621601029320749,5.2988613554522,5.874500737845,6.51201199272003,-32.6790737957627,163.081388643434
2279,22.78,48.407,1.02690668153637,1.13991692665923,-177.730144250713,105.991145099397,0.493022621207865,5.07934167082517,5.90311808293118,6.48544404327058,-32.755864101651,163.074654095217
2280,22.79,48.417,1.07205619644787,1.09508562890961,-177.723272071266,105.941243994507,0.453724127759665,4.75580824418831,5.92369587587931,6.4784341989513,-32.8062741714734,163.105056323381
2281,22.8,48.427,1.09555610161841,1.05690043731895,-177.756277205923,105.88351848416,0.359918416288568,4.44132961367514,5.94714414170239,6.46721329022793,-32.8004372050057,163.095481982388
2282,22.81,48.437,1.15913167920209,1.0014883669231,-177.741538588487,105.803364547951,0.324140833582749,4.14051451639189,5.96805236700198,6.43080569240201,-32.8830686237944,163.114922732745
2283,22.82,48.447,1.20770034482514,0.95361462402663,-177.748493162679,105.737284138381,0.214615246680753,3.91706688447263,5.99780689667183,6.4070983062133,-32.8971756905894,163.105422420404
2284,22.83,48.457,1.25015365743309,0.930817487496313,-177.746608272836,105.670984098134,0.149988162375107,3.53537646881467,6.01458917175901,6.41479318708137,-32.9567513271345,163.119154812012
2285,22.84,48.467,1.29353233745658,0.884266288839761,-177.749504672408,105.648159260803,0.0191206456749683,3.32554538937727,6.02828826208726,6.38084594715012,-32.9735440069126,163.148907532032
2286,22.85,48.477,1.31769442480966,0.845051985980222,-177.769404716737,105.655295348972,0.00512086310749362,3.02820235948024,6.05174717234096,6.36705536631042,-32.9379441137622,163.134920728131
2287,22.86,48.487,1.36343470884574,0.815258248739009,-177.762224329527,105.641199102397,-0.148112459470719,2.80051457583647,6.05643683711747,6.35741863094643,-32.9786932951666,163.144771452658
2288,22.87,48.497,1.3857783257188,0.774412767065769,-177.765018456359,105.617246985895,-0.230929363998071,2.57462577603666,6.07304819541348,6.33869133355852,-32.9967819763386,163.138894306826
2289,22.88,48.507,1.43549529225341,0.743100324996797,-177.775646539992,105.565394504778,-0.320436280697959,2.33447015990454,6.10487626781112,6.33295735444502,-32.9882888953911,163.128440529246
2290,22.89,48.517,1.46074632557862,0.712298304541788,-177.772731655108,105.569810722814,-0.399216011974722,2.11312327073789,6.1027911337668,6.3139751724599,-33.001308314568,163.153356787804
2291,22.9,48.527,1.50144770367862,0.676922180815371,-177.780921470067,105.534351904713,-0.538456369204922,1.92703077497,6.12389511875828,6.29076454788222,-33.0480471186208,163.177795260408
2292,22.91,48.537,1.53231475917193,0.663160324633312,-177.783682781607,105.532037055304,-0.609444991675724,1.70508231128842,6.12966397997745,6.29087244321386,-33.099297237463,163.183296972728
2293,22.92,48.547,1.55787917659615,0.629749176138437,-177.795086632525,105.549247466106,-0.730009162861778,1.47607692795045,6.12513572610086,6.26665529654907,-33.073389171591,163.185217919141
2294,22.93,48.557,1.5866884307206,0.602356643382392,-177.810476601817,105.535145074435,-0.813197075223823,1.25978421354385,6.13514418434204,6.25142805154493,-33.0712503867477,163.206063471925
2295,22.94,48.567,1.63225382166405,0.601231952667556,-177.818732027203,105.537269362679,-0.896490701467095,1.06756554576754,6.16228282383602,6.26437456201308,-33.0881454244872,163.223827435872
2296,22.95,48.577,1.65846237304325,0.583042548859975,-177.833872539368,105.550325690809,-0.983765947221199,0.902874767679309,6.16449646048919,6.23790318821013,-33.1163783166927,163.246162365139
2297,22.96,48.587,1.69549420584654,0.568523921992305,-177.854790941377,105.552604911459,-1.00171862728262,0.72586909975862,6.17944702286187,6.2301575168379,-33.1502971790406,163.222088969127
2298,22.97,48.597,1.72858543103713,0.545241921348653,-177.844203742911,105.543318034974,-1.12089048243126,0.570567231732997,6.17481321309818,6.21276048864272,-33.192641449257,163.281948603379
2299,22.98,48.607,1.74592115961396,0.533538715589565,-177.855426728642,105.553260958633,-1.17579128448897,0.389023504639161,6.16842831805841,6.20486726738347,-33.1450618928614,163.272145017342
2300,22.99,48.617,1.79726134774332,0.522563449213661,-177.882712472458,105.54079911456,-1.18362892012926,0.194942325728281,6.20440770059233,6.19628949284901,-33.1860543901913,163.285343166945
2301,23,48.627,1.828394134353,0.510722471672018,-177.87598155009,105.527215201595,-1.27143818066303,-0.000643557047367749,6.2043255777984,6.18814019526553,-33.2234586742189,163.285689362313
2302,23.01,48.637,1.85736391290752,0.496481254897769,-177.899052224875,105.493800883482,-1.34691032420909,-0.223033764411439,6.22208941859021,6.18998543341876,-33.2374022772939,163.288329512734
2303,23.02,48.647,1.89590191173037,0.48967529843533,-177.878213802841,105.457168727188,-1.40747725778702,-0.340798105806176,6.19731188829907,6.16932720667935,-33.2869972329382,163.324063716895
2304,23.03,48.657,1.94427687412772,0.47978760264044,-177.901044873356,105.377468982241,-1.43690579824248,-0.508636870966031,6.22729366914602,6.16355208276553,-33.2839352155695,163.306689884418
2305,23.04,48.667,1.96984247654025,0.470061912259141,-177.915406366277,105.325643656391,-1.50043516023974,-0.622648493205298,6.23122576371241,6.1525072637328,-33.3098381708755,163.319070130348
2306,23.05,48.677,2.00338078089593,0.478643980948526,-177.926879356265,105.294359292956,-1.55281524756842,-0.747988110384382,6.23422276391007,6.16400521433338,-33.2547184224956,163.338215265344
2307,23.06,48.687,2.04241648194588,0.47023313687552,-177.933746481993,105.256472006933,-1.55981744605914,-0.841624640997233,6.25385079013361,6.15912361724164,-33.2960318286671,163.318515130825
2308,23.07,48.697,2.05850989572826,0.457972414245224,-177.924012453064,105.257578487626,-1.63393767384019,-0.920865698656784,6.21627175692079,6.14027162851899,-33.29625254698,163.348471990235
2309,23.08,48.707,2.0965013332428,0.471181962348128,-177.945861794754,105.22402907164,-1.67079933986632,-1.02662042424772,6.24530736701662,6.158297222665,-33.3541647931542,163.350156954343
2310,23.09,48.717,2.11663044116524,0.463556017519322,-177.951222161905,105.215725294921,-1.70588871636209,-1.1165578902634,6.24255263829309,6.15127199298248,-33.2952630728238,163.34260089056
2311,23.1,48.727,2.14132029031429,0.459596917414702,-177.948459122077,105.201494937041,-1.7166384661924,-1.210437482462,6.24636089769739,6.14064777447099,-33.3032691917679,163.326478349532
2312,23.11,48.737,2.16007828010631,0.447676614998843,-177.990059864876,105.215208056928,-1.67065639224616,-1.30193882668238,6.26837147700448,6.13177272759573,-33.2717561226882,163.318321383703
2313,23.12,48.747,2.19161513645809,0.451858131457047,-177.976848471747,105.200191645897,-1.71211289862169,-1.34085891167252,6.26123416106936,6.13363386090085,-33.3062867228109,163.328917790247
2314,23.13,48.757,2.22046664328707,0.438966865834582,-177.96310539502,105.178540164319,-1.73541707481226,-1.3862800166587,6.26500919855549,6.12809113766244,-33.2995223595323,163.331055185743
2315,23.14,48.767,2.23496255491281,0.437517535779794,-177.985841570372,105.162102697483,-1.74237767140752,-1.40993651602233,6.27958293665579,6.12557181623226,-33.3336211947948,163.333906660406
2316,23.15,48.777,2.25520541541955,0.429270789895979,-177.996659163609,105.128078808353,-1.73811266606213,-1.48353714977082,6.2925971723634,6.1234270647644,-33.337725815851,163.316830956846
2317,23.16,48.787,2.27974006905124,0.440572260679938,-177.987404717451,105.087964852607,-1.75763172313156,-1.54466325605978,6.28419562980156,6.13303205530131,-33.3810467876001,163.350586327074
2318,23.17,48.797,2.30486944582304,0.42428420501962,-177.99205510121,105.04796421392,-1.74287177555802,-1.53891970525362,6.3056066198835,6.12408263907152,-33.3684630271795,163.331171678448
2319,23.18,48.807,2.32386951967537,0.409586485254926,-177.993629633181,105.007331778747,-1.70968277442186,-1.57115253365069,6.30011501275727,6.10327759331204,-33.4031158089546,163.352429339666
2320,23.19,48.817,2.34962453356367,0.408318357706642,-178.007272009752,104.980090337875,-1.67960871320623,-1.56853136036675,6.31639716826653,6.10618919261186,-33.3674731339099,163.342786472527
2321,23.2,48.827,2.3663608740575,0.414544912134823,-178.006202320586,104.947158498431,-1.65499895975298,-1.616866929148,6.31842157330132,6.10496426561844,-33.4275616568415,163.347614220068
2322,23.21,48.837,2.39484043750184,0.398124815682462,-178.024626852509,104.889763213004,-1.61474393495996,-1.63313871062429,6.34185202698175,6.086468181954,-33.3865497020586,163.359234769366
2323,23.22,48.847,2.41559839116984,0.402916629348711,-178.036835264302,104.861235666804,-1.57442883364169,-1.67509320781698,6.35147564327766,6.09760459979955,-33.4137188137132,163.338523853117
2324,23.23,48.857,2.44754504083564,0.411487255427985,-178.036865842466,104.809024575105,-1.55969365318264,-1.69298473103267,6.37861922925819,6.10841219163881,-33.3561901835845,163.3376254898
2325,23.24,48.867,2.45698211677835,0.402852892710068,-178.02690689537,104.779005814119,-1.56478387623278,-1.72321984424548,6.35695764322985,6.08766777935974,-33.4332219387056,163.36756404479
2326,23.25,48.877,2.45933107140697,0.400196418800525,-178.048279092261,104.764293718907,-1.52752946360573,-1.70622485841913,6.36588875533423,6.08116435648113,-33.4040851694786,163.373548137201
2327,23.26,48.887,2.479558829731,0.415403191519773,-178.052085437848,104.743547942436,-1.51573077206625,-1.74644860116187,6.36589296751928,6.09456136067747,-33.3917005330502,163.397758536187
2328,23.27,48.897,2.48902084222867,0.412265149900472,-178.049109560635,104.731472926262,-1.50772503355677,-1.7250925977627,6.37401589605641,6.09208356026876,-33.4256005003951,163.391723194981
2329,23.28,48.907,2.48182143170855,0.407433912532635,-178.060637576648,104.730816960459,-1.5043857586122,-1.72772635221405,6.37505388854145,6.08524172518685,-33.4038717529983,163.368478592357
2330,23.29,48.917,2.48970351507931,0.418339173904167,-178.065970329863,104.731031045587,-1.48612419714212,-1.71797598825782,6.37701553750728,6.09315544277638,-33.4104287176902,163.372002977724
2331,23.3,48.927,2.47797043669652,0.433394834655249,-178.071920967422,104.748445340221,-1.47427505490025,-1.76601521503357,6.37377288937936,6.10921793191171,-33.3481070086787,163.349511532775
2332,23.31,48.937,2.47944028032772,0.42885614023419,-178.058809300559,104.762056962604,-1.46594657060859,-1.69655452811591,6.37607652805226,6.09708146985003,-33.3447818789604,163.368068375846
2333,23.32,48.947,2.48825378648004,0.451106130697687,-178.068487159012,104.759715895451,-1.45283005549333,-1.72287493539189,6.38830446281279,6.11488435140415,-33.3745202081408,163.372153746147
2334,23.33,48.957,2.4799403166665,0.445285348836552,-178.059774058558,104.783584273851,-1.43621494588203,-1.71942882794019,6.3700321351923,6.10109633409148,-33.3776683098973,163.385146587741
2335,23.34,48.967,2.47334533903226,0.45828085083963,-178.054969280721,104.789541032171,-1.41404198715036,-1.73676849571755,6.36024050311187,6.11137916499324,-33.3896858647182,163.408105110826
2336,23.35,48.977,2.47584814086306,0.470294887427261,-178.051211292089,104.799973682217,-1.41679029719124,-1.72364002489035,6.3697513889328,6.10933679630217,-33.3332051936114,163.387839536801
2337,23.36,48.987,2.47355216978236,0.479126286631419,-178.048715020039,104.841181237071,-1.38702151492574,-1.66537735516486,6.36847359617787,6.1085651999627,-33.3811272361324,163.421919359628
2338,23.37,48.997,2.46708181613472,0.483127518882371,-178.068896115156,104.867854526451,-1.3544828868102,-1.7021097225824,6.38699797643885,6.12229345801204,-33.3211743980139,163.37758054981
2339,23.38,49.007,2.46076721031039,0.497698372572015,-178.058875329745,104.879997947858,-1.33921917990799,-1.77235306827781,6.366831387612,6.11422005534768,-33.3581432700537,163.432138912217
2340,23.39,49.017,2.47198626586744,0.500868331320015,-178.042081356404,104.892756564806,-1.33045812075266,-1.74523869440435,6.37198003274035,6.11397965284753,-33.3942570102617,163.418311462666
2341,23.4,49.027,2.4513080988502,0.5054875040019,-178.04144287911,104.961609988726,-1.33410860641805,-1.68997075971106,6.36148815414354,6.11032100331892,-33.3904460348502,163.434712874197
2342,23.41,49.037,2.45333238888466,0.517238702735641,-178.05952310314,104.970032579859,-1.29987338842736,-1.71536729345777,6.40079090686956,6.12954953325316,-33.3457558186568,163.415550816176
2343,23.42,49.047,2.45661707407335,0.515548684109874,-178.041054634489,104.997590823145,-1.30100087799053,-1.69265320147615,6.39931488485389,6.12348688063343,-33.30860871175,163.38869603478
2344,23.43,49.057,2.45073380000387,0.52717549918953,-178.062310328902,105.012005788723,-1.26051143022463,-1.68417291541815,6.41272438618461,6.12388627987939,-33.305665667835,163.375584449998
2345,23.44,49.067,2.45472108942295,0.552853728194579,-178.047282581096,105.025738851655,-1.27291458273676,-1.70341748078357,6.3943243326966,6.13759597806489,-33.3218610486716,163.406189324698
2346,23.45,49.077,2.45883385735593,0.555044417697006,-178.022177232369,105.025206415357,-1.26904978341912,-1.67897641218792,6.38045878837027,6.13853902626315,-33.3511271292823,163.446683583741
2347,23.46,49.087,2.47294657109655,0.569324963157494,-178.02779144851,105.008724141307,-1.25758162222962,-1.7173770893188,6.38593352756848,6.14100981905815,-33.3291898851022,163.445095660168
2348,23.47,49.097,2.4561343056824,0.572464261804463,-178.036805466077,105.023991070687,-1.25673480211471,-1.68960606834637,6.37853967858843,6.12947769798606,-33.3541776023879,163.446145725994
2349,23.48,49.107,2.48082500771662,0.591690953068856,-178.011371679424,104.969941245664,-1.27706931023275,-1.72939869794869,6.3884306210903,6.14501883481752,-33.3507653924732,163.443391776447
2350,23.49,49.117,2.46273068138165,0.589247215028197,-178.020071997721,104.994347028278,-1.25591400359524,-1.72336521769019,6.37049207168974,6.1297863537166,-33.3347390249565,163.441313658985
2351,23.5,49.127,2.47769084325786,0.609298915188765,-178.01613509214,104.972646998735,-1.24518051511479,-1.77493233320093,6.38962020050859,6.14857460763869,-33.3544027141262,163.416824638544
2352,23.51,49.137,2.45548615139178,0.611558178223148,-178.013852722874,104.998484374417,-1.24844025567329,-1.75493067427656,6.35547194117331,6.14359151111229,-33.3383494664801,163.44894591464
2353,23.52,49.147,2.46047691386347,0.608260021849674,-178.013095379432,104.986701861755,-1.24581991186467,-1.73557222042713,6.35525939218663,6.12996022488772,-33.3634324635921,163.434175463627
2354,23.53,49.157,2.45789394987442,0.610680452337666,-178.020491132524,104.994589872164,-1.23387735500902,-1.72950456010942,6.36421259288118,6.13018997263479,-33.3310187710309,163.404523824455
2355,23.54,49.167,2.44938282657679,0.616219440883887,-178.013523583574,104.988396148779,-1.24536781484659,-1.74102130068277,6.3402360879256,6.12317843997555,-33.3684339299448,163.430478499497
2356,23.55,49.177,2.45574366552898,0.635450658661057,-178.031609440257,104.977028212297,-1.22677784761266,-1.75273447337689,6.35757768800723,6.14434142810358,-33.3633908120685,163.415112135645
2357,23.56,49.187,2.43793837714811,0.632945913916707,-177.990270760592,104.979584769632,-1.27275387203794,-1.71844051244216,6.3051591093528,6.12216363223074,-33.4514443612597,163.448356934612
2358,23.57,49.197,2.42675375078241,0.633032359811,-178.017375684008,104.975677987828,-1.2269370280707,-1.69204851227158,6.31599267603521,6.12216261844425,-33.4056569532809,163.441938910965
2359,23.58,49.207,2.42556023208311,0.636224780983365,-178.021642693829,104.957589487551,-1.24138701102788,-1.6974851064564,6.30920795023931,6.12534836225792,-33.4334235826037,163.423152455364
2360,23.59,49.217,2.41932617700751,0.647048499134703,-178.050143086728,104.937069611748,-1.1997072628796,-1.69621969056618,6.34201594695686,6.14099112315513,-33.3780673324946,163.399791261616
2361,23.6,49.227,2.40357756599659,0.654254762523033,-178.029666016834,104.93413070768,-1.19166027766418,-1.6924542434066,6.31715351542972,6.14420083401481,-33.415539172907,163.395223246962
2362,23.61,49.237,2.38718350010018,0.664194357939133,-178.034328431126,104.92408290257,-1.1715434730796,-1.70820286393276,6.2984208073294,6.15416653692952,-33.4147745329667,163.415339996902
2363,23.62,49.247,2.38369947343734,0.66709564461848,-178.04087727446,104.885084871409,-1.11838960280563,-1.72072636407951,6.30549193996731,6.15689776139624,-33.3752261259063,163.396439574626
2364,23.63,49.257,2.35373936907493,0.664576783079511,-178.026745687253,104.893673113177,-1.10808398549857,-1.72989101397986,6.27374211611655,6.15321447575135,-33.4353417005749,163.399584082804
2365,23.64,49.267,2.33944340153496,0.678004094010135,-178.032057895716,104.886991951691,-1.08564430721465,-1.75545122015593,6.24853368802853,6.15399731915627,-33.4708234576266,163.44618639423
2366,23.65,49.277,2.32566822209831,0.678352755441193,-178.029711940286,104.886104796149,-1.04394750159146,-1.72848070817779,6.24524818663023,6.15853346384668,-33.411908116167,163.436351051033
2367,23.66,49.287,2.31851201115562,0.678987999887771,-178.045153321212,104.884107613798,-1.01000123182424,-1.74007243465194,6.26462889071293,6.16779667281842,-33.3916230144562,163.39086686446
2368,23.67,49.297,2.31281400755353,0.675594183951769,-178.031884618781,104.854860242967,-1.00249053085857,-1.72619162405307,6.24503427717034,6.15707312206197,-33.4402549550529,163.415025468099
2369,23.68,49.307,2.30495642400853,0.686078356698929,-178.043435247428,104.848544414914,-0.971647467346882,-1.77169654405776,6.26011293428072,6.17794234678492,-33.4062632410346,163.382969704642
2370,23.69,49.317,2.28635240522875,0.688002815937877,-178.047565615903,104.835506469479,-0.960460246879264,-1.77609836211427,6.25036720190229,6.17336814783005,-33.4100356254109,163.383956412507
2371,23.7,49.327,2.27330287771859,0.69319618765142,-178.034628625888,104.819087905217,-0.96095765178249,-1.75252955778007,6.2271124314771,6.17413512250074,-33.454264326229,163.377873346617
2372,23.71,49.337,2.27166703639897,0.697988454395356,-178.040422943513,104.762321055882,-0.944366995647685,-1.7934672622763,6.23532618983763,6.18116941515069,-33.4660443281593,163.364840628087
2373,23.72,49.347,2.27551708591017,0.701883163539482,-178.037374101126,104.737482227757,-0.95212586615848,-1.78896236703122,6.24052965922197,6.18614296897942,-33.4374252156189,163.389907395515
2374,23.73,49.357,2.26180923597102,0.699802618607124,-178.056312716917,104.707374660048,-0.923814910940263,-1.83936468944624,6.23094458252626,6.17464907674684,-33.4313691339279,163.391239338539
2375,23.74,49.367,2.26904223848835,0.709057694183627,-178.05809288738,104.67932584434,-0.931239006709256,-1.81970385691523,6.24744157111709,6.18391286343597,-33.4307546341112,163.375789286019
2376,23.75,49.377,2.26031785860594,0.734356614789475,-178.057688298574,104.660477689504,-0.91776371631449,-1.85906018965711,6.23343069017865,6.19656533565416,-33.4122719007418,163.381461025767
2377,23.76,49.387,2.25725000284381,0.716472292009254,-178.074656636912,104.641794152286,-0.909482184610277,-1.85440152069782,6.2464321196189,6.17822211099125,-33.45102382594,163.381826694743
2378,23.77,49.397,2.24219040517302,0.731165391619637,-178.082001942587,104.627361719238,-0.928217559053607,-1.87667697845832,6.23080942353849,6.18021017352535,-33.4009265550359,163.37974513919
2379,23.78,49.407,2.239478887098,0.728175923343933,-178.07695045192,104.618370146453,-0.943661797415821,-1.86597878339113,6.22419032338794,6.17579546987351,-33.3953769326035,163.373739325417
2380,23.79,49.417,2.24724723909187,0.732666817883961,-178.09879157335,104.593754846199,-0.947621882553505,-1.91249849834963,6.25002546396366,6.18280592042183,-33.4087547943942,163.368770611074
2381,23.8,49.427,2.23838559836253,0.741148762772399,-178.092422110484,104.591974227171,-1.01156342325478,-1.90771942117945,6.24637787526781,6.17784146845818,-33.370390365614,163.36875786402
2382,23.81,49.437,2.22780387008825,0.752264081969839,-178.107583900069,104.602699996939,-1.05456151253474,-1.90112520070907,6.22548527572493,6.18759958189714,-33.3910909505978,163.375573914033
2383,23.82,49.447,2.22345343352043,0.758263865419856,-178.117509044941,104.596746591881,-1.0635536033086,-1.8888320099766,6.22422815460365,6.18768504484924,-33.369469631378,163.36809381658
2384,23.83,49.457,2.23065531571557,0.760598281847321,-178.118385974708,104.562267376675,-1.13343293720822,-1.84000349497913,6.23070377949018,6.1786140891463,-33.3981643256652,163.413683782899
2385,23.84,49.467,2.22649550234401,0.759399192276352,-178.136416748797,104.560655126119,-1.16243208121429,-1.85313067877916,6.22898083663261,6.17474889252638,-33.4163061586621,163.397514294669
2386,23.85,49.477,2.22537926484771,0.758738757529078,-178.138805699546,104.550527455157,-1.2062261847148,-1.8285079867714,6.22018094294901,6.1715579629892,-33.4349198738769,163.398313157702
2387,23.86,49.487,2.22615093922653,0.768772357307273,-178.14462552249,104.541908982877,-1.25425199971269,-1.83182798825684,6.22148363836297,6.18330439425411,-33.3878534416986,163.403727376943
2388,23.87,49.497,2.22144847633875,0.780512715846023,-178.155301303564,104.532066766527,-1.31627201074517,-1.79960158219132,6.21071975309445,6.18668416344557,-33.3989788262963,163.406154583814
2389,23.88,49.507,2.22579249359475,0.778289033551058,-178.17452072137,104.517656929191,-1.31596888086571,-1.79981470294461,6.22914972917028,6.18838135270546,-33.397417522795,163.39215197561
2390,23.89,49.517,2.22378288891048,0.789360882913085,-178.179087476875,104.511816658144,-1.37523160140198,-1.77396452471092,6.21358487533472,6.18322668093916,-33.4167565806292,163.410254259847
2391,23.9,49.527,2.22230156320067,0.794148827161173,-178.191054442766,104.50457821921,-1.39825494451919,-1.73584867300777,6.19693568342015,6.18251362742999,-33.4931818672084,163.41259527471
2392,23.91,49.537,2.22269140764554,0.801938636014937,-178.221338899761,104.503756142571,-1.41474300328453,-1.7772395139987,6.20537431939695,6.18107421368968,-33.5059635160205,163.415006406924
2393,23.92,49.547,2.21856848727689,0.806395696634792,-178.239707602283,104.493207147803,-1.47298306463709,-1.76938819983225,6.2191445974526,6.17952814529778,-33.4499243857087,163.38728229185
2394,23.93,49.557,2.20664280602332,0.818025867745789,-178.244431195548,104.507089945002,-1.53393074478858,-1.74965654844318,6.20299168806915,6.19481840860131,-33.4734043052944,163.408281880255
2395,23.94,49.567,2.20301840171575,0.821955467874105,-178.260930157971,104.50406042783,-1.58853556037336,-1.7217940263192,6.20674259684424,6.19954479338373,-33.4795299402848,163.382430609217
2396,23.95,49.577,2.19989956104613,0.833407207809623,-178.279710854154,104.49926845899,-1.65378421227706,-1.70753979887213,6.21069335483715,6.20541883176019,-33.5282982026777,163.37775534389
2397,23.96,49.587,2.20831255610087,0.839061294961579,-178.30773735979,104.486584205791,-1.68487961593067,-1.69864293839597,6.24336405268109,6.21492437951761,-33.4423480619098,163.345512215209
2398,23.97,49.597,2.20161669335955,0.848495779789685,-178.318724578814,104.506681381087,-1.75112935525708,-1.65080353341224,6.22558351808272,6.21521492365222,-33.4770712449089,163.375656198795
2399,23.98,49.607,2.18540094050698,0.858966572677998,-178.343040298046,104.502955817137,-1.81458374317714,-1.65086784962992,6.22529307507641,6.21923355878333,-33.4548896650217,163.374750010311
2400,23.99,49.617,2.18211445953969,0.867837123279381,-178.351795637402,104.509796896496,-1.87201573961776,-1.64746149839612,6.22650425235094,6.23154495143401,-33.4103713228725,163.373975827232
2401,24,49.627,2.18366999736914,0.881059945452247,-178.378920303543,104.496178551993,-1.93943119808723,-1.67124824186326,6.23641446217218,6.2304542032909,-33.4746864401165,163.374978040169
2402,24.01,49.637,2.18153426432762,0.891750310279597,-178.399914254135,104.491364025531,-1.97369552814654,-1.61264461707762,6.24286501933692,6.23422878257303,-33.4753403616064,163.383988937852
2403,24.02,49.647,2.17613336031336,0.891736053086634,-178.434177063068,104.473987369465,-2.04253664622474,-1.61844184364255,6.25987277136125,6.23679764579619,-33.4950904022296,163.386762950671
2404,24.03,49.657,2.1762748678767,0.901723805370357,-178.440125174802,104.472934786583,-2.12709126949724,-1.59578830489201,6.26459221234604,6.24157442898238,-33.4958796205366,163.386517424438
2405,24.04,49.667,2.16398056509564,0.913123430929389,-178.466668311018,104.465974277779,-2.25914104140276,-1.60036609040098,6.27437233094412,6.25213324778055,-33.4966989832443,163.35788278742
2406,24.05,49.677,2.15708860569113,0.922537292205647,-178.477609777832,104.471201533901,-2.39804198439118,-1.55238507817935,6.2579999876776,6.25036826507041,-33.4830613526709,163.362213151186
2407,24.06,49.687,2.16571380891321,0.924721192238849,-178.480386954204,104.455169983757,-2.61731002348139,-1.41906079391595,6.26679583409802,6.24835184892097,-33.4796614813728,163.377506814146
2408,24.07,49.697,2.15834977534874,0.944120847772284,-178.52043467493,104.469668551577,-2.80348523158506,-1.37632465259674,6.27508067249751,6.26069873927943,-33.4676604706195,163.366721956993
2409,24.08,49.707,2.15686545196505,0.955598362051117,-178.516122992732,104.462699113042,-3.02412675637057,-1.27937832576066,6.26611752175698,6.26281451922074,-33.5120177638582,163.379193989211
2410,24.09,49.717,2.15396299648051,0.971273965304187,-178.542665717088,104.431974483814,-3.22398793601581,-1.21831865292149,6.28002514307069,6.2747859951962,-33.4327540618303,163.352847669778
2411,24.1,49.727,2.15972214646082,0.975266359233075,-178.550246880758,104.410392090993,-3.48451714138591,-1.11430345833165,6.28308425789799,6.27289131698307,-33.4236960386182,163.38005231684
2412,24.11,49.737,2.1548060073961,0.991798699368328,-178.558422880586,104.368183066352,-3.7886524828316,-0.969286188626517,6.26417346904385,6.27351264648387,-33.465247115584,163.381346763936
2413,24.12,49.747,2.13686677442859,1.00089053349901,-178.57912585313,104.367820502036,-4.09163814464314,-0.894215156331253,6.25633673195391,6.2794935878077,-33.4597463846524,163.394765098269
2414,24.13,49.757,2.14547405416568,1.01151913080213,-178.593593749804,104.35675925239,-4.47258975761184,-0.818172509383641,6.25811185978731,6.27754650890572,-33.4554498954071,163.384351089693
2415,24.14,49.767,2.1572484891422,1.02842485142488,-178.61981232983,104.348791081814,-4.8672661062566,-0.645676622585123,6.29936409763242,6.30033789771301,-33.4264414123379,163.351235209504
2416,24.15,49.777,2.14569867653757,1.05021083618598,-178.619895476764,104.381605647234,-5.33031842490202,-0.467426308363572,6.26787789341881,6.30200019974734,-33.4957884646234,163.380760730028
2417,24.16,49.787,2.15760416132757,1.06641824305406,-178.636137571908,104.356972548194,-5.83875573252238,-0.288877766046003,6.27928654272808,6.31317407107474,-33.5140948996597,163.392113011093
2418,24.17,49.797,2.1398217412346,1.09636365990971,-178.647124154594,104.358585557312,-6.42615066811813,-0.0726893647375244,6.26849417531358,6.33193754689576,-33.5521920114484,163.381716664704
2419,24.18,49.807,2.13511110705003,1.10913699563262,-178.673485062996,104.364356500726,-7.04557234240592,0.174613938779055,6.27341177087436,6.33658132796963,-33.4804706225791,163.371179964005
2420,24.19,49.817,2.13622473587637,1.12280098976313,-178.701813907042,104.349598979341,-7.75932947648926,0.398398355131847,6.30601673237231,6.3463181975267,-33.4499602863837,163.350793921161
2421,24.2,49.827,2.11784380721672,1.14068005831298,-178.727798649577,104.370283401019,-8.48313311169652,0.658145987973449,6.29424213658003,6.35341445306864,-33.4907412733601,163.385348902511
2422,24.21,49.837,2.11440614927623,1.17476158448108,-178.750658308206,104.394760073914,-9.32154991709412,0.892984923621748,6.309041850445,6.38119246516322,-33.4061656023995,163.370820784879
2423,24.22,49.847,2.12112773570043,1.19732257526958,-178.7798900221,104.390430827665,-10.1349226761025,1.15933224755826,6.32256344936304,6.39505510252487,-33.4583648562231,163.384567933439
2424,24.23,49.857,2.11713614359988,1.23076506996427,-178.807772447305,104.434033695149,-11.0107007582569,1.41079029533556,6.34844644266211,6.42475180415644,-33.4665765323995,163.358819236745
2425,24.24,49.867,2.09833970401673,1.26903774003471,-178.823139077648,104.500760050136,-11.9086328460314,1.73975378911588,6.32599431373827,6.44340189046441,-33.5253422987389,163.389930698632
2426,24.25,49.877,2.08553925852387,1.30394122927229,-178.845502755446,104.541727422865,-12.8337048885022,1.99052156805241,6.3200385249659,6.46916309408966,-33.5635753598677,163.383545621728
2427,24.26,49.887,2.08211234360467,1.34535251883978,-178.879029470917,104.562277132978,-13.7824506787125,2.33207716613603,6.34715883626421,6.5063922067992,-33.5390412846922,163.382004325218
2428,24.27,49.897,2.07425616092303,1.36705419969145,-178.921914292912,104.690320446967,-14.6105949041332,2.40213230855506,6.35404219391702,6.50973493175033,-33.4709610770309,163.380342734652
2429,24.28,49.907,2.05156967917365,1.39398718394162,-178.955327316212,104.797350533121,-15.6870071683695,2.79283202572184,6.3421009168885,6.52692246697966,-33.5027134935785,163.416178754275
2430,24.29,49.917,2.04417181155682,1.42991143255355,-179.015324630443,104.874752854104,-16.7454840658416,3.19524754998845,6.36897826825083,6.55620169112029,-33.4005222125464,163.4164849351
2431,24.3,49.927,2.02868617300518,1.4576902954676,-179.055770152027,104.988568613072,-17.8752653288458,3.62578692796851,6.37579260341955,6.56917534732432,-33.36474536516,163.410550389331
2432,24.31,49.937,2.02592061786116,1.4928049638679,-179.104941847584,105.107319893516,-19.0587210915547,4.08259753802772,6.40170518462394,6.59020825227833,-33.3299186279552,163.409141329328
2433,24.32,49.947,2.00566971048847,1.52247026152839,-179.140921999453,105.278762917014,-20.3170287880501,4.5637970679379,6.38601866047255,6.61717863248621,-33.321720877118,163.406747664263
2434,24.33,49.957,1.99788313491663,1.56460196280521,-179.192112558453,105.45137049979,-21.5776325511414,5.08085773104272,6.406794231811,6.65341880799027,-33.3158797376511,163.398993281871
2435,24.34,49.967,1.9930462033957,1.61170603740742,-179.252135672305,105.592549341757,-22.8042804082805,5.62907108952911,6.43136163428861,6.69545244880583,-33.2784517585495,163.372792627296
2436,24.35,49.977,1.98403554285771,1.65377668751783,-179.30864075146,105.73636770623,-24.0626194594523,6.20555658660382,6.45257347426857,6.72300163829233,-33.2533307074111,163.367554953445
2437,24.36,49.987,1.96999372219342,1.69644454240101,-179.380026873187,105.869353965276,-25.2495769964333,6.71096546059891,6.46026098755191,6.75733892672926,-33.2210138140015,163.336330262215
2438,24.37,49.997,1.9659453510904,1.74095526879845,-179.448076559094,106.002131257674,-26.4939707336241,7.23945337699267,6.47370815284993,6.79316287767494,-33.2758630967183,163.364402399228
2439,24.38,50.007,1.95819132394887,1.77804256361968,-179.547248573681,106.158442902864,-27.6047842545195,7.73332213110076,6.51724853400849,6.82904870908306,-33.222313237908,163.35935779051
2440,24.39,50.017,1.93598216910393,1.80440809695425,-179.641959828077,106.384810226265,-28.6854494341915,8.18631355746856,6.51829285956133,6.84184914034435,-33.1786384201232,163.37284310604
2441,24.4,50.027,1.91541756483642,1.84684967920387,-179.726035637378,106.620965779103,-29.7855649787306,8.58674700732908,6.52608425094033,6.87693337951822,-33.1144911300237,163.351156643572
2442,24.41,50.037,1.89291216989232,1.87934935607775,-179.831547272403,106.855595889899,-30.7652626419618,9.0412794089964,6.5546109215307,6.91189052711872,-33.0789121650376,163.326854991762
2443,24.42,50.047,1.88815448729889,1.92582679403739,-179.941699329805,107.055711162909,-31.6817085213207,9.44231628964529,6.58946911350546,6.95640328014744,-33.0138333588822,163.323688945687
2444,24.43,50.057,1.87016397582227,1.95340013684469,179.954667174477,107.211774091967,-32.5260933397181,9.77820762378419,6.61650302023998,6.9847394957735,-32.9980736818044,163.293048342838
2445,24.44,50.067,1.8410011692579,1.9791993087623,179.84629667281,107.367590912002,-33.3008486263344,10.1053632152303,6.6244778553716,7.00933421772725,-32.9753038546704,163.261281675424
2446,24.45,50.077,1.82612920705396,1.99858800959687,179.728288419096,107.509699754581,-34.0104364460634,10.3985334687668,6.65477273878529,7.03393994413651,-32.9242619242653,163.243974699114
2447,24.46,50.087,1.80319889062922,2.02801737217699,179.619538493014,107.618988470525,-34.6774307206037,10.656417672257,6.67024370277536,7.05940448298753,-32.9471743658734,163.257779910259
2448,24.47,50.097,1.77898671648144,2.03928749740944,179.498999847491,107.774512634397,-35.284436817254,10.9436286368668,6.67476496103074,7.07243908402608,-32.8812405018891,163.255553089143
2449,24.48,50.107,1.74607573914747,2.0564277656169,179.402668705495,107.946255908376,-35.9025330884571,11.2580326307792,6.67723659136591,7.09125196918432,-32.8407672763696,163.249524502818
2450,24.49,50.117,1.70585013703824,2.06267477082581,179.290361674318,108.094891001283,-36.4385469551041,11.4976708895333,6.66977416552266,7.09779671706967,-32.8093167145353,163.239905181017
2451,24.5,50.127,1.6929020555019,2.09419106907054,179.178158328617,108.184179551098,-36.9501854300575,11.6579857767011,6.68625322147009,7.13117426001981,-32.7201717597586,163.237184994968
2452,24.51,50.137,1.67426439614116,2.10296435359951,179.075864544761,108.228460514094,-37.438392774535,11.7924480165915,6.69449800332108,7.13423978137882,-32.7623515637225,163.22770189615
2453,24.52,50.147,1.65276185311908,2.10834741866532,178.93918923036,108.271315736111,-37.8909297738893,11.9266912745972,6.72592737611558,7.14504128350443,-32.6957518184405,163.186954221275
2454,24.53,50.157,1.62349991559496,2.12922251180417,178.839523697602,108.319749936584,-38.3526441635424,12.0256986178959,6.72296378675282,7.1695748643926,-32.7085077489293,163.177819553653
2455,24.54,50.167,1.61644720128178,2.15680287484615,178.72765203353,108.308845582179,-38.7673266005189,12.1097763266497,6.74136194186135,7.20258104412852,-32.7347096798898,163.161800021449
2456,24.55,50.177,1.57947000261469,2.15741591638047,178.639401557635,108.356077575312,-39.2224516602293,12.271487393655,6.7156923519074,7.20365335865045,-32.7442733207587,163.185125803508
2457,24.56,50.187,1.56272167496573,2.17750468192824,178.503410794783,108.324916867736,-39.603142485725,12.2764414947473,6.73535233093772,7.22308281629863,-32.7518499769142,163.183256340912
2458,24.57,50.197,1.53693849260449,2.18784615848781,178.417335649329,108.349247365807,-40.0381497087252,12.3725760567807,6.72077507218128,7.24293981735268,-32.701187269982,163.192455055238
2459,24.58,50.207,1.50932346287061,2.18577082568889,178.302408533528,108.395992551279,-40.4269545786467,12.5242098527526,6.71276784248185,7.23516506692708,-32.6842305723322,163.185674224009
2460,24.59,50.217,1.48895002954068,2.19759792017238,178.191920877792,108.293568423555,-40.7084289556981,12.3342024763531,6.70639313753508,7.24724549181004,-32.7165228301314,163.102020778126
2461,24.6,50.227,1.44567575721682,2.21697868350233,178.085258966548,108.432161156309,-41.1728980524263,12.6727978967694,6.70069133764606,7.27563628630565,-32.6456802141132,163.036051054484
2462,24.61,50.237,1.41643260561389,2.22224551214806,177.99793423876,108.487629659068,-41.5751971053886,12.8188347994785,6.67665242224664,7.28341401861451,-32.6568380816371,163.014847638651
2463,24.62,50.247,1.38102391368177,2.2388461343703,177.872844738447,108.543198664716,-41.9358555939525,12.8533074732511,6.67385352966401,7.29835533353071,-32.6391747439334,162.863409473948
2464,24.63,50.257,1.36602952642786,2.25592416689295,177.754102471195,108.541128059844,-42.3394445102702,12.898399387497,6.6879351878381,7.31668029601094,-32.6376366470423,162.845616814443
2465,24.64,50.267,1.33921694317724,2.2727194214113,177.639941091863,108.613653126154,-42.7385085551774,12.9897785556177,6.71490000557796,7.32869237082885,-32.5866476054114,162.827034965779
2466,24.65,50.277,1.3031234906182,2.2930067093039,177.524980863102,108.735317560368,-43.1800388819709,13.1272862361922,6.72731400833348,7.3458811685331,-32.584884136249,162.799390628539
2467,24.66,50.287,1.27898904737719,2.2962123514032,177.414908077471,108.80167648242,-43.5836001135993,13.248693568639,6.74544764782168,7.34542758211495,-32.5914271332769,162.781441776263
2468,24.67,50.297,1.2580397768801,2.31634403339098,177.28397377782,108.812507083103,-43.980910130632,13.2464455610856,6.7737172301876,7.36875588972714,-32.513241035888,162.754501138059
2469,24.68,50.307,1.24068532098071,2.32939010968247,177.203190830931,108.889599140244,-44.2680464584749,13.206894415639,6.76900725667742,7.38391688107186,-32.5188069413623,162.794026534294
2470,24.69,50.317,1.21761598373368,2.34892231224856,177.067254481697,108.883232155948,-44.625931539256,13.2186915076167,6.80821843388157,7.40698162236682,-32.4362879888717,162.765890263893
2471,24.7,50.327,1.19603395363611,2.36569383626058,176.947272786414,108.893117117636,-44.9947500459527,13.30813051301,6.84237016484946,7.42772846686569,-32.3732578194036,162.74637322908
2472,24.71,50.337,1.17603116781528,2.3807556760409,176.841258915867,109.056610967017,-45.331741837705,13.7831558732725,6.86215172887512,7.43801568205959,-32.3560901314542,162.737624401802
2473,24.72,50.347,1.14870851743742,2.40723363032896,176.704862878368,109.082247184443,-45.6395311796882,13.8273992138747,6.87866490619457,7.45921088016646,-32.2836618210237,162.744883100207
2474,24.73,50.357,1.12975354128025,2.42271002362176,176.604650266615,109.103994047501,-45.9882014260992,13.8916506166384,6.89697922843844,7.4702915586889,-32.3111686269856,162.739547004214
2475,24.74,50.367,1.1099840993762,2.43761560490995,176.501728574034,109.122122266925,-46.3180390982307,13.9486988476554,6.91545406506836,7.48252848608828,-32.2380158058966,162.725502002628
2476,24.75,50.377,1.0914127499495,2.45002648211788,176.402298932098,109.153780589354,-46.6403042573952,14.0025891371977,6.9233836557218,7.50127854959557,-32.2365598809234,162.73738797595
2477,24.76,50.387,1.07458858854625,2.46494137990026,176.290991156599,109.169745969946,-46.9501132599897,14.0421024386648,6.96384242136333,7.52600772932012,-32.1945721152882,162.713349603816
2478,24.77,50.397,1.05124188280552,2.47860759738019,176.198738797595,109.242449034223,-47.2338598746556,14.091709229975,6.96929827758604,7.52649643586546,-32.1214307276605,162.699604319428
2479,24.78,50.407,1.04242160158417,2.49470732766233,176.106078573611,109.753254544681,-47.6486695877638,14.4910779650694,6.97703395251303,7.5433288885489,-32.1818445125577,162.744647696277
2480,24.79,50.417,1.0318423559707,2.50398606944283,176.002423099651,109.815171354077,-47.8954609275493,14.5301105815468,7.01835608349405,7.56139045909103,-32.1138576951213,162.701766542008
2481,24.8,50.427,1.01614074541467,2.50257016171856,175.93441176435,109.840205071444,-48.1721013502325,14.5367620957519,7.02122221445993,7.55598312303324,-32.1227418636759,162.698345219095
2482,24.81,50.437,1.01502184929383,2.51582554006779,175.847070496688,109.910193271108,-48.408224113128,14.5775585315033,7.04005199899229,7.56924951072954,-32.0984913239158,162.700415196427
2483,24.82,50.447,0.994341408752061,2.51865930931353,175.733079922268,110.001397871536,-48.6241122098984,14.6444523428539,7.04274720962427,7.57424450683121,-32.0594882748086,162.692923038545
2484,24.83,50.457,0.977936453153597,2.52823008004831,175.706903076061,110.105848102737,-48.9026996658101,14.7015943077802,7.03164508774678,7.59180265767802,-32.1890411693094,162.72063746497
2485,24.84,50.467,0.966850031752848,2.53558584813217,175.558216867792,110.12413794998,-49.0302063228033,14.6655789344961,7.05588079311755,7.59131281788534,-32.109433331027,162.70889968039
2486,24.85,50.477,0.951097210351947,2.5350617753093,175.475703375269,110.213049686689,-49.2151047350422,14.7463599162935,7.06971355082389,7.59380160059976,-32.1026343844756,162.682405418986
2487,24.86,50.487,0.93511474306699,2.54261415291022,175.45902495262,110.169756372261,-49.4618022021417,14.6674994161354,7.0656977098739,7.60542486692251,-32.1933928184556,162.69077121297
2488,24.87,50.497,0.938512320560274,2.54966353848119,175.316236411207,110.233631647663,-49.5586084301948,14.7112490617876,7.10211083502343,7.60081854244852,-32.150753365853,162.681362736908
2489,24.88,50.507,0.92824183443629,2.5506886798553,175.30458921431,110.328272457908,-49.7525941202258,14.720420158486,7.10279376466483,7.61215874991876,-32.1896873816342,162.689002467831
2490,24.89,50.517,0.910758249190566,2.55125459724044,175.214362354423,110.442561444223,-49.9103382928445,14.8192548315579,7.10949223358754,7.6151179394215,-32.189044988609,162.682619920719
2491,24.9,50.527,0.894478378577418,2.55581829194085,175.091369275232,110.468978890556,-49.9946422371409,14.7689867730205,7.1156562839949,7.61679810756295,-32.1383018873595,162.69839723558
2492,24.91,50.537,0.892760134194644,2.56887076616775,175.023087846929,110.483953393534,-50.1129486049312,14.775284058883,7.12575049977145,7.63184729658195,-32.1148761882535,162.710231130568
2493,24.92,50.547,0.85978757366968,2.56826112287208,175.00371741753,110.577287574361,-50.2624449318276,14.8515115468641,7.11139939868691,7.63338542040734,-32.1271072708125,162.701749591227
2494,24.93,50.557,0.857661325025339,2.57100489110018,174.932575716894,110.594757500888,-50.3687680800298,14.8731451704433,7.1208822743124,7.63128173004208,-32.1818939231701,162.717178799165
2495,24.94,50.567,0.844852203478754,2.58127881686463,174.862160135827,110.637095713334,-50.4523680061779,14.9227685550242,7.12874633898182,7.63647834017299,-32.1463883437936,162.71082529257
2496,24.95,50.577,0.835104718294118,2.58596513540861,174.796513575471,110.677995033463,-50.5488403469505,14.9479377120196,7.12958404039927,7.64294846276151,-32.1624242171125,162.735982565907
2497,24.96,50.587,0.830676610157751,2.5901330070226,174.775139699684,110.716661408112,-50.6680960662648,14.9597750689375,7.12566926083987,7.65216618313747,-32.2059483769609,162.722430558161
2498,24.97,50.597,0.818542896927484,2.58766760614442,174.729405574873,110.776171483509,-50.7670272177985,14.9917838048549,7.11966177563245,7.64813008577583,-32.2223887244622,162.731143984806
2499,24.98,50.607,0.808010560576997,2.59419355344574,174.663589990511,110.755165890521,-50.8299589570132,14.917375760387,7.12253237457379,7.65352390298065,-32.1955703189559,162.742367356143
2500,24.99,50.617,0.803309483825356,2.59789875712992,174.571942140336,110.746782850934,-50.8678937190321,14.9087875276323,7.14030478331335,7.64567498438495,-32.1954945050848,162.728292016126
2501,25,50.627,0.786941750697252,2.60794764386602,174.581785776583,110.717097997809,-50.9604530142245,14.8415399861215,7.13198059275421,7.65868298915663,-32.2790980941922,162.722202810638
2502,25.01,50.637,0.780298405959183,2.61190266258025,174.541987882436,110.762291006716,-51.0285445275047,14.8510086281737,7.13466257608208,7.66366237049586,-32.2663322015069,162.736621214642
2503,25.02,50.647,0.78221690846653,2.606721545116,174.471015808795,110.787330355656,-51.0477424532392,14.8539212266414,7.12902950685799,7.63931106389643,-32.3068574053518,162.769097543296
2504,25.03,50.657,0.767766600754187,2.61321503257369,174.475045330427,110.821894406853,-51.1261552004392,14.879331995467,7.13340011568986,7.65300836231195,-32.3050687258136,162.76146634103
2505,25.04,50.667,0.759802991517612,2.62114089273068,174.462106667443,110.864141817165,-51.1912339659711,14.9215646447066,7.11623478799436,7.65715176847152,-32.3866769300551,162.784315433074
2506,25.05,50.677,0.756068659787058,2.61544885892944,174.448160350143,110.878917235658,-51.2313297997053,14.9142361316328,7.11511613877924,7.65259135667132,-32.4108739294381,162.802846953564
2507,25.06,50.687,0.761320837372938,2.61333314080999,174.341782901553,110.824067888597,-51.201795175007,14.8461754946602,7.13974236086625,7.63073513311274,-32.3220248429674,162.810165770719
2508,25.07,50.697,0.762376125477859,2.61198003692297,174.326880754427,110.840817189956,-51.2146124839119,14.9092989782266,7.14359281624706,7.62787079699193,-32.3040485997066,162.800603428636
2509,25.08,50.707,0.761525204498067,2.60718152930504,174.30780309169,110.827890826137,-51.2549489901908,14.8237569472957,7.14452983399209,7.61845264293309,-32.3823095315398,162.83134253718
2510,25.09,50.717,0.769069274197333,2.61372644098387,174.363017206284,110.856904303525,-51.3097519345374,14.8395111105342,7.16047173309667,7.62868521603081,-32.4302651091737,162.80209924679
2511,25.1,50.727,0.769563132858311,2.60899511826171,174.284821906039,110.8308194609,-51.2715431026753,14.7549863739463,7.1633552225786,7.60800441284323,-32.3812194451885,162.813003440136
2512,25.11,50.737,0.760900667101724,2.61986293305151,174.328918486344,110.935993534377,-51.3380324161954,14.8717098929096,7.1691052798428,7.62030012898482,-32.451711488413,162.808918493258
2513,25.12,50.747,0.769761054814557,2.61285468458268,174.26716966022,110.866734216098,-51.3024243151662,14.6662548785172,7.18973794347691,7.60557761177383,-32.3764571977422,162.797329799264
2514,25.13,50.757,0.755074935074611,2.61572045804107,174.252704482737,110.937002431276,-51.3112499240663,14.8486011402026,7.18890714687259,7.60336809031779,-32.3984735188347,162.802238873869
2515,25.14,50.767,0.755632320759223,2.62022656599672,174.323513976664,110.97419696337,-51.4095292468594,14.925661445569,7.18380111171661,7.6189659206519,-32.4376505753666,162.81201041928
2516,25.15,50.777,0.757347560503678,2.62665173939716,174.30991690056,110.919069797294,-51.4095533572325,14.873351852118,7.21667969914375,7.6137789577786,-32.4390432106341,162.794034307502
2517,25.16,50.787,0.760148027653143,2.64340893343614,174.238637044905,110.871062271789,-51.3504408712409,14.8039956221416,7.22344343024062,7.6142769473345,-32.3316513279001,162.816322595934
2518,25.17,50.797,0.75091556812018,2.65179844668972,174.24169124178,110.892840610321,-51.410237075533,14.7871062468763,7.22883914783171,7.61519943430749,-32.3343528400061,162.81041104846
2519,25.18,50.807,0.755699957282915,2.66420853376965,174.303544734952,110.947269306974,-51.4745122863479,14.8245459187391,7.22379735265502,7.63079336362579,-32.399477324475,162.82532316532
2520,25.19,50.817,0.772319597053592,2.67382204431707,174.300344733529,110.945033877972,-51.478000034775,14.8342863718821,7.24693938806987,7.63567884684973,-32.4188069575024,162.83335784961
2521,25.2,50.827,0.781001827506427,2.66693931599878,174.331541861599,110.897681048365,-51.4607652545489,14.6975553766426,7.22567680640345,7.62410636956982,-32.4571967098174,162.851972025861
2522,25.21,50.837,0.782917305073541,2.66977571741737,174.250555199776,110.859099362954,-51.3930320280174,14.644713771923,7.25845671787335,7.6124841453392,-32.3884961006781,162.84179848691
2523,25.22,50.847,0.77786972362634,2.68336569293385,174.263721280615,110.82276955244,-51.3592186491571,14.5902339511962,7.24577389565049,7.62026834684727,-32.4396150236387,162.86102236043
2524,25.23,50.857,0.778436860862867,2.69292600011194,174.268578574844,110.893519081576,-51.3229887707846,14.7576590080455,7.26304645645528,7.62157839958298,-32.4120316299766,162.830546038802
2525,25.24,50.867,0.774933509329543,2.71494795735913,174.285084191224,110.916035817812,-51.3235303231326,14.7712492620393,7.2494881346235,7.63860353429872,-32.4353615709782,162.861000918714
2526,25.25,50.877,0.775242132709163,2.71840853233866,174.291085597425,110.909541577042,-51.2764727824388,14.7304805075049,7.25290108472644,7.63363599855616,-32.392825070061,162.857574296286
2527,25.26,50.887,0.775030786305763,2.72166237819498,174.293017185867,110.926822471149,-51.2139433452131,14.7680888889922,7.25637473835645,7.63321392718617,-32.3715970039323,162.841410360229
2528,25.27,50.897,0.790767715606191,2.72704858636882,174.311265343445,110.866393650681,-51.1430922338634,14.7385670767312,7.2741426242745,7.63360265963305,-32.3683292912354,162.850374238655
2529,25.28,50.907,0.792846030192655,2.73919331616469,174.324905708674,110.82911303007,-51.0803800567701,14.7153237986776,7.27230325136944,7.63353544087046,-32.3789663122859,162.872585146451
2530,25.29,50.917,0.794598820686953,2.72824784351681,174.39385251803,110.8604100569,-51.0450791535382,14.7591438209568,7.25269839057814,7.62639873690731,-32.3982464532546,162.877625943554
2531,25.3,50.927,0.781300391364168,2.73743861913907,174.353746247717,110.837083260874,-50.9055210625468,14.6486959710804,7.24426613509253,7.61572478038816,-32.3848695028838,162.874459553516
2532,25.31,50.937,0.780592892612847,2.73221412673249,174.434922080859,110.914102986571,-50.8964050035954,14.7239640870852,7.25393038067417,7.61140769507345,-32.4204358290453,162.844475107323
2533,25.32,50.947,0.796132187412965,2.74500200906935,174.467567113749,110.946586752195,-50.8629664850348,14.7344766679565,7.25216512483607,7.61519113001669,-32.4771022851083,162.843454200139
2534,25.33,50.957,0.799456272641341,2.74840747183723,174.422764041094,110.930113319939,-50.6763100501135,14.7102246690468,7.28060411463638,7.60998073387774,-32.3652177828837,162.823363395679
2535,25.34,50.967,0.806841414431559,2.73660467584697,174.429281109866,110.953836734404,-50.541498651514,14.7387730777529,7.29074705681567,7.59066827078484,-32.34952976233,162.814491297628
2536,25.35,50.977,0.824543197540742,2.74088106244872,174.452890892621,110.88079353423,-50.3728222500285,14.6344744465019,7.31586751196202,7.58501368310825,-32.3494708701288,162.804398603103
2537,25.36,50.987,0.810305846306267,2.73827572201869,174.472419878771,110.821288561252,-50.1702429114327,14.5066928064185,7.30351736991255,7.57907185501696,-32.3697701092968,162.806350250031
2538,25.37,50.997,0.834607786061211,2.73654433990592,174.537944236775,110.835334664095,-50.0049158254697,14.493826931347,7.31988594143139,7.57065352492114,-32.4027063842175,162.829262558612
2539,25.38,51.007,0.836600421251367,2.73855729442364,174.499605308956,110.789836091535,-49.740404193029,14.3808631475132,7.32569938541697,7.55102024174854,-32.4003765506415,162.831212200251
2540,25.39,51.017,0.853456635987231,2.74408374170292,174.51599576028,110.744033976573,-49.5121563839644,14.2899896585838,7.34824380008884,7.55650455833745,-32.3657609910905,162.835168033878
2541,25.4,51.027,0.868727235752495,2.73820606738497,174.61297740104,110.810829542309,-49.3468398250553,14.3102702350079,7.32982931895908,7.54958846914825,-32.4893111054597,162.852118869713
2542,25.41,51.037,0.872119410916715,2.74928247569513,174.574086072842,110.765113531949,-49.0185254487175,14.1699045422895,7.35076195949349,7.54639795314578,-32.4383911351279,162.836304554399
2543,25.42,51.047,0.887208692535647,2.74185995792845,174.605636263865,110.744003390565,-48.7219821466501,14.109931152479,7.36036686401199,7.53218195044291,-32.4640467852394,162.824655814231
2544,25.43,51.057,0.910359267729708,2.72693513700378,174.626901131146,110.674945142759,-48.3246506274475,13.9529800595655,7.38183424956333,7.51179158066029,-32.4392383992798,162.811159918811
2545,25.44,51.067,0.930761106917874,2.71156304174326,174.710543124801,110.642381967158,-47.9489601950432,13.8063140798985,7.37095644795463,7.4975667937052,-32.5183913535524,162.847524526063
2546,25.45,51.077,0.93588648515457,2.70023843123461,174.679049415666,110.536399394068,-47.3808797614625,13.623639271261,7.38675359719247,7.4766601302033,-32.4350888330544,162.822169713076
2547,25.46,51.087,0.975492887300285,2.67835615165797,174.727324078511,110.526621587416,-46.9099947012,13.5716997367564,7.39077427572638,7.44659709236003,-32.4648092092082,162.845009278444
2548,25.47,51.097,1.00155570802635,2.66417892130525,174.760772601029,110.472933141139,-46.426562367458,13.4446549203536,7.39648842944966,7.42316020191966,-32.5599513075494,162.874053212882
2549,25.48,51.107,1.02630812838808,2.65145559484664,174.795795074491,110.194547474958,-45.8447597069172,13.0957777716828,7.40636474112032,7.41468432308103,-32.5592520894504,162.87208744085
2550,25.49,51.117,1.02503920261744,2.63183324166816,174.880207294189,109.886879912004,-45.1462103783108,12.659968434811,7.3640338166697,7.39860194528669,-32.594635160789,162.889893468506
2551,25.5,51.127,1.04795454379047,2.61458682987426,174.854611232332,109.62427912787,-44.3496458879189,12.2954122660603,7.38663472789855,7.37334712764583,-32.5476970067543,162.876291236681
2552,25.51,51.137,1.0700754386016,2.59999566399033,174.930161249647,109.422742341344,-43.6819999184087,11.9616778786259,7.3805255180858,7.35310879379486,-32.6429943195769,162.902771525433
2553,25.52,51.147,1.09103383168424,2.58368905069238,174.968731958004,109.242723335376,-42.9848541380904,11.7057383854183,7.37001299129773,7.32572950953926,-32.7030141873203,162.921047695625
2554,25.53,51.157,1.08126780700111,2.56681133996039,175.000987567759,109.142950553302,-42.2510711096635,11.3926015582074,7.33777652476914,7.3089712846393,-32.7192684808617,162.935814647405
2555,25.54,51.167,1.08945718578526,2.55331824855378,175.028579787935,108.957018073415,-41.5402147198378,10.8623577760021,7.33068636232769,7.2843384298524,-32.7064407330229,162.945150166931
2556,25.55,51.177,1.10091153003575,2.54685215835798,175.078610669609,108.832555538913,-40.8171842536278,10.5761065362253,7.32001111421326,7.27550888276088,-32.7266741361523,162.945916948769
2557,25.56,51.187,1.10021661098182,2.53567423787096,175.150475760795,108.695941924887,-40.0671652326716,10.2138936565624,7.2700140016949,7.25064140645624,-32.7709427802505,162.982102452734
2558,25.57,51.197,1.13114417550933,2.51988505193027,175.175658391831,108.466989975989,-39.1956444544186,9.88211897392859,7.29804548099226,7.23746863427291,-32.7249058211508,162.966620755506
2559,25.58,51.207,1.14293880288777,2.50412587765727,175.155089510451,108.189087306232,-38.4167972354461,9.53550786719357,7.30466706506392,7.20113597784433,-32.6843865084946,162.979788513612
2560,25.59,51.217,1.14962120456392,2.4749432514116,175.228413698045,107.96320607882,-37.5875474962977,9.15611157279749,7.26894905559666,7.174687225365,-32.7104734697957,163.001400355951
2561,25.6,51.227,1.16534973856019,2.44290126819645,175.267990328016,107.760191353814,-36.7598741976846,8.85164717388672,7.28036289433645,7.13346764724238,-32.7862083530796,162.984628163301
2562,25.61,51.237,1.17468079603765,2.42019287038304,175.311984836704,107.568624011811,-35.9536296672821,8.54367422181362,7.26906325330767,7.10470611634407,-32.754522785235,162.982724296964
2563,25.62,51.247,1.18349226876037,2.40808080542664,175.353584620677,107.411669406024,-35.1567239530941,8.25600067862588,7.26256325421983,7.08213871668431,-32.8038140428823,162.970196177771
2564,25.63,51.257,1.20470286524328,2.3943355365072,175.415012257438,107.230060582228,-34.3459279844679,8.04571512106019,7.25678014236234,7.06371102604269,-32.8182296855728,162.975360768692
2565,25.64,51.267,1.22163925452755,2.38525403456615,175.446811476628,107.020466917421,-33.4730054149334,7.75067848108227,7.26113903041783,7.04424909945697,-32.8121355252106,162.966054766748
2566,25.65,51.277,1.24727007432362,2.37381135049281,175.508929800539,106.730592399244,-32.599632809195,7.26078093533754,7.26423265794769,7.02513349720097,-32.825138511711,162.972107872187
2567,25.66,51.287,1.26060013658627,2.37101293042796,175.537895777893,106.36303580809,-31.613579036805,6.60382104357768,7.27732812076512,7.02232553279559,-32.8139607184632,162.956767404974
2568,25.67,51.297,1.28684721268602,2.34494746280998,175.591437913193,106.073132831146,-30.6480540134985,6.09306581801997,7.27457780444525,6.98570646838837,-32.8626775209613,162.986930206808
2569,25.68,51.307,1.3245488902989,2.33413704584788,175.653101829827,105.83292182434,-29.7357543191422,5.69312549154301,7.26423629869827,6.95879129746845,-32.8783449845056,163.025297298534
2570,25.69,51.317,1.35033524432896,2.31181707729093,175.674497651309,105.670270938662,-28.7983936675802,5.41095019954197,7.28693684177514,6.93511625779922,-32.8334027371859,163.017282103446
2571,25.7,51.327,1.38224919062669,2.29002090974061,175.756902569513,105.5132707473,-27.8742056422231,5.14284890494788,7.26626418503942,6.90806379131952,-32.940124585823,163.049222043944
2572,25.71,51.337,1.4056718078691,2.28258773363497,175.821501701751,105.356789433055,-26.9199935948186,4.92497869136161,7.25286782943418,6.90241873543481,-32.9778712260723,163.051192295971
2573,25.72,51.347,1.44259583606568,2.26810298111339,175.866786946499,105.136210196462,-25.8881842392582,4.63265935329565,7.26707428320908,6.89027868984331,-32.9924637661226,163.028327103019
2574,25.73,51.357,1.47329633285694,2.24504956431896,175.923477076858,104.927281850041,-24.8693224820397,4.33092141466327,7.26454964349455,6.8640735512043,-32.9783180270406,163.032959525993
2575,25.74,51.367,1.50439850697104,2.2226159913181,175.96827705357,104.682534798159,-23.8327535412779,3.99215220625032,7.27358408431739,6.84181020476778,-32.9824888512987,163.014629126614
2576,25.75,51.377,1.53532319774111,2.19256330902621,176.019823348656,104.493873100496,-22.8800199926547,3.65734645489631,7.28149668010486,6.80609632819934,-32.9744758034163,163.03011443883
2577,25.76,51.387,1.55271741250776,2.1677962682599,176.094490783725,104.32125764618,-21.9983107706414,3.3502002708341,7.26429808471138,6.77943986621372,-32.9933696323542,163.038704923527
2578,25.77,51.397,1.57938179131771,2.15759954789784,176.137029808797,104.175214721286,-21.109821662251,3.03103770453576,7.26220133565713,6.76758298574548,-32.9556898716679,163.049412028444
2579,25.78,51.407,1.60356729545719,2.15649708363293,176.19230756812,104.034695641002,-20.2377029869197,2.73580647887793,7.26242672441451,6.75723193460844,-32.9655568293434,163.042695831413
2580,25.79,51.417,1.62795482899707,2.16169555411438,176.26428164775,103.872836214363,-19.3697056955259,2.43095601685117,7.26458069361988,6.75914222316572,-32.9824014470665,163.040628705281
2581,25.8,51.427,1.64940100897599,2.17046028658102,176.316649913496,103.771150758986,-18.3240802160153,1.96024874323261,7.2858155391768,6.76298976649392,-33.0016441535307,163.030709246683
2582,25.81,51.437,1.6725016543585,2.16725272719577,176.401748614245,103.612630026671,-17.4781326739855,1.70768963557844,7.24834144039521,6.74360116710667,-32.9910027638507,163.064531852333
2583,25.82,51.447,1.68984551817399,2.16820618400998,176.467622900129,103.431588533717,-16.6507840958622,1.37940142028771,7.2589355827939,6.73907446787457,-32.9561327069293,163.040974326452
2584,25.83,51.457,1.72419120935751,2.16178360737392,176.532279609397,103.276561064015,-15.9018923615977,1.11015348138713,7.25630376117,6.7276381191305,-32.9369001960164,163.06590577504
2585,25.84,51.467,1.75352707912374,2.13495482630483,176.591155588757,103.131170787782,-15.1752039948001,0.896379452963758,7.26332118749919,6.69678859232759,-32.9199504059253,163.056422203932
2586,25.85,51.477,1.7649744493799,2.14325680326617,176.643104084336,102.999215262977,-14.4679340667737,0.632685318069887,7.2684403051736,6.70205136697978,-32.890750467652,163.040821615117
2587,25.86,51.487,1.78565461699228,2.13988844072022,176.720481278505,102.865126065042,-13.7569242807581,0.373219849744095,7.25040989173351,6.68739660981965,-32.9154099162139,163.061929182476
2588,25.87,51.497,1.8044908832227,2.13970273965883,176.779249002357,102.732221760891,-13.0542611970428,0.114522520083514,7.25283702464891,6.68151471202156,-32.928977242618,163.065832007734
2589,25.88,51.507,1.83787016711017,2.15277196723105,176.862596511974,102.586554497564,-12.3857771989898,-0.121616860205264,7.26264379997379,6.69093536493887,-32.9680152609988,163.06729464477
2590,25.89,51.517,1.85507584958034,2.13577874298428,176.92297244398,102.469822899221,-11.7507803716297,-0.333889075143252,7.25420683732827,6.66161287775605,-32.9540346706344,163.07879490842
2591,25.9,51.527,1.8777592598124,2.14284673859292,176.985300548975,102.359605980445,-11.143907283063,-0.530387873731676,7.24476799451029,6.66816446030857,-32.9816656851921,163.09230400173
2592,25.91,51.537,1.90201736256199,2.13267018550653,177.048802749857,102.261033277136,-10.6078916720714,-0.711691253089726,7.25317169899875,6.64402839010591,-32.9876044610621,163.090514164976
2593,25.92,51.547,1.92516237318231,2.13429892664346,177.107570175584,102.16046518916,-10.0729233341833,-0.925174700969819,7.26489256536904,6.65242923201447,-32.9660574961027,163.086075673081
2594,25.93,51.557,1.93301616558059,2.12999843799992,177.148492842147,102.090459694618,-9.48879728448184,-1.07006705554951,7.2647367624086,6.64439233190958,-32.9515729792955,163.093738219802
2595,25.94,51.567,1.96318745478675,2.11866860362571,177.235970506242,102.026912224862,-8.96919876751111,-1.17249252237804,7.2484067335453,6.63059905090166,-33.0244347459752,163.106229867036
2596,25.95,51.577,2.00145689272482,2.11871106085721,177.29775978992,101.906935255282,-8.44981249904703,-1.21688221781456,7.26468685075042,6.62827266280929,-32.9848134706233,163.125148765899
2597,25.96,51.587,2.00470332941338,2.08640007187518,177.340599289121,101.825976359322,-7.93325182174257,-1.27538247327286,7.25591620717498,6.59456047122788,-32.9830515655954,163.132002546355
2598,25.97,51.597,2.03310042029719,2.06742269803766,177.404469762897,101.730988424243,-7.47232602925838,-1.32066066465226,7.2570728346261,6.57224508141544,-33.0114392440847,163.129016507125
2599,25.98,51.607,2.0617467510939,2.04672403681899,177.47083406629,101.610411989863,-7.03521439622313,-1.44935175375591,7.25420254656002,6.56855202674142,-33.004769671687,163.147414801503
2600,25.99,51.617,2.08347230943117,2.04284802466096,177.538247101614,101.49757407904,-6.57252072262366,-1.58714795271404,7.25226449889882,6.56301607465149,-33.041192011768,163.145529985623
2601,26,51.627,2.09685764958658,2.04523464050632,177.588961759959,101.389295636181,-6.111574607644,-1.69735228484239,7.25700187381561,6.57486270386774,-33.0073530946978,163.1352162493
2602,26.01,51.637,2.1176348688964,2.03722403369191,177.636111379161,101.262194351457,-5.66061992933229,-1.87044076918755,7.26562812343427,6.56726606932073,-33.0769738264186,163.133840998145
2603,26.02,51.647,2.13464185024362,2.00482728128091,177.680165304578,101.186687915086,-5.20883934205539,-1.96239649662067,7.28066205164164,6.53396665938861,-33.0452464572054,163.121461034216
2604,26.03,51.657,2.1542955468684,2.00151045507306,177.730495548881,101.113710252666,-4.81964655867905,-2.06550339411149,7.29308457198388,6.53192925585497,-33.0271325866587,163.096915220441
2605,26.04,51.667,2.15439460919183,1.98077637982521,177.786047950856,101.068490040782,-4.47549781544629,-2.14850239675084,7.28214951864301,6.51564940739819,-33.006422911987,163.100365186655
2606,26.05,51.677,2.16296497026055,1.95802131133227,177.836918597208,101.019482183124,-4.14570067001064,-2.24718367127508,7.268883251337,6.49861915701414,-32.9400567378611,163.104639247531
2607,26.06,51.687,2.17118723163852,1.95533030440761,177.901484381938,100.991321601263,-3.8779725645069,-2.33168457225852,7.2533617847614,6.49792791275916,-32.9610817999207,163.109415193569
2608,26.07,51.697,2.17951547008985,1.92821192322146,177.966900072134,100.954206300783,-3.62935130166823,-2.40126928553866,7.2377194170279,6.47241203809779,-32.9572624958725,163.100597141293
2609,26.08,51.707,2.18447472148247,1.91008771619178,178.025028524041,100.92788046569,-3.41588708790904,-2.44104528000831,7.22371482089899,6.45515451438242,-32.9734531916961,163.118111391173
2610,26.09,51.717,2.18861196144027,1.89795758070832,178.060946205569,100.900562870599,-3.19861035969034,-2.46256204132803,7.21664159390392,6.4471319936644,-32.9937002602046,163.110206952821
2611,26.1,51.727,2.18991072731476,1.88972350272134,178.079789865724,100.878262074674,-2.99733572940506,-2.50478593033698,7.24465338444451,6.45264770160051,-32.9728096818102,163.091135559259
2612,26.11,51.737,2.20690946460376,1.86897693815483,178.14848779291,100.844309484502,-2.85282337709876,-2.50553889187397,7.22919375255409,6.42345611125849,-33.015296979809,163.11537500472
2613,26.12,51.747,2.2199973774269,1.85961200374423,178.20289333621,100.817271890623,-2.70667804145712,-2.50205845699685,7.2197429604085,6.42111145439809,-33.0756612965977,163.143687448466
2614,26.13,51.757,2.21869134354449,1.83619124083393,178.235242055176,100.817253845921,-2.56665534228108,-2.53701246110768,7.22979978244526,6.41236259407991,-33.0065108323493,163.109065422494
2615,26.14,51.767,2.22177841869886,1.83334005550879,178.266268371661,100.805496548858,-2.4800529129802,-2.51376885170143,7.24008639496156,6.41692766516748,-32.9945271773474,163.102536724641
2616,26.15,51.777,2.23266948284595,1.81676399392378,178.33084978327,100.798226555608,-2.40783777120248,-2.53257838570986,7.22099811056172,6.40607375414199,-33.0126410383633,163.118183664719
2617,26.16,51.787,2.23667925955261,1.79985676073669,178.345887850919,100.796256738205,-2.3165575337387,-2.48150353724246,7.23801412024468,6.40032070968788,-33.0133161687018,163.119112053693
2618,26.17,51.797,2.23397862848213,1.79901313310481,178.388810010422,100.785451022144,-2.22643139068007,-2.48606571495241,7.23146054810701,6.40818615540803,-33.0355310799765,163.114711024136
2619,26.18,51.807,2.22707583396358,1.77711689075577,178.433000521164,100.786168553968,-2.12711189086857,-2.48046790492188,7.20409482006888,6.38951433714153,-32.9873533442508,163.129464037723
2620,26.19,51.817,2.22854602475231,1.77048729673383,178.460110160396,100.770491985888,-2.02794232803158,-2.49207164731791,7.21873532185918,6.39116259943945,-33.0207979360429,163.097476677752
2621,26.2,51.827,2.20145907070518,1.75581454809933,178.501534832824,100.78939626677,-1.94205684350619,-2.47565474929858,7.18231487594345,6.38918700323766,-33.0080550553222,163.106313804273
2622,26.21,51.837,2.1913274978846,1.7432508557001,178.543641384181,100.824675185324,-1.84055911311845,-2.55195322585869,7.17437058386018,6.3919126837644,-33.0278157141912,163.094004481331
2623,26.22,51.847,2.19592927511433,1.73277048411007,178.578663808021,100.809435644038,-1.77714045012302,-2.55239585070999,7.17988891083307,6.3888058814377,-32.9565861326332,163.220803395253
2624,26.23,51.857,2.16745674450237,1.72296597969794,178.602887507604,100.839791107716,-1.70997835242048,-2.55145698038859,7.13590699346334,6.37255128684128,-32.9852781738204,163.292823558444
2625,26.24,51.867,2.16738431984534,1.70839091967129,178.639539356174,100.834240611787,-1.64463214631764,-2.52420975196141,7.13586745090862,6.36255652979804,-33.013271932256,163.323347226201
2626,26.25,51.877,2.1444331299805,1.7066652341334,178.66283018091,100.853981554204,-1.57306684248617,-2.52903339465018,7.12112220574672,6.37543020693979,-32.978771707148,163.316755399023
2627,26.26,51.887,2.13320071634991,1.67949399992049,178.72051796754,100.858002696452,-1.53944441287544,-2.52323508719539,7.07558305070699,6.34440365701147,-33.0456253170027,163.386865899546
2628,26.27,51.897,2.13445321209317,1.68363805161221,178.740661906878,100.817969340481,-1.4842840665775,-2.53869005219307,7.07974096637306,6.35252804425162,-33.0039206570756,163.409463090425
2629,26.28,51.907,2.1313488412194,1.65917149287771,178.751544112196,100.785828632928,-1.4036088291672,-2.49972573784182,7.10287979823439,6.34438316323942,-33.0094870244826,163.382062057323
2630,26.29,51.917,2.12008809915051,1.6632603536213,178.803212974585,100.764631747498,-1.3850395328199,-2.50483236024915,7.06972359217642,6.34802889425668,-33.0660323246113,163.405696331586
2631,26.3,51.927,2.11023112122151,1.64990374200379,178.830880843048,100.739464051511,-1.34439765748405,-2.50967714694383,7.0674257179881,6.33952982317788,-32.9866585649186,163.403543017547
2632,26.31,51.937,2.10975465876308,1.65445093741445,178.878897246684,100.715190405196,-1.32449003048965,-2.52487772241643,7.05175640700936,6.3514745974509,-32.9937903819836,163.400794028035
2633,26.32,51.947,2.0932019995367,1.63347866857636,178.895663243414,100.706943769692,-1.26084428821863,-2.49993380363938,7.03268300804402,6.33496264439171,-32.9773506659356,163.420997457602
2634,26.33,51.957,2.08877261975231,1.64673129302601,178.927337176448,100.684033782891,-1.23063594633825,-2.51523021803845,7.02327138423973,6.35704212149841,-33.0133012791341,163.376719421046
2635,26.34,51.967,2.08032422840086,1.63421550905533,178.965526494956,100.679326810081,-1.19011917095133,-2.48587762414522,7.00336822166389,6.34668217290425,-33.0228699695626,163.404638742375
2636,26.35,51.977,2.076984795934,1.6350473999517,178.999569186132,100.664445046502,-1.1559935912398,-2.52745634244869,7.0003034512249,6.35073112176473,-32.9929762060604,163.429809093708
2637,26.36,51.987,2.06033900341178,1.62250992939349,179.007415221689,100.651549564137,-1.08691742696253,-2.51421660412296,6.99074427940148,6.34445202996659,-32.9477294463292,163.414037618628
2638,26.37,51.997,2.03810447500829,1.62342320352512,179.052299574702,100.646217721256,-1.05503416715995,-2.52968035619639,6.9578454646244,6.34468762861374,-32.9988509983107,163.371014593637
2639,26.38,52.007,2.0268430695247,1.61260150519187,179.087429078751,100.613082463373,-1.04884115644542,-2.56410924523525,6.92919747121401,6.32909471155746,-32.983873859696,163.444959894463
2640,26.39,52.017,2.03060179183989,1.63062651194766,179.111345582325,100.576833869337,-1.01933338221966,-2.57241513807994,6.95259677163263,6.35455545661783,-32.9488425757373,163.412961912376
2641,26.4,52.027,2.00492673707194,1.62150064960091,179.13765004972,100.583060136332,-0.99575729235297,-2.56162067693315,6.92548404859384,6.34485254952759,-32.9604033486127,163.423118897889
2642,26.41,52.037,1.98632529433651,1.61690465197689,179.155857963333,100.585707054786,-0.975498831638562,-2.53865865231779,6.91933642748917,6.33246340006105,-33.0118250011447,163.432210196542
2643,26.42,52.047,1.97600116860875,1.63966444955948,179.170131219145,100.567124422026,-0.92567756355271,-2.55360580465292,6.92031684836646,6.35717172411552,-32.9758900259156,163.400076085799
2644,26.43,52.057,1.96581379472078,1.62330663543233,179.214786444064,100.562367618382,-0.922019441236988,-2.53817643632441,6.88591548430176,6.3334040904336,-32.9572300746498,163.442335666415
2645,26.44,52.067,1.94843746030564,1.63894049240691,179.224843984853,100.550472562415,-0.873358781704638,-2.54327734288477,6.88752906350847,6.34176168979519,-32.9360834302924,163.44591858832
2646,26.45,52.077,1.94264030595366,1.64703297006072,179.253086191609,100.490664310528,-0.86772620135381,-2.69250163131145,6.89166322732342,6.35409526886695,-32.9109841370728,163.424414651888
2647,26.46,52.087,1.92331601884522,1.63691263275301,179.273477812062,100.486839639949,-0.84104432170215,-2.65584335854738,6.87709048449769,6.33859419699256,-32.9428072509307,163.440676469386
2648,26.47,52.097,1.90416966000257,1.64983381185012,179.30674606657,100.466678147056,-0.820813906804179,-2.66502739679069,6.85791755716199,6.34931586523089,-32.9456815751345,163.422789526758
2649,26.48,52.107,1.89152889349932,1.66523135379016,179.327234396144,100.45903469657,-0.805837069975666,-2.67365150165199,6.85027886901506,6.35765377036081,-32.9287709472207,163.418707095447
2650,26.49,52.117,1.87301955389692,1.67438944473477,179.338222078615,100.438091108724,-0.820715012191797,-2.69650173043587,6.84381540381266,6.35797468384414,-32.897775978107,163.414194491371
2651,26.5,52.127,1.86806736651486,1.68602140966371,179.383720805159,100.422016448605,-0.850193932478768,-2.68199492300477,6.82142269845569,6.36463819927505,-33.0070396479177,163.450327258833
2652,26.51,52.137,1.84169715303285,1.68792207202168,179.401716164471,100.430545322999,-0.861483093950225,-2.68918588218816,6.81049605784271,6.36840558859573,-32.9556169950918,163.40475500628
2653,26.52,52.147,1.83150296448221,1.6892493051852,179.415996220258,100.397843618187,-0.830656986883471,-2.65910401738046,6.81828230368612,6.37369938620513,-32.8782045667094,163.411212794016
2654,26.53,52.157,1.80876069609264,1.68531859767155,179.448011378383,100.381344177158,-0.811812312072385,-2.66746487761772,6.7776186999311,6.35780975061295,-32.9587930205475,163.439141929559
2655,26.54,52.167,1.79618010804068,1.68766227203463,179.453734027111,100.36568231789,-0.772868457305512,-2.64480345361412,6.80038528341087,6.36733019223659,-32.8738664789838,163.387335226941
2656,26.55,52.177,1.78326424936984,1.69666571481311,179.48818556989,100.3436546254,-0.777709842761449,-2.67598087344963,6.77361742078112,6.36987619999194,-32.936234888178,163.412328043929
2657,26.56,52.187,1.76357173615878,1.70216134222708,179.477360626502,100.33088798725,-0.704322816561998,-2.6954247057967,6.78792585773919,6.37047540507484,-32.894555742063,163.38585278685
2658,26.57,52.197,1.74416272775721,1.70211413108753,179.515658089687,100.32567775774,-0.678019941443409,-2.69277035732289,6.75879022517068,6.3683731976339,-32.9428409642859,163.380296236283
2659,26.58,52.207,1.7199492157135,1.70756849822385,179.520360895609,100.317738907447,-0.658650663703975,-2.70372535139593,6.75477511089683,6.37988346483299,-32.8922036086482,163.385091153488
2660,26.59,52.217,1.69971784359311,1.71063491742617,179.530625584199,100.306545024668,-0.609694535602176,-2.72108479525952,6.75171370397316,6.36929322119529,-32.8974070002245,163.37571847003
2661,26.6,52.227,1.6822256140791,1.70766600776988,179.52472669688,100.254521040782,-0.580496604675704,-2.80045260716661,6.75324324116149,6.36225812769933,-32.8669151815907,163.381239878896
2662,26.61,52.237,1.65927607060474,1.71314789563072,179.535884188239,100.251833018227,-0.578930340071897,-2.80778757180473,6.73758097973837,6.3663700642837,-32.8744432229699,163.362628270248
2663,26.62,52.247,1.63033730308786,1.72189075472014,179.55331169059,100.222739908688,-0.594452204251047,-2.80777978378143,6.70855891689202,6.36968839609965,-32.9124871016329,163.393691846987
2664,26.63,52.257,1.6133007216953,1.72119170599833,179.572949946167,100.209675444133,-0.580817026897317,-2.79958484417865,6.70145099897129,6.3660418699478,-32.9344863172377,163.376080468829
2665,26.64,52.267,1.57556902008083,1.7169129417858,179.563097379955,100.193754200748,-0.545086838934029,-2.78910660084411,6.69194215089977,6.36451534417947,-32.9197547213846,163.374578842181
2666,26.65,52.277,1.56776692143811,1.72093233271267,179.580279963496,100.1573985886,-0.530413527596836,-2.76982429512045,6.68352525364443,6.36499450452219,-32.9208616842938,163.365482992597
2667,26.66,52.287,1.54341053660134,1.71844344825604,179.583037927162,100.145399995546,-0.509942896354421,-2.76979691961014,6.68488477226092,6.36588409834211,-32.9054495785456,163.366009798502
2668,26.67,52.297,1.51621419968238,1.71047486823539,179.590026992883,100.153962292894,-0.503778272648791,-2.74617141287369,6.65701347294263,6.34950466947123,-32.9366905634901,163.354491715999
2669,26.68,52.307,1.48843362375294,1.71741853921874,179.567713741799,100.149003764037,-0.452717816523564,-2.74437263423285,6.68187940336452,6.36478795996827,-32.8391101992938,163.314873369925
2670,26.69,52.317,1.46002759854834,1.72449930021641,179.591194224799,100.14336373112,-0.466627017924301,-2.75795837273051,6.65251781937602,6.3686336450422,-32.8603190030753,163.323229737137
2671,26.7,52.327,1.43495048967713,1.71968686601038,179.589516630248,100.131608899942,-0.461425649605014,-2.75604278252838,6.65944919112979,6.35576411730635,-32.9148836918784,163.277713821431
2672,26.71,52.337,1.40634488653954,1.7235890583955,179.594500734439,100.128282378208,-0.444226147224655,-2.75281869512324,6.64352459614704,6.36702146610458,-32.9162822068202,163.279929689818
2673,26.72,52.347,1.37679005265677,1.7323276752495,179.585813808651,100.116307104222,-0.424014507488357,-2.76642778497873,6.62673063937468,6.36910860702815,-32.9256084568332,163.278301433446
2674,26.73,52.357,1.34615836965207,1.72881374895528,179.582578642959,100.118113811936,-0.40735486368305,-2.69776918223774,6.61599379169867,6.36785325557987,-32.8983949550494,163.274613944344
2675,26.74,52.367,1.32282663284216,1.73003073472107,179.600253467931,100.116299603415,-0.390666194653884,-2.69290213162006,6.60765527556441,6.37272684366598,-32.9195103893447,163.246870009729
2676,26.75,52.377,1.3102369124153,1.72522023550281,179.596511409548,100.112586059668,-0.329569976097314,-2.68047544121119,6.60502957869681,6.35595734407019,-32.9488729417631,163.251945837242
2677,26.76,52.387,1.30007933323118,1.72776662633121,179.588155871779,100.065798371043,-0.29758463149276,-2.74639104276946,6.62459051495735,6.3660573545485,-32.9363407717704,163.230900097202
2678,26.77,52.397,1.2548009162481,1.72330204912984,179.603298122715,100.092993059636,-0.283374845797569,-2.72137388485479,6.57148564633841,6.35459387367136,-32.9757322071168,163.248305032868
2679,26.78,52.407,1.22887703480691,1.73022742594336,179.599879988938,100.056886995266,-0.252320365714356,-2.81709207605361,6.56411094682299,6.35951954544584,-32.9583089846478,163.26067709537
2680,26.79,52.417,1.20198642009881,1.73145225497059,179.603339411795,100.049600250907,-0.249853867768714,-2.81410982337627,6.54925984751928,6.35880543224094,-33.0024698314527,163.242870711329
2681,26.8,52.427,1.1756652522216,1.73005383626826,179.593439800919,100.032310039049,-0.225368997935998,-2.80896530715472,6.55402412530725,6.36197710180441,-32.99607162965,163.226107439829
2682,26.81,52.437,1.14668495442478,1.73154681664915,179.614633511618,100.029871135224,-0.249286043715189,-2.80916467933851,6.53130389491058,6.35780065706997,-33.0337176401099,163.23039491967
2683,26.82,52.447,1.11961603249955,1.73173654320739,179.614085682841,100.017696121914,-0.240319757196843,-2.74843942284673,6.52516242104376,6.36349142237443,-32.9965270511776,163.212150942722
2684,26.83,52.457,1.08757992012502,1.75219316451883,179.618225131705,100.008593028625,-0.244326960715303,-2.83321620010583,6.49617824206645,6.37605007355847,-33.0310230454382,163.227228668244
2685,26.84,52.467,1.05679365649605,1.75060819457013,179.621269605408,100.021119125838,-0.250675902213205,-2.82695201687405,6.49313835734922,6.37835634926921,-33.0265135946287,163.211156817213
2686,26.85,52.477,1.02084198276802,1.75252778127617,179.607120084587,100.052453101483,-0.225422827493292,-2.81754357665219,6.490309404933,6.38057468405026,-33.0052373409557,163.187488319611
2687,26.86,52.487,0.979564083806221,1.7617275482129,179.629320542149,100.087034086442,-0.223688347342058,-2.8437385365416,6.45427356759457,6.38363603684375,-33.0798527738518,163.196078141577
2688,26.87,52.497,0.925643858135575,1.76641897868193,179.62067955095,100.129444481125,-0.194973801521907,-2.8848291889937,6.43964590486935,6.39269293476437,-33.0311257605912,163.152160888172
2689,26.88,52.507,0.879915174884055,1.75820690557907,179.631615358778,100.174551985384,-0.190099334865616,-2.88831844849309,6.4033556201983,6.38092356171429,-33.1003323031159,163.174431831922
2690,26.89,52.517,0.839072395883814,1.7594529144436,179.62713761243,100.214085987929,-0.140901158750321,-2.87396974142934,6.40324350290874,6.38278610818773,-33.0640172095517,163.147416121779
2691,26.9,52.527,0.783725682049466,1.75731378708918,179.609737635002,100.261135751541,-0.084324937497782,-2.85193866767339,6.3728974920159,6.37917989314648,-33.1033352082545,163.14688928418
2692,26.91,52.537,0.745473136171831,1.74492168936658,179.637680756666,100.292082575834,-0.0808552823627929,-2.79681408395395,6.34533379618194,6.36900450096256,-33.1129556626284,163.152254211709
2693,26.92,52.547,0.701914793974588,1.75044784684494,179.643739567555,100.301383582997,-0.06759290028523,-2.83449958217619,6.31673417583437,6.37577096187942,-33.1356956269832,163.166834000776
2694,26.93,52.557,0.663191089167864,1.75131067628143,179.616385456188,100.309798423997,-0.0183096158715088,-2.85284175959735,6.3400661633963,6.38279807789635,-33.1314289560894,163.131008320543
2695,26.94,52.567,0.614742585009076,1.74865344416435,179.634990163265,100.338755062904,-0.013164154859617,-2.80735135558456,6.29713206123661,6.38006253004069,-33.1618157793468,163.153967915092
2696,26.95,52.577,0.57803189648407,1.73532969930058,179.654190720902,100.340397656275,0.0119518332372858,-2.77856492561416,6.27276578042065,6.36515893647019,-33.1694071095198,163.150650322075
2697,26.96,52.587,0.542262418563302,1.73462463893759,179.647249934478,100.324702617134,0.0129152731854825,-2.82585830094071,6.26613582421243,6.37022254147122,-33.1785124219848,163.132910753873
2698,26.97,52.597,0.495544138738333,1.72281286867286,179.656632695434,100.313382739025,0.0395652735196083,-2.85347198772139,6.24815654510313,6.37397760811525,-33.1479660003189,163.111267137611
2699,26.98,52.607,0.463731369313187,1.72303100282363,179.654881801646,100.302878383807,0.0473560218630534,-2.85549871200057,6.2457673188977,6.3712628579445,-33.1839526686811,163.100385174156
2700,26.99,52.617,0.433197784272797,1.72932167169854,179.656259426073,100.29248620053,0.0903053286949595,-2.8590994224145,6.23768610735927,6.38613352075653,-33.177723314145,163.079202591551
2701,27,52.627,0.394486856057977,1.72492042528727,179.663145156714,100.2928090711,0.105897674997693,-2.85208524522313,6.22371585095148,6.38968863141265,-33.1755448491567,163.08271071818
2702,27.01,52.637,0.362969604993316,1.71940168037079,179.669416601279,100.29461932904,0.109105968830653,-2.8423704599978,6.2119858207717,6.37470100672591,-33.2049518794711,163.09393507237
2703,27.02,52.647,0.323527155313646,1.71746779368112,179.691234155046,100.297228579658,0.130655157043185,-2.82093636789489,6.18431242388543,6.37099462259835,-33.2190240883776,163.080317926623
2704,27.03,52.657,0.303018321788524,1.74186355620685,179.698459833092,100.310356718676,0.160401789981377,-2.79499438756756,6.18608128472103,6.3998740593008,-33.1755852176359,163.070557043404
2705,27.04,52.667,0.259741594395848,1.73621666632551,179.701152594159,100.305677493839,0.187290129864881,-2.84670671119041,6.17044990944185,6.395380180712,-33.1816967428914,163.073878107361
2706,27.05,52.677,0.241314108519783,1.74387972436653,179.703923695932,100.295529704107,0.20369996496248,-2.85990274102606,6.17305539557191,6.40411344888387,-33.1702547588483,163.08116888888
2707,27.06,52.687,0.216743780120541,1.75041806116334,179.719464420192,100.315709251518,0.213279045067006,-2.80317928024382,6.15311742814715,6.39488489382289,-33.2122480456384,163.103498080801
2708,27.07,52.697,0.187730899053884,1.77185549927271,179.732317698266,100.300297407187,0.203574998959036,-2.88809127068191,6.15300199167539,6.42308177127803,-33.1936829801865,163.067590812622
2709,27.08,52.707,0.162380186717143,1.78178169474227,179.751230670547,100.31762194644,0.226490835830161,-2.82118667410359,6.13260622247011,6.43396431374822,-33.2270076515995,163.079040932235
2710,27.09,52.717,0.141478377497054,1.79602587754584,179.753288635705,100.328489060489,0.268143636001617,-2.80761585634426,6.13422594855807,6.44679465372459,-33.1811935336471,163.060763647002
2711,27.1,52.727,0.126358132533422,1.82297451334589,179.742088955001,100.307726509957,0.266673350209535,-2.833376836321,6.14317031139042,6.46253276158927,-33.2348122965756,163.028147615979
2712,27.11,52.737,0.122274385585917,1.83751068481104,179.774479886788,100.309836230501,0.305358873038586,-2.79406184908979,6.14017647875826,6.46895661778623,-33.2546225825386,163.045563627291
2713,27.12,52.747,0.102822319621995,1.87082322746532,179.770919849471,100.29096384971,0.308322471770344,-2.85781632096983,6.13280605525667,6.49466512965173,-33.2654367193099,163.05819489469
2714,27.13,52.757,0.101209778188731,1.89426420044439,179.793548210343,100.282654315839,0.307976511394153,-2.85241831980398,6.12292680993162,6.50048804671855,-33.2981641438819,163.05493771208
2715,27.14,52.767,0.0835682580045045,1.90350813918294,179.815985919331,100.27625081971,0.309504684719675,-2.85908450914254,6.09591284600324,6.49343954889565,-33.2658700590246,163.067821060222
2716,27.15,52.777,0.092556237463896,1.92943641594826,179.819055629182,100.252750281076,0.335125108931601,-2.84905923019699,6.10438307350616,6.4983314883673,-33.2252997208108,163.055971758988
2717,27.16,52.787,0.0945915287352839,1.96284253489973,179.82186977166,100.221057240089,0.372765512065465,-2.84157213839021,6.10608655958052,6.51317680101316,-33.218099555541,163.07403287984
2718,27.17,52.797,0.111456377792526,1.98305983346316,179.843041190596,100.178760222456,0.403692349915437,-2.83755735955469,6.1187012166079,6.51517366335855,-33.2216012717553,163.055805744018
2719,27.18,52.807,0.118808935858583,2.01874158860154,179.847267057305,100.158105914853,0.461536750981027,-2.78226616813045,6.1086189253012,6.52803478388026,-33.215482999415,163.095753086521
2720,27.19,52.817,0.122102879032694,2.05176366128468,179.87585323465,100.137135971912,0.438500660984481,-2.7746423236748,6.08824101106646,6.54728366212807,-33.2106893697961,163.090291822224
2721,27.2,52.827,0.136118604703011,2.0885052114757,179.885123454547,100.103689434843,0.496795433760658,-2.78267829584901,6.09697679306044,6.55209667758095,-33.2246500842044,163.101367323575
2722,27.21,52.837,0.157192191106388,2.12292227576017,179.874698795082,100.061303111778,0.553875750066453,-2.78144667498748,6.10161327026409,6.55448983900521,-33.2289150363576,163.106881378204
2723,27.22,52.847,0.177252019928834,2.16313628844894,179.887280066073,100.021110620545,0.613987066383861,-2.74638438312281,6.10479884048758,6.57878229131588,-33.2154148026518,163.115654606518
2724,27.23,52.857,0.196920504841221,2.19567679788848,179.911085019991,99.9851004912516,0.624105869349847,-2.71561948379505,6.09749349764158,6.58316546532612,-33.2137661640267,163.129461523276
2725,27.24,52.867,0.220977217108008,2.235999253335,179.942611731965,99.9737596654629,0.656485358275291,-2.72330494979062,6.09680762536386,6.59276935526477,-33.2145025043294,163.123055641533
2726,27.25,52.877,0.248686074993352,2.28368004328066,179.963337085519,99.9467420428015,0.727779125159208,-2.72358998011705,6.10057711189569,6.61069980316296,-33.1765646290302,163.111165100117
2727,27.26,52.887,0.271933687496004,2.31914246940691,179.988813359315,99.9670707344153,0.786559419780397,-2.6650446249281,6.10173032812753,6.60858752785899,-33.1850748124245,163.099173695742
2728,27.27,52.897,0.30072443428337,2.38244967122703,179.995095328756,99.9387736024524,0.77534689660823,-2.71114202271251,6.14537955967941,6.6547261976396,-33.0751204967763,163.058879516233
2729,27.28,52.907,0.31772629084365,2.41975617691828,-179.96967903549,99.9482494568429,0.822332919884606,-2.64727515889504,6.12677447593649,6.65310059087075,-33.1303782818821,163.098314563354
2730,27.29,52.917,0.338891074044771,2.47451012991338,-179.932039227516,99.9049403568814,0.903443340569742,-2.72421090937764,6.11470415934355,6.66186660950934,-33.1114066390313,163.096837741573
2731,27.3,52.927,0.365509707321925,2.54391555916813,-179.919332065107,99.8778138604702,0.935351194925017,-2.74297055094343,6.12016151907647,6.69382301662523,-33.0833153172489,163.13059120031
2732,27.31,52.937,0.393256760338057,2.6038906540547,-179.905168516414,99.8863462699516,0.961228000635116,-2.67955177212829,6.13479921949347,6.70458880335472,-33.0587140668775,163.12572713931
2733,27.32,52.947,0.416698918640036,2.66323051971873,-179.883814356779,99.8672263825091,1.03104211513686,-2.65641454117024,6.14208538117113,6.71905903081715,-33.0225095280049,163.144962656846
2734,27.33,52.957,0.448009206715077,2.74179850742385,-179.863928329706,99.8269537902427,1.06510272260222,-2.74328454126553,6.14236639819407,6.74062903578998,-32.9642411612956,163.136973407384
2735,27.34,52.967,0.487383275606638,2.81596065946467,-179.851491519032,99.8242389182914,1.06451093610537,-2.67096673826561,6.1774565231075,6.76814009103713,-32.9985410438621,163.143994004978
2736,27.35,52.977,0.52155466037581,2.89221643954161,-179.821854789494,99.8393581005137,1.2220332441261,-2.61085431978013,6.17508290635078,6.77664374187615,-33.012867005568,163.175826963853
2737,27.36,52.987,0.552256533881272,2.95642205924983,-179.797388090305,99.8069223046388,1.27097849556696,-2.55327303998291,6.18002907275788,6.7902098475923,-32.976620605036,163.166416250248
2738,27.37,52.997,0.600002287071054,3.03893447353741,-179.784603335173,99.7599218958134,1.35010295653149,-2.54025985725479,6.21413581788216,6.81157758397101,-32.8952465779599,163.156393827152
2739,27.38,53.007,0.632983023703383,3.14107269826524,-179.776676731718,99.7264579319299,1.43428099951889,-2.53041630990176,6.23473325397284,6.86178520959296,-32.8978758720966,163.144754324812
2740,27.39,53.017,0.689459110307244,3.22397922794421,-179.736820886977,99.6617363330592,1.38737386369859,-2.53066982098882,6.26157985069521,6.88836437266874,-32.7838179441599,163.149680761507
2741,27.4,53.027,0.731187481252382,3.33026105275369,-179.709904730956,99.6112019313019,1.47007281970748,-2.55237154036495,6.2802641076062,6.93007108369021,-32.7778968011315,163.12806954587
2742,27.41,53.037,0.770653660149852,3.43333257027885,-179.706134550235,99.5618346480225,1.47052494091832,-2.5337025567175,6.32084908203847,6.96141993213939,-32.7326988018675,163.12853927351
2743,27.42,53.047,0.807267506369499,3.54781202487045,-179.690090752205,99.5071307653864,1.54561649960713,-2.55741289542479,6.32378862497767,7.00717689882873,-32.7162369414507,163.13911265279
2744,27.43,53.057,0.847156203081282,3.6715170129826,-179.662526060714,99.4550705398629,1.58249704020735,-2.54475149966872,6.33991222565544,7.04661733718783,-32.6191852181401,163.145486259218
2745,27.44,53.067,0.893845578687763,3.80305745074828,-179.636261859381,99.3982931167549,1.65689833604277,-2.54119714054615,6.35721349857051,7.09423090605514,-32.5330432052054,163.172764868631
2746,27.45,53.077,0.927010238492483,3.92555413828503,-179.62784788075,99.3636151775421,1.68565051510069,-2.63228811857329,6.37733140045359,7.12190234375739,-32.5448717914334,163.158509081596
2747,27.46,53.087,0.96114306459478,4.06798659654188,-179.612736230515,99.3268017449564,1.72809601393034,-2.63565710588753,6.3961118283588,7.16185337670003,-32.3998844030317,163.142630185724
2748,27.47,53.097,1.00521277849247,4.22889046197695,-179.596872640891,99.2736022940895,1.81051124296756,-2.66788173612167,6.43666225859821,7.22728071604555,-32.2930605545789,163.131767280597
2749,27.48,53.107,1.00162867014159,4.37395405300638,-179.556916481409,99.229544634717,1.82261899464959,-2.72307368613988,6.38780677073373,7.25239168126619,-32.2264338585766,163.198176344494
2750,27.49,53.117,1.01883025985937,4.54162166090136,-179.548273427434,99.1904868912997,1.86567080461424,-2.78041934644037,6.41657512453402,7.30497925844475,-32.0575504414436,163.133747821354
2751,27.5,53.127,1.03294016313534,4.72926809265247,-179.52425982832,99.1606640590974,1.93943521504458,-2.83482912484469,6.42247972786398,7.34635168306734,-32.0472948992527,163.152723638268
2752,27.51,53.137,1.04983159164105,4.91289021945527,-179.523211725838,99.1396966089693,2.08340940964139,-2.86375457613669,6.44349545701442,7.40737949251937,-31.8474328569057,163.133191665753
2753,27.52,53.147,1.05660281982317,5.11104995503353,-179.491548434389,99.1238896443185,2.09599530183836,-2.90377060082262,6.44305272404551,7.45681148721917,-31.7920650021916,163.14037988911
2754,27.53,53.157,1.05133236330807,5.32277752299742,-179.444858344437,99.1116579979591,2.10325910260012,-2.97789125978077,6.41990425485516,7.50004219526044,-31.6591377393769,163.145987217597
2755,27.54,53.167,1.06342673617438,5.55902537950727,-179.400980109045,99.0993693965987,2.099576758895,-3.0467717366265,6.41659302373882,7.56957253499938,-31.5445062927867,163.151506073062
2756,27.55,53.177,1.05005861387453,5.78257020591462,-179.347777562964,99.1545581213954,1.79233463270648,-2.81787821663785,6.41301136758025,7.62744907368455,-31.3533770556519,163.123974640581
2757,27.56,53.187,1.04127254980751,6.02427511642506,-179.347974546609,99.1615948535198,2.38689491082123,-2.89990015735598,6.4335813556794,7.6841905168628,-31.0878944174643,163.066639183437
2758,27.57,53.197,1.02690246739918,6.27623791700573,-179.311146184516,99.1581660192621,2.43202776857811,-3.02347807961829,6.43621918287876,7.7542937502756,-30.8509433150162,163.012575713055
2759,27.58,53.207,1.03051992895616,6.53062293271951,-179.267996757656,99.1095355575269,2.49009225460069,-3.10972676893849,6.4539516781797,7.80784457227147,-30.5876926546686,163.013941748733
2760,27.59,53.217,1.02207689995466,6.79629468587147,-179.219475012884,99.0808024990636,2.4685064628992,-3.20318025550504,6.44901960110497,7.86550584086877,-30.3501427040245,163.05765885856
2761,27.6,53.227,1.00698350584017,7.08366284097296,-179.172801973388,99.0538524080984,2.47104394924305,-3.32807762034492,6.44746890822109,7.94163346584689,-30.03481423801,163.028863251008
2762,27.61,53.237,0.994326168583891,7.3710381927944,-179.142619250297,99.0212449316884,2.55677054136839,-3.34508336566043,6.46092959989377,8.00732839050239,-29.8318729292096,162.987785845995
2763,27.62,53.247,1.00365461181005,7.67857479354151,-179.081366222266,98.9746696573352,2.6102228956626,-3.47458912267171,6.45482359976205,8.08357089972893,-29.6074679959394,163.085590304061
2764,27.63,53.257,0.996179116171234,7.987296686625,-179.024048084102,98.9695551949158,2.59869016599016,-3.56657198206109,6.46253604781388,8.1533935417535,-29.3647347865556,163.038275713657
2765,27.64,53.267,0.971562502407379,8.31643428298649,-178.961672919468,98.9767480186277,2.65378628616367,-3.71319111688272,6.44451067655286,8.22742833647103,-29.1240965717143,163.071164391561
2766,27.65,53.277,0.950849744616249,8.64776183383185,-178.904823900906,98.9720500605818,2.70171283928454,-3.80898441971217,6.43574211524705,8.29726376091071,-28.8275552154399,163.058139367484
2767,27.66,53.287,0.915408143192606,8.97197085287397,-178.839525575871,99.0079189072089,2.69587062029184,-3.90437933423295,6.40889046713118,8.3561968592354,-28.557269246392,163.051907853534
2768,27.67,53.297,0.913127488636064,9.33479348622425,-178.78092293584,99.003930921165,2.72324289658809,-4.07416487805983,6.43474372732099,8.44905299312968,-28.3151776780584,163.081150863916
2769,27.68,53.307,0.87785528616302,9.70501041274472,-178.716431120543,99.0107330994031,2.74564806853972,-4.19963533297063,6.40826413027174,8.51718130557408,-28.0527732400223,163.080492657383
2770,27.69,53.317,0.870686340568387,10.0680143198052,-178.648955623758,99.0040151250852,2.72502799161823,-4.28850305636512,6.40010566622434,8.6007136896659,-28.0221030383469,163.123096672591
2771,27.7,53.327,0.839749203454181,10.4435590511774,-178.565361712765,99.0130252825378,2.72930847722028,-4.42311307541886,6.38163391619578,8.67876130582708,-27.7383570925626,163.114239021407
2772,27.71,53.337,0.807106548867295,10.8171500546294,-178.503326786607,99.0105637543631,2.69656469000468,-4.47373692903719,6.36899343907354,8.75201136181987,-27.4608855068371,163.140786363316
2773,27.72,53.347,0.798213939294904,11.2331266224134,-178.430304846681,99.0221711878185,2.70659390988148,-4.66054026271392,6.37378768818418,8.86181468314387,-27.176924539469,163.142641018376
2774,27.73,53.357,0.756541314123031,11.636312635274,-178.362415381268,99.057090271424,2.74318517464033,-4.8130044088621,6.36594352557507,8.9546320140491,-26.8944149334296,163.120399543995
2775,27.74,53.367,0.727231398209715,12.0522346547991,-178.301642973555,99.0526337114188,2.75302095401441,-4.95684490148683,6.3390344880147,9.04904037653514,-26.6675046377826,163.201241866935
2776,27.75,53.377,0.716739501189517,12.4758560824597,-178.197728719612,99.0579397221917,2.69956129617903,-5.09330835061804,6.33136569537052,9.1493757038861,-26.4997156495811,163.226892840017
2777,27.76,53.387,0.679633080558591,12.9033109119371,-178.174127656886,99.0684312839339,2.76185579573876,-5.30316726427389,6.35673603016097,9.25172909237547,-26.1811862825621,163.130779103677
2778,27.77,53.397,0.650650662490476,13.3228082121101,-178.105238563542,99.0614273621754,2.78949064177475,-5.44275207981655,6.34257414249932,9.34225114916211,-25.938020548737,163.274763636388
2779,27.78,53.407,0.642451260930631,13.7921403311704,-178.028063784674,99.0350936121096,2.7214841301866,-5.64377017189293,6.35330056596877,9.48107852086026,-25.5300630191746,163.292766664081
2780,27.79,53.417,0.597802246671018,14.2326641588676,-177.959016988525,99.0476499974535,2.60590179346458,-5.71670604228441,6.34215665519233,9.58586903181822,-25.289012261556,163.29120970238
2781,27.8,53.427,0.595915219237908,14.702073292792,-177.866140652043,99.0561309506651,2.50492505208742,-5.91923803248422,6.34896226767658,9.71285951591076,-25.1340791217186,163.279511401999
2782,27.81,53.437,0.561293512393102,15.1440261703026,-177.787271552113,99.0843738271691,2.43628695852041,-6.04500841633221,6.31156538217718,9.81634261874794,-25.0585972482302,163.403950134866
2783,27.82,53.447,0.527801930855701,15.5992898700263,-177.679599189987,99.1173706351736,2.33809087985152,-6.18724336547921,6.28196254578007,9.94386661842672,-24.7927090082814,163.388436855121
2784,27.83,53.457,0.503306293978097,16.0795432119477,-177.609781358423,99.1329414494253,2.34186573630726,-6.40878505227872,6.28012162833408,10.0969767404662,-24.5582962087916,163.475017280439
2785,27.84,53.467,0.445427289474465,16.5224960289743,-177.491367065255,99.1804574525228,2.26519144285708,-6.55586764376195,6.21243294447954,10.2069821778467,-24.5682498156134,163.485671904525
2786,27.85,53.477,0.435945651048637,17.0070527270806,-177.416898256661,99.1579025795161,2.2539974253965,-6.79981820533965,6.24875992434296,10.3881330168045,-24.3193126985087,163.586025863698
2787,27.86,53.487,0.409765024625448,17.4451581503379,-177.34371269935,99.1334974844468,2.17538637973879,-6.9309030423896,6.26654606260925,10.516715846927,-24.0496417046117,163.464574372479
2788,27.87,53.497,0.405558170381932,17.9051608663281,-177.234680187797,99.1127691444933,2.12747975180877,-7.14559020938566,6.27761923452686,10.6668433848234,-23.9226970860699,163.347527733481
2789,27.88,53.507,0.396638971816195,18.3747857920831,-177.140131805464,99.0843971799502,2.038182096113,-7.31777932690133,6.28641403724954,10.8349981779558,-23.6312128202302,163.362740810708
2790,27.89,53.517,0.367684036381501,18.8062644393398,-177.042965358826,99.0883445119263,1.97990700864516,-7.42414665240676,6.28618569355361,10.9691218773812,-23.435220330955,163.486136607378
2791,27.9,53.527,0.365977730776842,19.2675050882487,-176.937354000002,99.0585843000182,1.90083475686412,-7.58099617990277,6.27341602140677,11.1249754916486,-23.2338251590363,163.52599076366
2792,27.91,53.537,0.331946723052626,19.6789092675858,-176.858465698729,99.0338444439959,1.91673289547119,-7.71698098529273,6.27344147586693,11.2447529412474,-23.0389172028084,163.5511006696
2793,27.92,53.547,0.305687395748012,20.1047123409164,-176.758401114516,99.0454693487523,1.90196392708274,-7.870239030308,6.28508924294386,11.3951890035011,-22.7319291568718,163.492039055229
2794,27.93,53.557,0.300126901700487,20.5353829753223,-176.665217984581,99.0263380043661,1.94376429255339,-8.04327258391544,6.29585890468285,11.5522778154845,-22.6546078959496,163.526723606944
2795,27.94,53.567,0.306854702037535,20.9363902226634,-176.572028779007,99.0151189269219,1.97292676082107,-8.17804779039582,6.31122393618386,11.6858449949656,-22.4404813582236,163.52762254382
2796,27.95,53.577,0.269661786084482,21.3516998097256,-176.465887479165,98.9974310303574,1.92526416712396,-8.32267003589226,6.25352277700729,11.8359108111312,-22.2702857280267,163.592018711249
2797,27.96,53.587,0.255072535168953,21.7213518709445,-176.38546698088,98.9183493525505,1.91053434289137,-8.40132764221924,6.28033454029967,11.9636516226853,-22.1440630726126,163.588025823913
2798,27.97,53.597,0.239096280933445,22.1045525587973,-176.287845764255,98.9279195839438,1.93581440721579,-8.5150335880268,6.26378488780035,12.0930464948661,-22.1332941562617,163.63210478931
2799,27.98,53.607,0.221046438549313,22.4793632843708,-176.201095195166,98.9144191280064,1.94693339468984,-8.61731897531166,6.23812717938031,12.2203922950422,-21.9592000298718,163.675326776637
2800,27.99,53.617,0.203332204685933,22.8436323835902,-176.128360668295,98.9294640876604,1.95361901433317,-8.71893480941069,6.22981528530193,12.3674344306583,-21.8967023269371,163.724908788702
2801,28,53.627,0.185299621186262,23.191685326458,-176.032877751506,98.9596931914162,1.97452374508611,-8.86677639048084,6.20121673966676,12.4882545410137,-21.8016276436291,163.717258786639
2802,28.01,53.637,0.17116907552403,23.5369177711746,-175.95224461065,98.9321683695969,1.9745040980264,-9.00465646013534,6.19572896024407,12.6154687194603,-21.6363988450802,163.723259882328
2803,28.02,53.647,0.168077850943623,23.8635111344133,-175.869425436754,98.9390917458742,2.06555868002002,-9.15797310071464,6.18553394936386,12.7307659707131,-21.5005279944159,163.772355694155
2804,28.03,53.657,0.156381570948986,24.2058713891278,-175.783161179383,98.8915242595786,2.0182262843004,-9.33977584793861,6.1520027696153,12.8361572731169,-21.5367696842711,163.783077995874
2805,28.04,53.667,0.138987228670889,24.5158167282497,-175.694549581617,98.8955785496949,2.08302395619484,-9.5052763084206,6.14570139683178,12.9775193382374,-21.4231116494832,163.78219782505
2806,28.05,53.677,0.134390948436522,24.8573917382133,-175.633546723665,98.8760311655593,2.12509244832169,-9.70284579353645,6.15127929076079,13.1346343784232,-21.1730514842593,163.806418895538
2807,28.06,53.687,0.0771101165106457,25.1643751153434,-175.572681027018,98.8773565358724,2.14051771087813,-9.89456178920958,6.1157375409213,13.2331291959284,-21.0575384464489,163.769931003039
2808,28.07,53.697,0.0420724996306249,25.4648603088427,-175.533257282581,98.9236729556436,2.23448255393983,-10.0417254118777,6.10669428124424,13.3556874741928,-20.8787918032144,163.764687778397
2809,28.08,53.707,-0.0313394420234319,25.7851106306771,-175.386233876934,98.954684981048,2.16968433706954,-10.196085334266,5.93663587051276,13.5084457989413,-20.8361359967238,163.852640643062
2810,28.09,53.717,-0.0889469485675421,26.0786221533607,-175.33388863871,99.0049458138741,2.15992597464937,-10.3433008650505,5.90061250919692,13.623416692366,-20.7157787615714,163.855814798542
2811,28.1,53.727,-0.169726222251249,26.4062664119124,-175.303674465096,99.1019450978529,2.22891067388607,-10.5425916941566,5.8687459147773,13.7800802983161,-20.4777476012599,163.819093437365
2812,28.11,53.737,-0.216186961441253,26.6847869632702,-175.254402621262,99.1254998272249,2.19543140344597,-10.6720974859145,5.85153394509388,13.8592261126044,-20.3969997800964,163.795018910433
2813,28.12,53.747,-0.301674295704231,26.9853861528728,-175.176147568202,99.1886304209402,2.10736972374185,-10.7639016813253,5.70777362648182,13.9839051469546,-20.3556042699211,163.899083163508
2814,28.13,53.757,-0.347668094111528,27.280021231277,-175.142228754613,99.2460530415812,2.14519532244348,-10.9257038781772,5.73609275764274,14.1104691970409,-20.0804987449616,163.811844315426
2815,28.14,53.767,-0.402434592899418,27.5589131007455,-175.082895039314,99.2446441842813,2.1117913384088,-11.036737695582,5.68827310291428,14.2148527670726,-20.0553971796381,163.806633717042
2816,28.15,53.777,-0.460762217220843,27.8611754136515,-175.046883971102,99.2807590081605,2.12235904998602,-11.1590068967454,5.67300739881954,14.353968586999,-19.7415007896486,163.749353016062
2817,28.16,53.787,-0.504690785169935,28.1512650761504,-174.986965439499,99.2650447535877,2.05946488165452,-11.2556314256917,5.63567747026004,14.4674976161274,-19.5545896674634,163.696832191989
2818,28.17,53.797,-0.564272207981658,28.4443332697174,-174.942322067675,99.257175659779,2.03396952523081,-11.3936884515059,5.59651152218735,14.6178508624365,-19.4383784720828,163.665845381354
2819,28.18,53.807,-0.601754523125449,28.7503580638519,-174.901439182644,99.2442363130901,2.05245267248386,-11.5140194771839,5.5815002208842,14.7743510551996,-19.2595768656128,163.646020126066
2820,28.19,53.817,-0.664660978403604,29.0275668741035,-174.850836775518,99.2613513150948,2.05217680054221,-11.6088018962475,5.53155540590014,14.9002146909259,-19.1543995358303,163.577354420095
2821,28.2,53.827,-0.716166527086044,29.3619835484982,-174.818364143426,99.2815926779164,2.04508018026981,-11.7564198970846,5.48107211009057,15.0697754407937,-18.983317115228,163.548498927816
2822,28.21,53.837,-0.752239806173279,29.6446848580101,-174.80383861267,99.2726559760931,2.04609775323376,-11.8575950636132,5.49973771502582,15.2173840824612,-18.746611933293,163.519536163857
2823,28.22,53.847,-0.763008288518335,29.9179820527194,-174.719213313765,99.1949761990763,1.94271552825137,-11.8672411251332,5.42873197156993,15.3352812962174,-18.6639059168816,163.539290720819
2824,28.23,53.857,-0.814716320888764,30.2332464840724,-174.725609435427,99.1874356273806,1.99549837470421,-11.9831708619331,5.50533730270505,15.491171823946,-17.9810885679902,163.330026810358
2825,28.24,53.867,-0.786124445997643,30.5245827958828,-174.684822453161,99.1011765148041,1.98194927295964,-12.1155477880899,5.55029036877424,15.6368269467223,-17.7778236047337,163.315191845569
2826,28.25,53.877,-0.757130586453961,30.8113393536683,-174.628608344661,99.0075974837248,1.98244257722808,-12.2140246823528,5.60268114445336,15.7818669692066,-17.4580216688268,163.235772801947
2827,28.26,53.887,-0.769942588657445,31.122180073195,-174.56522452687,98.960447234925,1.93672042108163,-12.3024943943979,5.53953970877498,15.9317904179274,-17.3767865684967,163.257896874
2828,28.27,53.897,-0.729448085887945,31.4271239918183,-174.531108784597,98.8662751149723,1.94566572403055,-12.422180958772,5.58301805029482,16.0977475529218,-17.2377773459023,163.26779011345
2829,28.28,53.907,-0.70309761885457,31.6884497952519,-174.538692781518,98.8100161753408,1.9746795705088,-12.5540225709076,5.7009026115925,16.2126666012209,-16.8909985346809,163.145776387418
2830,28.29,53.917,-0.735385340628159,32.0004777405756,-174.502945784083,98.8126399087881,1.89880768145891,-12.707911486081,5.61041829122156,16.3833207467039,-16.7420320416433,163.189579504037
2831,28.3,53.927,-0.74600575986678,32.272134431138,-174.560797224506,98.7748921712871,2.02248330290849,-12.8375311354151,5.72799269736486,16.5129083473176,-16.5248703209407,163.082134219113
2832,28.31,53.937,-0.749990369906405,32.5289026239386,-174.512238679858,98.751841537572,1.99411575162003,-12.9586859013416,5.67640638288506,16.6347144526456,-16.3295409788184,163.11835035033
2833,28.32,53.947,-0.749047083342852,32.7747229505718,-174.502299867278,98.6989896759778,1.99357246422471,-13.0465075851076,5.71215681229055,16.7282177828691,-16.1217443815581,163.037648784644
2834,28.33,53.957,-0.802602899629843,33.0557286960966,-174.521239687948,98.6935777420116,1.86964817231622,-13.1457470491606,5.65849230443415,16.8655255615769,-15.9589485776984,163.069520096758
2835,28.34,53.967,-0.808114508552305,33.3055805436305,-174.498010899608,98.6470583488104,1.81192009428622,-13.2361525145915,5.66262565398703,16.9880019982152,-15.8227909513298,163.034489698236
2836,28.35,53.977,-0.85748103212776,33.5759018885382,-174.509502207669,98.6996203741117,1.88102762988739,-13.3569516293546,5.63070395740196,17.1012669215826,-15.5675066428361,162.971599297925
2837,28.36,53.987,-0.843202899062727,33.7999377247635,-174.47894716752,98.6536231977291,1.78366173439704,-13.4626197725197,5.63569532322426,17.1786366770536,-15.4216057391563,162.951806781502
2838,28.37,53.997,-0.841890958980688,34.0734846336069,-174.446304106022,98.6468553154434,1.62196844455012,-13.5525786378779,5.61507836037887,17.3032836262361,-15.3379376241753,162.916826869784
2839,28.38,54.007,-0.802551832735623,34.2881618400063,-174.405798358938,98.6226582552335,1.56614382523549,-13.7316568980477,5.64692387980955,17.3774360332737,-15.045249705853,162.950125986651
2840,28.39,54.017,-0.814064282229338,34.5236558611361,-174.423607003971,98.6313025699661,1.51161364657808,-13.8236705198337,5.67833759614327,17.4543402554362,-14.9399792488889,162.829486720021
2841,28.4,54.027,-0.747113426653529,34.7363950570025,-174.352472095653,98.5612067922144,1.40757255941374,-13.9013033188371,5.69816930378416,17.5528470167715,-14.6951996013538,162.887573264938
2842,28.41,54.037,-0.759827483836012,34.9592226868807,-174.378021469686,98.5236326775221,1.30516303336305,-14.0437226760548,5.73348768168439,17.6088511557612,-14.5399070848342,162.775011075196
2843,28.42,54.047,-0.714495801255136,35.2018213384853,-174.347142137706,98.46765301069,1.22497782358363,-14.1597051350744,5.78622133965158,17.7187146246058,-14.3487763663981,162.760225847313
2844,28.43,54.057,-0.679389233686831,35.438263212449,-174.336697085371,98.4070046922994,1.10704841060201,-14.259241326341,5.8061741009696,17.8231114815301,-14.2339367930174,162.732389655514
2845,28.44,54.067,-0.632718171886736,35.6489304570246,-174.298246369006,98.3935009175518,1.13088424371532,-14.3456582404201,5.83980482768552,17.8976354715189,-14.0058197494175,162.690345828556
2846,28.45,54.077,-0.608559420170929,35.8508177253539,-174.293705946684,98.3696242307543,1.08277899650722,-14.4750615847583,5.836220054331,17.9726861029119,-13.8778959132864,162.740952565888
2847,28.46,54.087,-0.586938515300701,36.0555699478468,-174.297499547054,98.3306532843293,1.02254868156298,-14.5474183314089,5.88011007146466,18.0438730426188,-13.7006424426959,162.650134451498
2848,28.47,54.097,-0.54810316833894,36.243905670333,-174.329252813406,98.2852654674877,1.01658421646584,-14.6329766678256,5.95858528217245,18.1123064059147,-13.4711850960593,162.561807279756
2849,28.48,54.107,-0.466250201749367,36.4545988499314,-174.277192172139,98.2107922849205,0.931966193213152,-14.6936580570166,5.99269249410139,18.1953496190508,-13.3981282741513,162.60883758846
2850,28.49,54.117,-0.410168374286714,36.6471655683748,-174.258621367632,98.1434774281557,0.85540764222094,-14.7838071581543,6.03119943885209,18.2558764727609,-13.2329318009848,162.563112445696
2851,28.5,54.127,-0.355995060930407,36.8096404709899,-174.25566066116,98.1002488941076,0.803520180509929,-14.8547713394421,6.07115638933172,18.2986947837796,-13.0807591481381,162.506611917732
2852,28.51,54.137,-0.31177614189402,36.9992669151713,-174.280749449109,98.0723852870625,0.774655388553301,-14.9568921495881,6.12489967424684,18.3631854459449,-12.996463070748,162.479238890348
2853,28.52,54.147,-0.236787379873748,37.1664930581519,-174.250855340936,98.0191381984038,0.705134093972229,-15.0259543315727,6.17101939790594,18.4252019450048,-12.8755633587411,162.656831928857
2854,28.53,54.157,-0.159349754709011,37.3298156830719,-174.257977947418,97.948693298738,0.652361485954159,-15.0808100622948,6.24454884570923,18.4674939716142,-12.6448805174759,162.653949021537
2855,28.54,54.167,-0.121692251336914,37.478093896021,-174.271336895393,97.9108316239582,0.556666630824638,-15.1304435783981,6.26772927537006,18.4735524647557,-12.5322836985914,162.640468172968
2856,28.55,54.177,-0.0244445765315798,37.64420996255,-174.202243447565,97.854177863367,0.379571909259674,-15.1483451366415,6.28499960475418,18.5322098397984,-12.4209155269506,162.637258733677
2857,28.56,54.187,0.0579773217595641,37.803791031526,-174.201495913095,97.6895061577845,0.038861088938053,-15.0337203372104,6.35709113696665,18.5766647087373,-12.2170028676822,162.610349671811
2858,28.57,54.197,0.126961720355937,37.9644899326548,-174.228419810964,97.6586005653335,-0.0742609048490705,-15.0020897094601,6.48450020876495,18.659125112685,-11.8406115000067,162.544923095204
2859,28.58,54.207,0.187864576048349,38.1034201890595,-174.226898741503,97.6762543581254,-0.0990407551557515,-15.0634472334942,6.52211912579979,18.7013568977189,-11.7416175644562,162.525055273304
2860,28.59,54.217,0.226122541909772,38.2318914372549,-174.254220951839,97.6769050718421,-0.140877276769641,-15.1076118760528,6.55390166936778,18.726806177716,-11.5597033473655,162.509358859574
2861,28.6,54.227,0.300373962410542,38.3833132751715,-174.218786022765,97.6396481025902,-0.306266672279762,-15.1406370273287,6.58780443724311,18.7759707523432,-11.3995438551996,162.471518625796
2862,28.61,54.237,0.377401737953524,38.5335776719629,-174.23435443213,97.5604414233074,-0.37566523786579,-15.1799864019819,6.67717812551458,18.8589128198234,-11.2900382661572,162.440808990822
2863,28.62,54.247,0.409961002990582,38.6552074729697,-174.250240882562,97.4188566831507,-0.923462161360632,-15.2308827126495,6.68109612654221,18.9007034750807,-11.1875169830532,162.439642095453
2864,28.63,54.257,0.497473376373285,38.7954516787462,-174.232537147817,97.3634928890593,-0.957497317411056,-15.3197947839443,6.74011845267459,18.9645011541774,-10.9916814336572,162.425229140329
2865,28.64,54.267,0.588593787331475,38.9246180465746,-174.226898137663,97.3394981209208,-0.966175205135807,-15.4247465752658,6.8203456251347,19.0181336494409,-10.9713978327907,162.410127665643
2866,28.65,54.277,0.631969220065072,39.0509938107777,-174.220615230321,97.344365399777,-1.02285481109034,-15.4499664542614,6.79935818650186,19.0841346690789,-10.975621479845,162.418285215531
2867,28.66,54.287,0.701959206692192,39.1823163648527,-174.218997069233,97.2938581501758,-1.0344839217983,-15.505247119622,6.86757144246225,19.1460382205862,-10.7224677762252,162.369309596839
2868,28.67,54.297,0.740744711051691,39.2852904358329,-174.266070070751,97.2534579857978,-1.05240997831079,-15.4876155875189,6.92433101756176,19.2132648255966,-10.6465813631887,162.366442608359
2869,28.68,54.307,0.829291955686866,39.41046577557,-174.235258317102,97.2064150021832,-1.10600147252404,-15.5100710341123,6.95268731881036,19.283508890376,-10.656051763454,162.363723850428
2870,28.69,54.317,0.876541447319244,39.5308566554226,-174.250236942257,97.1527552148136,-1.15408535098575,-15.6322149221574,6.99880947223759,19.3477915127373,-10.5377378908636,162.335527912993
2871,28.7,54.327,0.938781421261669,39.6487116723953,-174.249041261361,97.0789069918776,-1.18520628992242,-15.6173072460821,7.02597371320471,19.4105561111899,-10.439700414707,162.317043474328
2872,28.71,54.337,1.02935585363883,39.7611941856989,-174.25538199711,96.9971039316944,-1.15325435534163,-15.705759830502,7.111373894554,19.4816941057467,-10.336729146996,162.296450899246
2873,28.72,54.347,1.08448465790838,39.8645609490163,-174.258516889204,96.9756453231956,-1.15149813442248,-15.7741046497476,7.15534282779705,19.5406284054881,-10.2409095381234,162.262193320385
2874,28.73,54.357,1.1455441600562,39.9859680546414,-174.261289861966,96.9810352908621,-1.20138300765531,-15.8113969621027,7.18905851412118,19.6025161432094,-10.178660847689,162.244367646984
2875,28.74,54.367,1.18520062508596,40.0651000892507,-174.311291182338,96.9958503980176,-1.17979644554741,-15.811945825796,7.25359234695834,19.6462961200199,-9.93780979370414,162.217682777563
2876,28.75,54.377,1.22809817227029,40.1475615845338,-174.328041385628,96.9963815033911,-1.22357577033265,-15.7849236904169,7.26706618206325,19.6820513852465,-9.90013299050928,162.222335201688
2877,28.76,54.387,1.2987670738587,40.261168022742,-174.31533148906,96.9562631850483,-1.21477716677803,-15.8464745783744,7.31458741022737,19.7614173439182,-9.79606438858028,162.214532410497
2878,28.77,54.397,1.38732558531163,40.3561738795078,-174.263842870919,96.8830099967967,-1.28173852847386,-15.81299164181,7.32899487382363,19.7720609056974,-9.8017532292358,162.208855115317
2879,28.78,54.407,1.44691095423685,40.4648694487349,-174.301133158191,96.8618358833683,-1.28311470110178,-15.8360912476417,7.42547587526322,19.8665237605374,-9.5593681509416,162.193192775565
2880,28.79,54.417,1.50549596768187,40.5285581295723,-174.300147097092,96.8441396017503,-1.31762916875913,-15.8214888565736,7.46753325961532,19.8791281175123,-9.41333758020414,162.190086363235
2881,28.8,54.427,1.5441294657096,40.608636360416,-174.312997421225,96.8312051229313,-1.30819236366867,-15.8938081052677,7.51455797206956,19.914793757992,-9.26836014803007,162.159596525465
2882,28.81,54.437,1.59402020663947,40.6831113300068,-174.304827592016,96.7984143643761,-1.3787895314011,-15.8942557807227,7.53367352942464,19.9389283203098,-9.22291321183224,162.166997051707
2883,28.82,54.447,1.62743347761262,40.7554802809395,-174.279477794479,96.8351904347807,-1.42736159516873,-15.9291196606908,7.52661130946494,19.9716350236216,-9.24077006978127,162.170943763671
2884,28.83,54.457,1.67039402065694,40.8031279568393,-174.277829691587,96.8350518592993,-1.47093783804216,-15.9302884926801,7.56649747708895,19.9810692563538,-9.12869233032423,162.167101508569
2885,28.84,54.467,1.69471348134416,40.8558662347608,-174.278718021819,96.8395130236737,-1.4990320887393,-15.9524807695088,7.57554958080413,19.9941314131772,-9.05418672869075,162.169690903388
2886,28.85,54.477,1.70444673644113,40.9199890184206,-174.279210900222,96.8581393847695,-1.52800393246188,-15.9584250217302,7.58669159164395,20.0306303328908,-8.99510143348254,162.15779896275
2887,28.86,54.487,1.72829337204669,40.9469623074461,-174.26720328026,96.8552822671914,-1.57748770078614,-15.9635554691246,7.6023073495986,20.0257455355871,-8.93472007217093,162.149143485433
2888,28.87,54.497,1.69640547949192,40.9787714827558,-174.268847709275,96.8799096907486,-1.66306039949123,-15.9606929059144,7.55786128843301,20.0684956429448,-8.89750311431028,162.158046330057
2889,28.88,54.507,1.69194780906725,41.0290805499129,-174.253189876193,96.9022431331925,-1.69953696158143,-16.0120685677737,7.54330673323485,20.0473722328575,-8.84473570697278,162.132117050955
2890,28.89,54.517,1.67042480916416,41.0676597222479,-174.260935389222,96.911984347119,-1.73681442030132,-16.0284748330413,7.53376988016954,20.0631833319093,-8.80515348622125,162.114465944927
2891,28.9,54.527,1.64497788678512,41.0959408186733,-174.222715179444,96.9167638011264,-1.79757451348083,-16.0407298582937,7.4678086778582,20.0614595705487,-8.83638210843517,162.118298312399
2892,28.91,54.537,1.61844874424155,41.117625456242,-174.224500659567,96.9040004753879,-1.82880761984187,-16.0073144434368,7.47634606183606,20.0633975264466,-8.79951160294078,162.077354311496
2893,28.92,54.547,1.5705130243968,41.1266951819162,-174.227214791542,96.91725620603,-1.82807755646571,-16.0363037394861,7.44747116437288,20.048697361858,-8.83255744683263,162.044584475578
2894,28.93,54.557,1.52841010665682,41.1447123162243,-174.226717265108,96.9127752681341,-1.88828875270347,-16.0409445408638,7.44705217857078,20.0425276863181,-8.80509823459588,161.981595727573
2895,28.94,54.567,1.47786609549749,41.1607465883807,-174.227605320592,96.9104121929603,-1.89276807238451,-16.0875664202837,7.43164604196222,20.0342766838795,-8.80945783817279,161.9390086321
2896,28.95,54.577,1.45525953759679,41.1786600001526,-174.202891693115,96.8873938518717,-1.95374376519645,-16.1089501948928,7.43386203227857,20.051167253395,-8.7767972747094,161.912821954106
2897,28.96,54.587,1.41361463353372,41.1844023747716,-174.212025824156,96.8545513650521,-1.97015771841874,-16.1376572827807,7.44079495125829,20.0522562030153,-8.69009712924587,161.89161261482
2898,28.97,54.597,1.38195319612036,41.1789369698435,-174.159331411021,96.8134218395089,-2.00154157012066,-16.176320096531,7.38147339162999,20.0210000205966,-8.74377892616384,161.890520671572
2899,28.98,54.607,1.34409578033843,41.1940309101884,-174.168734457491,96.7854178016963,-2.03219340852739,-16.232611484584,7.41592622096347,20.0566537978439,-8.65034049096275,161.856261867756
2900,28.99,54.617,1.28169045577104,41.173038147082,-174.120646819693,96.7911214258693,-2.11768659172175,-16.2186467202473,7.31079840242366,20.0322053183891,-8.6859833472536,161.863366410689
2901,29,54.627,1.2621300764025,41.1744903449686,-174.137279907409,96.7644871320063,-2.13130830110912,-16.2245020973093,7.38592269553743,20.0645090572391,-8.57490397571136,161.818684589125
2902,29.01,54.637,1.2399230389864,41.1758681606646,-174.112006807482,96.7448813946333,-2.16851291746312,-16.2973849858265,7.38837819224304,20.0628601858262,-8.59477682636462,161.795507186731
2903,29.02,54.647,1.21213248364,41.1659927911867,-174.091856035718,96.7135626384942,-2.20072353769396,-16.3481089790137,7.3848344726551,20.1039399187205,-8.49613224301635,161.790910760903
2904,29.03,54.657,1.1972152151826,41.1445502216792,-174.044078986863,96.6722909033459,-2.248435840621,-16.3458236219001,7.36453403690513,20.0498341120054,-8.55722709542943,161.773739871808
2905,29.04,54.667,1.15890056170908,41.1153347150556,-174.047968312725,96.6182636083259,-2.27958624407119,-16.3556931905865,7.36470770364118,20.0489364146799,-8.50979670377801,161.764673607552
2906,29.05,54.677,1.13958102229407,41.1034662756148,-174.03128411199,96.5746449713464,-2.30838900516546,-16.3885950683784,7.37520809448082,20.0340096608505,-8.44679934182648,161.74117142183
2907,29.06,54.687,1.09647004475686,41.0750514778808,-174.002078900725,96.5229998122807,-2.39878122624531,-16.3527890280138,7.30438688813161,20.0196282179402,-8.51664579255875,161.771154165381
2908,29.07,54.697,1.1030410815631,41.0623118994529,-174.002386595178,96.4650530525937,-2.42177220732472,-16.4003542499811,7.37029203574162,20.046393724245,-8.49416167744639,161.762494300991
2909,29.08,54.707,1.10279249802848,41.0539800676506,-173.979785761652,96.4266424335258,-2.4634791330372,-16.4545776276734,7.35320044087141,20.031678110588,-8.62879867458157,161.782244309841
2910,29.09,54.717,1.06413757297401,41.005759702328,-174.01321893537,96.4182332976832,-2.45817978268527,-16.4779050606102,7.37685918599008,20.0026630586436,-8.56582433968826,161.766027215488
2911,29.1,54.727,1.07128590977021,40.999730632562,-174.004651126974,96.3726787566376,-2.460099126731,-16.5563773905697,7.3862267496013,20.0299270543311,-8.72371145854181,161.791405982725
2912,29.11,54.737,1.0686484388772,40.9651356577427,-174.009624942028,96.3090526200303,-2.48742149197159,-16.6293108739102,7.4177505585096,20.0131021186031,-8.65544736144113,161.770806788613
2913,29.12,54.747,1.05350288653943,40.9141548352207,-174.041540464921,96.2553604129775,-2.51403780609218,-16.5456248290506,7.44877750457996,19.9669908942839,-8.61505092265362,161.738907173158
2914,29.13,54.757,1.02311260066223,40.8640418977337,-174.074094776975,96.2473065279377,-2.55614318899218,-16.5655002132045,7.45564329233096,19.9654613960417,-8.61942148184882,161.745281531081
2915,29.14,54.767,1.01796241677818,40.8024444568605,-174.07776678054,96.2298435039291,-2.59662937911277,-16.5500206831538,7.44358292320838,19.9189071864872,-8.65050004110895,161.763262204252
2916,29.15,54.777,1.00119174353267,40.7262135045133,-174.117890099502,96.2467911635384,-2.60393974523864,-16.573264812412,7.46953504344894,19.8657144459154,-8.60897412166851,161.740557778507
2917,29.16,54.787,0.984077969093248,40.6394530824926,-174.157148474713,96.2605696053542,-2.58847992995397,-16.5760008630286,7.4699557412208,19.8457360518734,-8.67491951910322,161.750742497992
2918,29.17,54.797,0.946719968412209,40.5392131610808,-174.145500466168,96.2814481594314,-2.69294947656019,-16.5198294777119,7.3792222294671,19.7531422273611,-8.79986713311393,161.758600289658
2919,29.18,54.807,0.920688147058151,40.4247758215323,-174.177396166369,96.2841679142501,-2.69589286005728,-16.4854919196838,7.35713005602612,19.7024426442413,-8.90281784085223,161.790984883573
2920,29.19,54.817,0.923417174831487,40.3096436769635,-174.2370389051,96.2617851729319,-2.64684453135742,-16.4538367373977,7.42741105914422,19.628968221916,-8.82585226190378,161.748790502601
2921,29.2,54.827,0.899887655118703,40.1571352641732,-174.269135008123,96.214767460308,-2.69050092134456,-16.4208718572657,7.41369635220297,19.5163039730488,-8.85030057098878,161.755730113226
2922,29.21,54.837,0.878726964689202,39.9999694779602,-174.276950839423,96.2614061629072,-2.72624506082924,-16.433215962597,7.37647079482884,19.4034389656346,-9.02115281673679,161.762567021861
2923,29.22,54.847,0.890374824311593,39.8379336997173,-174.278250089222,96.2380424359892,-2.73616085425795,-16.3726334104311,7.36783811777501,19.3313918703283,-9.04239251545973,161.797437436581
2924,29.23,54.857,0.867528094903581,39.6291453440759,-174.307272377573,96.2408165184196,-2.75343072858381,-16.3919139611728,7.35692286313562,19.2110705997291,-9.02580107478155,161.814040764614
2925,29.24,54.867,0.801916174194198,39.4356861431922,-174.352748823725,96.3087229872944,-2.78459883819176,-16.3319217992624,7.30852834833877,19.0857413477561,-9.14598434925959,161.78568730593
2926,29.25,54.877,0.761771903680187,39.2450978646369,-174.371876755575,96.3306741263617,-2.78162969066139,-16.3808316819793,7.22564771648953,18.9939469457492,-9.33327435028891,161.865980114912
2927,29.26,54.887,0.746519242277447,38.9930012145083,-174.430675370754,96.3089531314046,-2.78919031383411,-16.33839279017,7.30009973418311,18.859296086048,-9.25476569131534,161.798247072796
2928,29.27,54.897,0.721041700265433,38.7587114723168,-174.448750183687,96.3063647223166,-2.8320889072109,-16.3706350561752,7.27712962031429,18.7112735637273,-9.37872150717583,161.801545680167
2929,29.28,54.907,0.68200688514922,38.4844251921846,-174.417655993499,96.3222643647413,-2.88461533352638,-16.3420851990151,7.18097383412524,18.5730471551788,-9.53052777203151,161.839753452357
2930,29.29,54.917,0.672835037937738,38.2513982187447,-174.395871367215,96.2823045727208,-3.03199244244311,-16.3505124768818,7.1241172839766,18.4504877629741,-9.63911130762671,161.883315289186
2931,29.3,54.927,0.604707485640135,37.9464642981172,-174.426736867808,96.288118571784,-3.09373123540386,-16.3291841142413,7.06716574169739,18.2724827155309,-9.79768493067441,161.879401177869
2932,29.31,54.937,0.587687932066001,37.6702674349524,-174.486820794849,96.286836591357,-3.07342978716295,-16.3264623747929,7.12424207326103,18.1481713067102,-9.84031118458094,161.849679088053
2933,29.32,54.947,0.567888320736288,37.3568446857474,-174.477057643696,96.2552012406559,-3.1268827914051,-16.3364268079461,7.09099299134843,18.0003599477708,-9.9978834802294,161.881947408327
2934,29.33,54.957,0.53774920957957,37.0215434959524,-174.450079373374,96.2474661850661,-3.21677097166178,-16.2610587310222,7.00927734458238,17.8188835627219,-10.1433501876037,161.932133826204
2935,29.34,54.967,0.536305718667294,36.6870158023393,-174.485598664549,96.1911698447969,-3.26826669983154,-16.3185776117401,7.06732386213332,17.6475470133872,-10.2878321736529,161.918866369506
2936,29.35,54.977,0.489060259831773,36.3325770942888,-174.510822816563,96.1747684667914,-3.32682237341222,-16.3008356884762,7.01810679219915,17.4806420642367,-10.4984706559221,161.973572206212
2937,29.36,54.987,0.512527267936918,36.0037984464102,-174.489199670812,96.1199093177973,-3.41025675202341,-16.3083780685922,7.0136668631875,17.3349463662706,-10.7565616447062,162.03639991983
2938,29.37,54.997,0.468371056465746,35.607375586275,-174.530314214096,96.1071981604981,-3.4315677471301,-16.2797247766835,6.99908064600785,17.118839433117,-10.9243311622093,162.042527095692
2939,29.38,55.007,0.472425466941722,35.2505266563621,-174.535191652133,96.0795988497256,-3.46403311580939,-16.3239143959135,6.97594373101341,16.9656704863781,-11.1586628818214,162.119424770674
2940,29.39,55.017,0.464844768918023,34.846940346121,-174.534026424234,96.0726721846786,-3.46850080238604,-16.2481115747018,6.94909097171086,16.7645044946987,-11.3163521201977,162.174271436345
2941,29.4,55.027,0.465342431041932,34.4599009459893,-174.56046135006,96.0521820531457,-3.49284493635906,-16.2859543714552,6.97651137499515,16.5735571225133,-11.4484128750533,162.183028193926
2942,29.41,55.037,0.44781353837751,34.0547063956774,-174.582614726181,96.0425890451526,-3.55313493822335,-16.2044354397518,6.96882237038005,16.3955219644779,-11.6003252716296,162.223102179462
2943,29.42,55.047,0.497232484139445,33.6276918450392,-174.557835258787,95.985257231927,-3.64640812275959,-16.1334830653013,6.99331754249912,16.1785587865738,-11.826062076774,162.118838417901
2944,29.43,55.057,0.491948251359729,33.2192512179326,-174.586445749559,95.9987380438614,-3.66008563041845,-16.1183677721275,7.01716639106203,16.0061739419692,-11.9759201396169,162.143148965331
2945,29.44,55.067,0.530226890784242,32.7719602503704,-174.58181903122,95.9628800585471,-3.70540277885548,-16.1102005355626,7.03846188318603,15.8022271870458,-12.3008647103188,162.296587939892
2946,29.45,55.077,0.591602432987397,32.3266002220849,-174.549136939066,95.9153832429806,-3.82067441673367,-15.9920697868316,7.07995163791788,15.6076613866932,-12.5458196370163,162.31007318297
2947,29.46,55.087,0.626909218855079,31.8707349375678,-174.530889321154,95.8948966121536,-3.93302109358739,-15.9609850009888,7.06818417053136,15.4082179626607,-12.9373558787211,162.42441442612
2948,29.47,55.097,0.649653779488495,31.394104756126,-174.587230180682,95.8950249052506,-3.8522958298622,-15.9781170756442,7.14840947551137,15.2018302859846,-13.0685157406825,162.424752971326
2949,29.48,55.107,0.700451182873962,30.943461825329,-174.565485672409,95.8406919083746,-4.01209067292253,-15.9075429349155,7.16072783744665,15.0124205041356,-13.3428189119246,162.510029818406
2950,29.49,55.117,0.733704142801859,30.4810760682856,-174.590741514673,95.8390366403765,-3.97752589346932,-15.8718421388127,7.19820572217935,14.8237453568602,-13.594552610339,162.533800156004
2951,29.5,55.127,0.788369714579757,30.0204530005684,-174.592568443678,95.7850281842182,-4.082468591023,-15.8759342151151,7.24862853230313,14.6427562480978,-13.7950195419817,162.57709075336
2952,29.51,55.137,0.833912535196233,29.5543343982215,-174.600925623307,95.7732538670043,-4.05166960305087,-15.8405436491248,7.2572380220672,14.4211964176679,-14.077702371493,162.632213872093
2953,29.52,55.147,0.888936057091199,29.0807997864119,-174.64232977661,95.7306488280564,-4.13111842747957,-15.7505175098858,7.34173525340539,14.2477307242391,-14.20894056445,162.661118159494
2954,29.53,55.157,0.945024721561272,28.6124587413344,-174.621057189139,95.7260989154228,-4.16748947668032,-15.7005746521621,7.34371283281437,14.0818435981442,-14.5167072243122,162.660693221649
2955,29.54,55.167,0.992146770904976,28.1094951347562,-174.64509582403,95.6871739331353,-4.24697719593089,-15.6050457313696,7.38188291916737,13.8938136623044,-14.894914404089,162.669821334538
2956,29.55,55.177,1.02847213757847,27.6394732488525,-174.676868766571,95.6826682898924,-4.31759719976934,-15.5317851295469,7.38020808940238,13.73384520876,-15.2495722460168,162.726087351645
2957,29.56,55.187,1.05435230410067,27.1529243315511,-174.693103225805,95.6705918240268,-4.30768037558938,-15.4862651574257,7.3621016926132,13.5901263387636,-15.5967962163712,162.764638539897
2958,29.57,55.197,1.09189363624913,26.6411660960443,-174.768055697167,95.6184133025965,-4.35073737707484,-15.4101748558387,7.42538808051743,13.3954775623123,-15.9031559145313,162.722317585627
2959,29.58,55.207,1.0832322908596,26.1355487700432,-174.824319915647,95.6188773151718,-4.40541615829735,-15.2180943878359,7.37895126310115,13.2138554257027,-16.2474272601648,162.75138714676
2960,29.59,55.217,1.12274294697044,25.6319743352821,-174.852448480733,95.600741740358,-4.41360456729404,-15.1229136647196,7.29745884376097,13.0736464285757,-16.3327694348597,162.988642534418
2961,29.6,55.227,1.13250119234138,25.0945457876496,-174.867885152512,95.6338775042365,-4.45003004101387,-14.9757684354355,7.28817987003157,12.8837665980347,-16.620729406467,162.966768358859
2962,29.61,55.237,1.1402990558014,24.5529143728279,-174.948066520333,95.6648603749409,-4.48383178991527,-14.8085866907827,7.3000775679742,12.6976219229508,-17.0013825632375,162.982204085683
2963,29.62,55.247,1.16097205043036,24.0193740563414,-174.910088154735,95.6652306967888,-4.55657113025988,-14.671403903987,7.17224816907244,12.555241774145,-17.4808132279628,163.111387420843
2964,29.63,55.257,1.16726834351891,23.4696648263342,-174.989095671806,95.6792445819723,-4.56287407657299,-14.46452403173,7.19605107733454,12.3934815832467,-17.7564034481651,163.053186300144
2965,29.64,55.267,1.19212723326768,22.9262483596122,-175.100062554096,95.6766160867346,-4.48566134426392,-14.3610697088721,7.25977603806689,12.1939588037576,-18.0610350046313,162.960460059593
2966,29.65,55.277,1.21599628876122,22.3811281057298,-175.15316124566,95.6807599584824,-4.46820439787595,-14.1716878710974,7.20997920289938,11.9956300628088,-18.6623680005008,163.069538776962
2967,29.66,55.287,1.25223238288844,21.8145052155168,-175.244346274939,95.6496343600111,-4.4981536010175,-13.9413906658287,7.26607940224971,11.804722550822,-19.009260615537,162.973170560434
2968,29.67,55.297,1.25696829783172,21.2785058558724,-175.339133174091,95.6260027260268,-4.50924898934467,-13.7958742241619,7.29464484454832,11.6360933317711,-19.4307509919223,162.896889079733
2969,29.68,55.307,1.28991887473409,20.7343646834243,-175.405019221859,95.5677312084201,-4.53348911706728,-13.6524322451721,7.29903536372571,11.4648225563617,-19.9410643025509,162.870135433348
2970,29.69,55.317,1.32837394794335,20.1885831872609,-175.500090988274,95.5603860120113,-4.52096857423443,-13.4585272481879,7.34274349375321,11.3038989584657,-20.3900984847564,162.802692738396
2971,29.7,55.327,1.37369145008468,19.6680180274763,-175.588735054928,95.5357374390227,-4.47551130691134,-13.3396145237848,7.3756683916789,11.1586538891277,-20.8962576682149,162.729329003586
2972,29.71,55.337,1.44068428457274,19.1313835791418,-175.696659070081,95.5126082378571,-4.38446388151622,-13.1350054897851,7.42901836309337,10.9918042734626,-21.433925350078,162.712314504563
2973,29.72,55.347,1.48371621925804,18.6007218054296,-175.743519039966,95.4753585229226,-4.37208601715731,-12.9881136683334,7.41994413895347,10.8402789021277,-21.939078577875,162.691912800768
2974,29.73,55.357,1.53173210613926,18.0488556957229,-175.841323899774,95.4250014013883,-4.311422550225,-12.8366042325397,7.41831367442151,10.651522348177,-22.4999686483365,162.676912023752
2975,29.74,55.367,1.59238394981005,17.5100207501176,-175.916895084781,95.3825150134447,-4.29149352483759,-12.6282507712095,7.40804785389681,10.5009234088874,-23.089434967328,162.69474843094
2976,29.75,55.377,1.64004659593689,16.9828265570685,-175.965770919284,95.3459594814893,-4.344660405077,-12.4625310093827,7.38531520653876,10.353299997499,-23.4307671304727,162.671626091526
2977,29.76,55.387,1.73163062018358,16.4535445453675,-176.037459728545,95.2772354420164,-4.33704367684851,-12.3010976331631,7.40279905739225,10.1967583002934,-23.9978620455495,162.722575081286
2978,29.77,55.397,1.7907019255899,15.9412619493683,-176.101423094669,95.2747241532426,-4.34500482809754,-12.1342703719198,7.34299071495395,10.0240505701558,-24.6963828510346,162.8307305792
2979,29.78,55.407,1.8676053145768,15.434922555796,-176.167477692794,95.2751038486482,-4.34771096490424,-11.9212896882457,7.33782428998303,9.87843538111834,-25.0070618831648,162.870539451018
2980,29.79,55.417,1.92936338737931,14.9341396961399,-176.241216706883,95.188877471481,-4.36934475161143,-12.0003922986526,7.31143591933729,9.71830468187179,-25.5839901961924,162.91060016511
2981,29.8,55.427,1.9937033900434,14.4279264343694,-176.325562214255,95.1909832167297,-4.34489290920386,-11.8244411543724,7.33058169458191,9.57188482221392,-25.7406988224788,162.903640071982
2982,29.81,55.437,2.06868698717135,13.9225636424388,-176.406382457139,95.1943895949428,-4.33556753119365,-11.6394662496879,7.32965492721551,9.42042010875965,-25.9431223611472,162.908361969249
2983,29.82,55.447,2.15267568889759,13.4621146621562,-176.484433052743,95.1616927125899,-4.33167760497,-11.388973159628,7.36613061442214,9.31806964892316,-26.2827174016097,162.893482400417
2984,29.83,55.457,2.22039706670841,12.9683551499945,-176.531642398734,95.1325328658272,-4.35900653136582,-11.2716655894094,7.31399665283651,9.16282604961809,-26.6587041982186,162.956772721242
2985,29.84,55.467,2.30540355299175,12.5010048830198,-176.588382155406,95.0884941041736,-4.43096110530616,-11.0937048081322,7.30178363184471,9.04067614856655,-27.1033635884937,162.991748230519
2986,29.85,55.477,2.4109162398856,12.0328622914173,-176.64308078377,95.0388551690721,-4.46476168525974,-10.8531837447629,7.29223396281742,8.94260116128299,-27.2501585442682,163.088174736251
2987,29.86,55.487,2.49630508473948,11.5842446401786,-176.692714298326,94.9915355018535,-4.447551587315,-10.6564272230733,7.2952239885379,8.83408822603666,-27.631853797784,163.032197160626
2988,29.87,55.497,2.59790274404124,11.1226174935224,-176.749974290002,94.9675280445632,-4.41113918102197,-10.4655546949514,7.31655003312567,8.69187518253287,-28.002547085687,163.026446653218
2989,29.88,55.507,2.71878842341396,10.6900237720069,-176.798882558299,94.9064448088301,-4.34730603883965,-10.2702771041323,7.36369799996332,8.59354464737554,-28.3204466459829,163.013620377645
2990,29.89,55.517,2.81114844145279,10.2349324457286,-176.854876367696,94.9004304966175,-4.32066179896873,-10.0881121899721,7.38113038685059,8.44802308342661,-28.692568258029,163.015105209439
2991,29.9,55.527,2.95115721298785,9.79725566234069,-176.922947827178,94.8596246372744,-4.27369157751092,-9.78570043175984,7.46821912013822,8.33769094601277,-29.029323660946,162.976762430812
2992,29.91,55.537,3.05971014049534,9.36309313187872,-176.962734799254,94.8235282735138,-4.27146816079432,-9.56281273370465,7.48132752207584,8.23260282130577,-29.2515030632648,162.970675790124
2993,29.92,55.547,3.14942552229507,8.91590663230966,-176.937066336977,94.8377818123516,-4.32014229680882,-9.34166474536931,7.42760418843821,8.13748023143235,-29.6501575841814,163.012737438927
2994,29.93,55.557,3.25677110491578,8.46492798374953,-176.974491352737,94.7914963908203,-4.26246704473736,-9.04771765710542,7.43732109946926,7.9921751108478,-29.9522502072187,163.060023026586
2995,29.94,55.567,3.37847833831203,8.05295509340869,-177.023189341023,94.7788895610926,-4.21527830527262,-8.82794880626231,7.50504406864065,7.89088483122548,-30.1853407214256,163.047977411698
2996,29.95,55.577,3.48205631995416,7.6273418375842,-177.081680294415,94.8014012494707,-4.18927963840685,-8.5293665184063,7.54223512075654,7.75461023688284,-30.4863909514555,163.04035495246
2997,29.96,55.587,3.58207122573093,7.22523663967108,-177.088869758918,94.8104453827689,-4.2018097813388,-8.29346896002999,7.54602645763666,7.62088660156324,-30.7108745603792,163.060888944878
2998,29.97,55.597,3.68704363757372,6.84055412148331,-177.144637689911,94.8462132435632,-4.12734621294677,-8.09547376463486,7.61739170112578,7.50533498326013,-30.8632435189723,163.034918808287
2999,29.98,55.607,3.78382487229821,6.44062399982852,-177.185668670669,94.8865334453908,-4.14125872372981,-7.85374834559025,7.63931509561279,7.3688388933567,-31.1779327172239,163.077338295261
3000,29.99,55.617,3.86095493690707,6.0553985997832,-177.228236599043,94.9267871256175,-4.13168655601486,-7.65123363036979,7.66639060490255,7.25098121305863,-31.31050171668,163.066093049234
3001,30,55.627,3.97133708536601,5.68106231632057,-177.271734655926,94.9831225559151,-4.07289618903898,-7.33150040341145,7.7230820432116,7.14069394130183,-31.4983089658082,163.092748017331
3002,30.01,55.637,4.04357336582039,5.30848519714128,-177.304109997258,95.0535559406526,-4.02823865624543,-7.10992846094105,7.76807686088379,7.01738409269256,-31.6294216539142,163.040820881415
3003,30.02,55.647,4.13432820532993,4.9404954316002,-177.349621133829,95.0904553709436,-3.99403769635992,-6.79532285427478,7.81200176843343,6.90568472152664,-31.8404078603154,163.041213995357
3004,30.03,55.657,4.19900470592097,4.60477550365367,-177.384472169219,95.1749990292584,-3.92272623315685,-6.5739710848093,7.85613865279728,6.81119400186577,-32.0467814672956,163.020142938983
3005,30.04,55.667,4.27428691268522,4.24969868424897,-177.400023531525,95.2315678944856,-3.93609160090619,-6.34831686257502,7.86047851825991,6.67666293927093,-32.3194571531012,163.044284002449
3006,30.05,55.677,4.34216387352766,3.9036638322091,-177.452946394987,95.3026800711429,-3.86619320637075,-6.05221467087621,7.89144267130533,6.56307541541256,-32.5218040023817,163.06594228095
3007,30.06,55.687,4.36925157701463,3.57186684776036,-177.464160135206,95.3993563231657,-3.84967287947437,-5.79515130412326,7.8675979477135,6.43837720344716,-32.7612848226182,163.062560493051
3008,30.07,55.697,4.4272911141575,3.2725212353746,-177.499025261887,95.4739251874454,-3.74173302303367,-5.53050247381545,7.87011848423631,6.33783564269044,-33.062155635916,163.089750517352
3009,30.08,55.707,4.43663731431717,2.96617244318739,-177.500820139287,95.5962595465366,-3.74480008692559,-5.305722073507,7.84527068802269,6.22006906096335,-33.2978190089267,163.065267485967
3010,30.09,55.717,4.47981510552033,2.69275082480198,-177.506892171942,95.6869574531766,-3.65114490713571,-5.08364399197165,7.844566063345,6.15431200695492,-33.4452675280356,163.078364561458
3011,30.1,55.727,4.49582517021995,2.42117071175041,-177.521567803083,95.7974450484878,-3.57022345121769,-4.90009030527966,7.81422245294514,6.06728713216125,-33.6194749490291,163.094254235629
3012,30.11,55.737,4.50809639543642,2.17200690304257,-177.530106640242,95.9170036501537,-3.53206429419291,-4.7353257334017,7.78423206676235,5.98969530106425,-33.7319243855966,163.061244420311
3013,30.12,55.747,4.51180172546566,1.94596465570914,-177.507807606336,96.0403924088929,-3.53028050482818,-4.5838456990968,7.72613483766797,5.93395783741058,-33.8769308156729,163.076865025431
3014,30.13,55.757,4.51888875474204,1.71531451052993,-177.504201037968,96.1278844784817,-3.45261623228055,-4.4134045443094,7.71233763147258,5.86781323916951,-33.8878418841637,163.030479993364
3015,30.14,55.767,4.53849648660076,1.49894856810259,-177.511034713318,96.215755647526,-3.41158469026718,-4.25109167704602,7.68098819707341,5.80731232791385,-33.9135835813762,163.05043025771
3016,30.15,55.777,4.53378224954886,1.32023112850973,-177.518905479888,96.309665074952,-3.35695684069907,-4.08396826976569,7.65321135816037,5.7714060706453,-33.9095103858385,163.017432361791
3017,30.16,55.787,4.54672701374536,1.1470910839606,-177.503952430754,96.3836835621782,-3.3466102061686,-3.99781066763771,7.62456266025801,5.73790754350363,-33.9615604499484,163.046269476755
3018,30.17,55.797,4.55787566086834,0.971386465566266,-177.468601494359,96.4477518181584,-3.30976311896062,-3.85514521670812,7.5813084851158,5.70877841677325,-33.9135171852439,163.052791798024
3019,30.18,55.807,4.60353272826709,0.829649893134537,-177.465217716085,96.4794876481474,-3.24809544114561,-3.78853336455791,7.5854711612218,5.67639251100964,-34.021731445625,163.060322078114
3020,30.19,55.817,4.61517489242215,0.698862308444921,-177.471418061943,96.5344468716751,-3.1390085384271,-3.72472856294482,7.579748708715,5.65386815084273,-33.9880830233333,163.043558542456
3021,30.2,55.827,4.64795086444574,0.599713908825089,-177.450590438701,96.5780986545007,-3.13744579931114,-3.70082512462546,7.55230180797502,5.65845613017391,-34.0312711860567,163.065169966536
3022,30.21,55.837,4.72388542344914,0.468741830081501,-177.463231567498,96.5743714766332,-3.13210258452101,-3.62818800746205,7.60292045533466,5.6265129712715,-33.9882281226873,163.046256382749
3023,30.22,55.847,4.74952300784595,0.402174709060678,-177.449341378644,96.6335929608677,-3.0954812928979,-3.62529244169288,7.5783022967433,5.64365938439093,-34.0253789214181,163.087273099599
3024,30.23,55.857,4.82908867361799,0.316444426739771,-177.420508993917,96.622528881761,-3.04407701289845,-3.5582995884725,7.58520853235533,5.64419800236346,-34.146258308132,163.142301618814
3025,30.24,55.867,4.88041305645946,0.250617992364941,-177.41131393662,96.6565615268068,-3.00362093836474,-3.50180171411512,7.60276446870593,5.63900898443753,-34.195936033031,163.166058347383
3026,30.25,55.877,4.91944943269977,0.196992494441218,-177.411760295761,96.7154725874598,-2.99707214914086,-3.48916977492189,7.60193190405591,5.64968147455155,-34.1294496181588,163.140481225492
3027,30.26,55.887,5.0073125140515,0.148318746518113,-177.388704733724,96.7178212393819,-2.93034116367335,-3.47850942443802,7.63663174465517,5.64302959727414,-34.1779681247403,163.180171539879
3028,30.27,55.897,5.05920480154628,0.114338189301678,-177.357411767597,96.7874325578038,-2.94715873633275,-3.45732631857473,7.63374894145154,5.65862050210355,-34.1636568902209,163.201550527346
3029,30.28,55.907,5.11151903107952,0.0822970141835295,-177.379131092057,96.8512575261988,-2.81897362068831,-3.44405762862277,7.69374786361036,5.65742705814638,-34.1089057534565,163.1768623942
3030,30.29,55.917,5.18639825637434,0.0762342436852057,-177.323271444454,96.8873957601752,-2.88128528252079,-3.42845163612659,7.6811347900553,5.65738384209092,-34.0971435554802,163.264331936244
3031,30.3,55.927,5.24361794747193,0.0594567667056728,-177.334585068401,96.9541494770329,-2.82827332586083,-3.44922041310907,7.72675818359699,5.65732388801894,-34.035280634165,163.266452313535
3032,30.31,55.937,5.32479726030912,0.0766477340064235,-177.320008936819,96.9731159947772,-2.78882908639823,-3.45960734102697,7.75189323471135,5.65479321434222,-34.0249772694167,163.310575679469
3033,30.32,55.947,5.4077497385359,0.0861914348017706,-177.295014343901,97.0294809956627,-2.81769052729029,-3.45917376387547,7.79611175224057,5.6672413084947,-33.9804806259049,163.327954067229
3034,30.33,55.957,5.49639701297719,0.0986291241996867,-177.288720705047,97.0637828604065,-2.78483904972035,-3.42475296735476,7.84863743641133,5.65833101629662,-33.893855207719,163.35652387282
3035,30.34,55.967,5.58015356319972,0.136249343603502,-177.283027351472,97.1160230017705,-2.76132413590493,-3.46098676205876,7.90226983709609,5.66426924279894,-33.8541486181212,163.374240631343
3036,30.35,55.977,5.69956325812676,0.17232175196969,-177.244784512034,97.0905939526371,-2.81360453654204,-3.46477509284217,7.94840552630303,5.67364254574412,-33.8162456784829,163.408524306707
3037,30.36,55.987,5.8126031490969,0.20709137319782,-177.244823844076,97.0866634306453,-2.80874292164638,-3.44132310943005,8.0248925755118,5.7023946492885,-33.6889005132217,163.392169729626
3038,30.37,55.997,5.94722342132128,0.256197406257583,-177.260394381975,97.0345785810253,-2.72432082575312,-3.48249587201019,8.12784096705405,5.72286528925492,-33.6118301436229,163.408601918772
3039,30.38,56.007,6.09964839502531,0.315886812683042,-177.251576744242,96.9586209337575,-2.71118427588583,-3.47452760748304,8.20569676548625,5.72776006659767,-33.5704730346733,163.462178100025
3040,30.39,56.017,6.23668798627726,0.37736511609875,-177.298903525762,96.8980718512029,-2.6293141563157,-3.44226825670662,8.29613805012544,5.74888435203754,-33.449378172581,163.47298132708
3041,30.4,56.027,6.38804111474645,0.418026707001417,-177.284186119317,96.8365196572157,-2.61750132547825,-3.38002068502955,8.36358010879455,5.75056466834768,-33.3893916531297,163.49641637372
3042,30.41,56.037,6.58043835312474,0.478205366347106,-177.285344186309,96.7178471819905,-2.58283938335908,-3.36389873758846,8.46108043877256,5.77254709070254,-33.3757880342116,163.545941021009
3043,30.42,56.047,6.76011394783623,0.527932773034995,-177.303330397169,96.6000887987353,-2.51317053062639,-3.3622050614217,8.54372088000653,5.76352163288409,-33.3253809692693,163.61750213898
3044,30.43,56.057,6.97599879111629,0.584883900594722,-177.371390218913,96.4339652730846,-2.38060428291309,-3.40066924492263,8.69702616551816,5.7845421372353,-33.2097475899896,163.633371765963
3045,30.44,56.067,7.18328059217537,0.637010033300876,-177.385156624179,96.2868717935406,-2.27074678879818,-3.39809388042097,8.78831678850869,5.79558255856507,-33.1422940218333,163.672133764436
3046,30.45,56.077,7.42334730714466,0.679658453247676,-177.390223726575,96.0947718501287,-2.1857510531342,-3.39819622831625,8.87892580831573,5.79434306524963,-33.1193839414271,163.736868875518
3047,30.46,56.087,7.667904393937,0.722912731227515,-177.429962956761,95.9107487563678,-2.0763223481897,-3.40394367526692,8.99168396926001,5.80099410522496,-33.0307037167974,163.792139423506
3048,30.47,56.097,7.95063238545213,0.789610322530651,-177.459901340838,95.6695024638278,-1.98231439472135,-3.3599059318449,9.1168219903305,5.8254376674762,-32.9130785862615,163.836156296795
3049,30.48,56.107,8.2089766669284,0.852433965396221,-177.500787078686,95.4648788886347,-1.89240558067318,-3.36102747817115,9.22458185652523,5.86695193960107,-32.8598704455467,163.889259543901
3050,30.49,56.117,8.4912188303328,0.88343580339175,-177.508583691529,95.2225555164206,-1.84646290850511,-3.39975506283813,9.30967102661849,5.85502044100401,-32.8124391022924,163.965883012819
3051,30.5,56.127,8.77946485918711,0.933735319984268,-177.513610959003,94.9776005352301,-1.82445266522894,-3.40977936683348,9.39123947401937,5.88030967449815,-32.7886412821592,164.035384172298
3052,30.51,56.137,9.08296566884603,0.981144818428208,-177.559858847945,94.7217969926794,-1.7194308134068,-3.41344748049894,9.53265552361031,5.90829227470343,-32.6556884694543,164.064311886647
3053,30.52,56.147,9.39919386589271,1.03290376657419,-177.593679287329,94.4254180347353,-1.65031101802102,-3.48856776515535,9.65474963751285,5.91611508083618,-32.6049275034098,164.091304645511
3054,30.53,56.157,9.73045617487168,1.09085148282298,-177.654259488141,94.1323043808672,-1.5857858758228,-3.54820170974224,9.82379251567861,5.96213431756075,-32.3912080321472,164.087031687565
3055,30.54,56.167,10.0731623373933,1.12634638066875,-177.665111545381,93.8263414704612,-1.53037181257844,-3.5490753929446,9.89820602588023,5.94729179004515,-32.6338857123888,164.236969735934
3056,30.55,56.177,10.4298037940467,1.17498879324465,-177.707613434757,93.5056028422549,-1.4882101981273,-3.54193016157676,10.0364179291482,5.96489377529317,-32.5940450425091,164.328053293819
3057,30.56,56.187,10.7863635960676,1.2071253578419,-177.771530286588,93.1710517342627,-1.38911171944951,-3.58377392313508,10.1845316705594,5.97159174649713,-32.4656744650472,164.368952353419
3058,30.57,56.197,11.1757217212784,1.24988157083928,-177.822133344454,92.8054223409106,-1.34563033691758,-3.60721408221305,10.364028568432,5.97918235310815,-32.4083151203751,164.399006826676
3059,30.58,56.207,11.5446644464948,1.28413734016355,-177.862842686887,92.4571342998965,-1.29919595231869,-3.62253638199953,10.4659810581311,5.96358220821696,-32.4042136249017,164.514472458678
3060,30.59,56.217,11.9107985414227,1.32946060853067,-177.907095191146,92.1206409664154,-1.28137058039963,-3.62327145667856,10.6040552713579,5.97736115884762,-32.3497722769381,164.55610569476
3061,30.6,56.227,12.302748397755,1.3999742902639,-177.924215838127,91.7581147171261,-1.21916339816523,-3.72013729492302,10.737295958278,6.01863921481471,-32.1980249191834,164.617072044563
3062,30.61,56.237,12.6613989737261,1.43432683400494,-177.973386905389,91.4298600835176,-1.20436498280693,-3.69113157627146,10.8264075788002,5.99548794017956,-32.2443150186403,164.733422344289
3063,30.62,56.247,13.0379815144987,1.4792731799612,-178.01970869339,91.0725098343578,-1.19797974090952,-3.80755978029376,10.9543393501256,5.99656384399288,-32.0784105724852,164.80837810321
3064,30.63,56.257,13.4082850187398,1.49898886825702,-178.103923223894,90.7278691968385,-1.11914434777259,-3.7973177406492,11.1139919380434,5.97509620265351,-31.8911170045645,164.819897726955
3065,30.64,56.267,13.7717913149752,1.54096851210101,-178.113197375905,90.3942407595386,-1.1039375986979,-3.81988305883612,11.1772159872717,5.96735268962703,-31.8607832821555,164.966889672769
3066,30.65,56.277,14.1554673288431,1.55508384811766,-178.17584976315,90.0472508332761,-1.08544468747252,-3.83369774596056,11.3218338970953,5.93870251321669,-31.7330422709632,165.001000354456
3067,30.66,56.287,14.534993250153,1.58695457128895,-178.191078235303,89.6455447790914,-1.09901959293252,-3.83950674163147,11.439381121757,5.9251792991128,-31.6529969757779,165.02664490557
3068,30.67,56.297,14.9127384028427,1.61162158074214,-178.220202202032,89.2811755215334,-1.07594185093244,-3.87284075920238,11.5374817356272,5.92234892656286,-31.6722649813424,165.083396056659
3069,30.68,56.307,15.3010887097007,1.6241596990872,-178.248515671585,88.8765878989287,-1.05826498891669,-3.87933157942873,11.6497392950358,5.88915853116514,-31.6608069250835,165.146975451955
3070,30.69,56.317,15.6894510120109,1.65682890407684,-178.308243797416,88.4743712770286,-1.01879770303887,-3.93908888188688,11.7914526120044,5.88707220154241,-31.5921140790123,165.196957164423
3071,30.7,56.327,16.0702966784777,1.67459425694186,-178.332130617739,88.0545537650705,-1.0500253648941,-3.96156299003345,11.902407198143,5.87510614911884,-31.6767320503672,165.245206490981
3072,30.71,56.337,16.4553200370843,1.71256457377373,-178.390686047521,87.6590659842865,-1.03054615270995,-3.9307755811492,12.0284917497657,5.88711262961068,-31.650747497533,165.298225801632
3073,30.72,56.347,16.8209876574198,1.74332349209026,-178.384442923964,87.269592610397,-1.05588195190987,-3.94058397142501,12.1388154144257,5.87905197097784,-31.5637449262157,165.283200778105
3074,30.73,56.357,17.1896048039777,1.75372867969889,-178.464202793851,86.8767372848171,-0.964235696644835,-3.93617195216633,12.258214192814,5.87260773122026,-31.4592606881431,165.339799742788
3075,30.74,56.367,17.5041744036224,1.68317500775528,-178.481974120809,86.5312063109335,-0.985780931882635,-3.81376606638087,12.2966219929523,5.78016981483998,-31.5001160461238,165.425611237944
3076,30.75,56.377,17.8578955937708,1.6849643227515,-178.578873085916,86.1700667258214,-0.900088088450264,-3.79525838576902,12.4352476826541,5.75364912327038,-31.2909963209977,165.41606740192
3077,30.76,56.387,18.2169306572495,1.69450086138464,-178.584356502506,85.8030948887178,-0.899171086057832,-3.76527432372586,12.5337526994745,5.75087325622234,-31.2664985223392,165.467892460852
3078,30.77,56.397,18.5766107444139,1.69751583277924,-178.665574306993,85.4408851437898,-0.810740353394759,-3.83706678639769,12.632873333323,5.73102636182861,-31.2720799836387,165.552600211196
3079,30.78,56.407,18.9079844683384,1.69154239944622,-178.656679520417,85.1098005941237,-0.772334129440622,-3.75963351401967,12.7009333205874,5.71657385730329,-31.2925974450184,165.609922479395
3080,30.79,56.417,19.2652356753223,1.69351451980283,-178.716729425481,84.7797156900102,-0.708964016780039,-3.78351552836349,12.839866957246,5.71325248535472,-31.1752855293497,165.603894485974
3081,30.8,56.427,19.5912078100115,1.69287456284169,-178.724857165797,84.4751034824491,-0.703229350065996,-3.78227144822812,12.9057003061787,5.71366282605558,-31.2036558755818,165.654022185618
3082,30.81,56.437,19.9108363350033,1.68076167450347,-178.764957888057,84.1794825351322,-0.637516722324358,-3.79851642649849,12.9938985665133,5.68464035458839,-31.3166339013128,165.71157677402
3083,30.82,56.447,20.2266114139986,1.68128201896025,-178.761218986373,83.8728763407357,-0.618247298591253,-3.80241688472523,13.0678011312632,5.68568562495131,-31.3127585880569,165.739437418038
3084,30.83,56.457,20.5282350010002,1.6706815486754,-178.799775872537,83.5842808580751,-0.508449395225066,-3.81146537897927,13.1588847761215,5.67721516791275,-31.2389413633869,165.714644380346
3085,30.84,56.467,20.8384741465094,1.67253124339417,-178.789227899274,83.3058197405225,-0.506593528171994,-3.79123361615652,13.2222702868142,5.67798005741271,-31.2979028643076,165.779394770058
3086,30.85,56.477,21.1474462990947,1.67628607562917,-178.817234113741,83.0216110507911,-0.448839197201361,-3.78991867530868,13.2974167567198,5.65991360596451,-31.3169115101649,165.849949513739
3087,30.86,56.487,21.4453868530194,1.6817640128084,-178.815736530891,82.7155436234809,-0.453412074794535,-3.83042051880784,13.3577273288966,5.65204294700064,-31.2985679327747,165.893488967682
3088,30.87,56.497,21.7444743571505,1.66267013208676,-178.805917597631,82.4119287728512,-0.447473709898812,-3.79024488939535,13.4221177540979,5.64290954994002,-31.3414907942344,165.948632126118
3089,30.88,56.507,22.0297682752011,1.65881541055182,-178.816055251226,82.1025178814839,-0.418299893635293,-3.75932736438914,13.5115940960511,5.62663023915723,-31.3562161177452,165.946910204235
3090,30.89,56.517,22.298986944922,1.64286113446833,-178.838887907174,81.8489994519093,-0.387394881902722,-3.74608105205768,13.5748000442611,5.60486969938936,-31.2735327600208,165.997891564526
3091,30.9,56.527,22.5760657242003,1.63300150006307,-178.820911445036,81.5554187852668,-0.36217298820054,-3.81211372858413,13.6515523113964,5.61447902644783,-31.2889742594742,166.012350053785
3092,30.91,56.537,22.8340320639206,1.62479036238955,-178.848479953553,81.2941716380223,-0.290711521833675,-3.80215073121152,13.7050778841401,5.58106690677841,-31.3221426740608,166.065663425849
3093,30.92,56.547,23.102789681803,1.63121326018779,-178.822048403436,81.0249041991917,-0.295493739912375,-3.84016514175605,13.7527101883849,5.58632928459607,-31.4821557357712,166.131931656988
3094,30.93,56.557,23.3352981721054,1.60520017478375,-178.853834137717,80.7797009947766,-0.23707987936409,-3.8100099556236,13.8701850360156,5.5655561322017,-31.339744733071,166.098797704491
3095,30.94,56.567,23.5751197375259,1.5894617682249,-178.832954127807,80.5487816390938,-0.231361062072539,-3.80511589305709,13.8844324954296,5.55911002554763,-31.333750474558,166.154538144994
3096,30.95,56.577,23.8018932230561,1.58417764326722,-178.846090185772,80.3102912365331,-0.202465599971923,-3.75302175060329,13.9696400648458,5.56009013024607,-31.3179478390285,166.138765389624
3097,30.96,56.587,24.0291382889185,1.57520295443535,-178.855467714958,80.1132769673797,-0.188386302091019,-3.71298880373855,14.0542743491999,5.54189142742516,-31.3662037169106,166.183066650227
3098,30.97,56.597,24.2548107237225,1.55993942474038,-178.850212807918,79.9097401561499,-0.172003084748957,-3.71436901002114,14.1370055432796,5.53247012159945,-31.2838234165365,166.228974051495
3099,30.98,56.607,24.4656506525155,1.56015157538831,-178.86728294191,79.7058037161936,-0.168404254175108,-3.73586075622387,14.1904703033171,5.53124452671096,-31.1711815903389,166.285328808422
3100,30.99,56.617,24.6853145002569,1.55405173431046,-178.868994475514,79.5165894252199,-0.175269264322902,-3.68380817080138,14.2670859079776,5.50228885074838,-31.0689650587944,166.33813748578
3101,31,56.627,24.9018105907682,1.52945563411881,-178.901790236065,79.2755904966961,-0.130058972691452,-3.62602023780588,14.3730301903768,5.47910223561345,-31.0322752022438,166.359662419786
3102,31.01,56.637,25.1161382407557,1.52179978327842,-178.926042528938,79.0575054499952,-0.0973284222867758,-3.65541256767561,14.464047340965,5.46279138127752,-30.983319010923,166.394143875485
3103,31.02,56.647,25.3203183456314,1.49753692658749,-178.974736356973,78.839493622795,-0.0449013441886269,-3.63554856059104,14.5826392368822,5.43272360072853,-30.8850403959713,166.420865686675
3104,31.03,56.657,25.502490300078,1.47963428679715,-178.984156399985,78.6336338729492,-0.0182916752427948,-3.64827208131911,14.6336386665246,5.40423744849949,-30.931057311231,166.494278747108
3105,31.04,56.667,25.6901386821344,1.47192380752242,-178.979260943154,78.4301592452574,-0.0471676377770333,-3.59602943074244,14.7071332580622,5.39932008530991,-30.9989302434565,166.544335970246
3106,31.05,56.677,25.8544121643243,1.44894167199239,-179.031512829177,78.2577923987804,0.0343848481044566,-3.59108575321037,14.8131151505394,5.37961142545531,-30.8115987112706,166.532693253094
3107,31.06,56.687,26.008691581287,1.40917506699574,-179.036657598859,78.1018356780017,0.0408678453511543,-3.56496028060503,14.8787593195324,5.33869798744754,-30.8177824075721,166.585277026373
3108,31.07,56.697,26.1770364382925,1.3984917034961,-179.101669139277,77.9726228722429,0.138484649373914,-3.55587784206722,15.0175796695228,5.32162028308418,-30.6945395304629,166.566520680626
3109,31.08,56.707,26.34693713207,1.38776128635089,-179.115695524892,77.8398073974747,0.15101293253139,-3.57574789718822,15.1075644502189,5.30031838195136,-30.6002528465523,166.622432753789
3110,31.09,56.717,26.4800892868914,1.36614924624394,-179.113193428746,77.7263361559908,0.19844598616583,-3.52459801991583,15.1579474472943,5.27414833247993,-30.6426435707992,166.689462472223
3111,31.1,56.727,26.6285166916459,1.35542115194511,-179.127189404534,77.6220948264166,0.260083400854863,-3.48978954152067,15.2224505009363,5.24991914132574,-30.6172162913129,166.741533871795
3112,31.11,56.737,26.7597323988115,1.32629431994676,-179.174216474221,77.5281908582983,0.304846464743458,-3.41428136976351,15.2882232649672,5.20394243624046,-30.5201025900347,166.810987533364
3113,31.12,56.747,26.8747943396822,1.30284701931802,-179.195132868136,77.453050328185,0.359774865247131,-3.45392677294842,15.3672482522779,5.19827023541366,-30.4594149641396,166.81450457148
3114,31.13,56.757,27.0047341201726,1.26125598292933,-179.227464289636,77.3507435541651,0.40897178079126,-3.39191616739197,15.432484149194,5.15591245043855,-30.4432414022637,166.844592937381
3115,31.14,56.767,27.1119161221183,1.23941724825727,-179.16122042669,77.2845437494534,0.370980682239509,-3.40951192160219,15.4011242682007,5.16355252339171,-30.5042951356393,166.958532625618
3116,31.15,56.777,27.242066333787,1.21847738125415,-179.182640521281,77.209839245007,0.396252656197594,-3.39344478026394,15.4916347431592,5.1578975888321,-30.4889772764595,166.976775620298
3117,31.16,56.787,27.3347296897758,1.20373698928541,-179.199593938858,77.154608926469,0.431700037526013,-3.37041697030984,15.565679136275,5.15085760810644,-30.4669710683787,166.949148443722
3118,31.17,56.797,27.424478438347,1.19343045980225,-179.261279151398,77.0891792512618,0.532685808633595,-3.36731254865966,15.6375135479633,5.13346240915341,-30.4026194029848,166.945703634183
3119,31.18,56.807,27.5162872644856,1.17495861887723,-179.307831971887,77.0338816928519,0.610398482257479,-3.3323061398712,15.7171353062541,5.12714765726243,-30.2840886804134,166.917288022009
3120,31.19,56.817,27.594498183907,1.15068745366078,-179.317552482959,76.9993582624996,0.6603672735189,-3.37288246864214,15.7553874710849,5.11432805010854,-30.3815598233863,166.929561094942
3121,31.2,56.827,27.6604812463661,1.13300234120314,-179.34722180909,76.9489595369601,0.708416037307863,-3.34845204767983,15.817725552407,5.11303088113579,-30.265794772071,166.894387807015
3122,31.21,56.837,27.730132391948,1.11611353131851,-179.369434218411,76.9108098364126,0.776234070351554,-3.37063671799988,15.8650331881099,5.10959054050016,-30.2882889223521,166.912840152995
3123,31.22,56.847,27.7897642746068,1.09671133551134,-179.413336563204,76.8597874142573,0.849338305412638,-3.30719113205591,15.898867964639,5.0776548040436,-30.3010365161472,166.92803933588
3124,31.23,56.857,27.8513523832875,1.07851999290888,-179.443947515905,76.7872731837781,0.883905957089826,-3.27728154328876,15.9473435597077,5.07129863234712,-30.238405616782,166.936611403408
3125,31.24,56.867,27.9206102709535,1.06538865101992,-179.478508043038,76.7218729286702,0.94390671427403,-3.22083276045399,16.02125554087,5.0519647725855,-30.2190010404233,166.926232404868
3126,31.25,56.877,27.965023539778,1.02547403412507,-179.494078133581,76.6681207111858,0.975191353479149,-3.18470724257585,16.0271550566485,5.00294313139594,-30.23259453882,166.98008876902
3127,31.26,56.887,28.0145610432526,1.0118659453913,-179.495883019675,76.6163116800341,0.996256679503619,-3.17081035344394,16.0606154271034,5.01440321954529,-30.2894106062217,166.982980951308
3128,31.27,56.897,28.0425128254797,0.994021625926593,-179.516006108474,76.5877585695547,1.02947267236988,-3.14844813785178,16.0847405355537,4.97744219003917,-30.3312988114385,167.004138661724
3129,31.28,56.907,28.0681929845913,0.987726549229942,-179.516218161778,76.5624779072996,1.0623768903873,-3.1514294227647,16.0915416712808,4.9784647495059,-30.3656648416492,167.035192727719
3130,31.29,56.917,28.0935886639868,0.967976815670038,-179.526662999839,76.5569065128588,1.11252161448538,-3.17917035446478,16.1113910946708,4.97853616098023,-30.4447133146094,167.039209804726
3131,31.3,56.927,28.0900190967096,0.963099479066087,-179.53019977204,76.5559701513144,1.15991105989269,-3.15282006310022,16.1124600774733,4.96126676783033,-30.4890966182422,167.025552352593
3132,31.31,56.937,28.1026183592749,0.950090418465971,-179.527194471931,76.5429045673137,1.19904835890483,-3.17039066933147,16.1350122897955,4.9606058147175,-30.5408155730423,167.020995627702
3133,31.32,56.947,28.0924375548849,0.948742999066434,-179.495778729598,76.5514218486322,1.21967799097536,-3.19747662293761,16.0944399619099,4.95737368673609,-30.5688847603833,167.051721922114
3134,31.33,56.957,28.0894563638479,0.958887530290233,-179.427716003583,76.5302905877593,1.1815674224197,-3.24025232749081,16.0279612827934,4.99576407673595,-30.6683101344292,167.124902751526
3135,31.34,56.967,28.0619812267642,0.942116384163513,-179.404001679022,76.5100981564286,1.20025300505013,-3.28163484549891,16.0318340347702,4.99181522671058,-30.6346379443018,167.067957136965
3136,31.35,56.977,28.0333155032679,0.937023309324393,-179.395345961215,76.5067439578711,1.21067029394885,-3.27983981756994,16.0005795826568,4.98250179265275,-30.6790821137496,167.081968434852
3137,31.36,56.987,27.9989920059469,0.9417725659882,-179.38049541574,76.4929924275325,1.23015828326675,-3.31054688753862,16.0111122117253,4.99203176210073,-30.6693126084598,167.057266207251
3138,31.37,56.997,27.9619372980266,0.937530326104948,-179.322817709194,76.4751384268712,1.16391271844269,-3.35906432365675,15.96182141809,4.9889675423469,-30.6808525220523,167.074966751747
3139,31.38,57.007,27.9107614655218,0.935815347262873,-179.313144758833,76.4802969896866,1.14810861781507,-3.38329579441984,15.9336585518547,4.98708618082279,-30.6775988651471,167.063625040191
3140,31.39,57.017,27.865396250698,0.939940799093062,-179.274684292254,76.4721396763185,1.12838141148931,-3.37378655783096,15.9000471387071,4.98231479864919,-30.702333653653,167.064484273157
3141,31.4,57.027,27.8173065438241,0.943010171692616,-179.252621009484,76.4750947987178,1.1133201156312,-3.37823853394556,15.9017576682348,4.99485946695519,-30.7639197885956,167.02775153243
3142,31.41,57.037,27.7568427322248,0.954889710389476,-179.224827222805,76.471653709742,1.10409749354508,-3.41290307244654,15.9051515392521,5.01018711785973,-30.6690362119438,166.972525966137
3143,31.42,57.047,27.6739393843389,0.956334312898443,-179.224309633283,76.4966829874498,1.15119832555668,-3.40375173741242,15.8607915535782,5.00244928441144,-30.6851574282679,166.974033937274
3144,31.43,57.057,27.610662896041,0.962321779532019,-179.178810273096,76.4843539500096,1.16217931462936,-3.4491633608124,15.836368542727,5.00232687531013,-30.7433149840752,166.967452096951
3145,31.44,57.067,27.533112327794,0.972882214952188,-179.146763417391,76.5085038031443,1.15101714554019,-3.42662384984279,15.8014040775087,5.01588509855132,-30.7257654010685,166.954079212083
3146,31.45,57.077,27.4531661609087,0.973877388458796,-179.114938662365,76.5098714085045,1.14205131908905,-3.43109578890464,15.7886375920054,5.01823488504094,-30.7658839881912,166.933107283761
3147,31.46,57.087,27.3548418925358,0.96589692129294,-179.091257124603,76.5207848209137,1.1391078932798,-3.39511203240854,15.7544646489791,5.00449071602217,-30.7276626567488,166.893368314766
3148,31.47,57.097,27.2526561250048,0.96233405878464,-179.093508464428,76.5361667953876,1.1819606402855,-3.38353541225149,15.7333170411201,4.99026583584695,-30.6857821899968,166.870382941556
3149,31.48,57.107,27.1425471492027,0.972673230189192,-179.051254109416,76.5679982331322,1.19935131578992,-3.40777824348788,15.6824762408105,4.9918519493756,-30.7583843877328,166.902097943396
3150,31.49,57.117,27.0356717769726,0.968504504671863,-178.944471349855,76.6070801488352,1.13042275481409,-3.3763311528312,15.5965297815067,5.02294705709948,-30.7846120744967,166.94140425384
3151,31.5,57.127,26.9210021804084,0.968117792163443,-178.940748439609,76.6211552454014,1.14102123022989,-3.36244664810765,15.5827212714703,5.02579523165004,-30.7730119422451,166.924242078945
3152,31.51,57.137,26.8011770348072,0.966919298572971,-178.942307926991,76.6707385954798,1.16952727676026,-3.35732064012589,15.5562496380369,5.00167480098992,-30.814549399434,166.931484996956
3153,31.52,57.147,26.6838251201159,0.969437751856139,-178.913660896932,76.7053406910021,1.18461897896996,-3.34200003211161,15.5523118211561,5.00219780812517,-30.7985887993641,166.895933424957
3154,31.53,57.157,26.5495311992158,0.948944299842036,-178.918392984376,76.7744518331104,1.23042684734229,-3.3469968596663,15.514867455524,4.9682835297143,-30.7974417293162,166.888667666294
3155,31.54,57.167,26.4193180326011,0.949656319790719,-178.909361592278,76.8280048752986,1.26383292315377,-3.33183730830266,15.511953012275,4.96676159722112,-30.7453078515942,166.827205592779
3156,31.55,57.177,26.257749926745,0.956440829625129,-178.878767183401,76.9590416389631,1.27146787346841,-3.32310438231192,15.4104323787065,4.96120160941224,-30.7563901226073,166.878208163549
3157,31.56,57.187,26.1120022437548,0.958765251734647,-178.888937873092,77.0570866107545,1.30836005523368,-3.32961705021572,15.414697290104,4.95390772390222,-30.6795166268653,166.82556654871
3158,31.57,57.197,25.9502086554725,0.954126794529654,-178.851327278738,77.1569063049639,1.31114000387895,-3.34274922833301,15.3476962242122,4.95768264570659,-30.6017423606105,166.826191991171
3159,31.58,57.207,25.7803576726238,0.968512408994753,-178.85813205752,77.2777515568933,1.35708390625751,-3.3482917944051,15.2903673362186,4.94537065463593,-30.5536088412175,166.815055634354
3160,31.59,57.217,25.6064300224597,0.972394094665882,-178.842375741366,77.4305979089375,1.38019461526902,-3.37425520993249,15.233275659055,4.92249956052753,-30.5059600082652,166.819345627023
3161,31.6,57.227,25.4076294877959,0.964569523469844,-178.820182716182,77.5854563203037,1.39594187568842,-3.35713587222789,15.1382218505539,4.92039659663257,-30.5896846189076,166.838132730546
3162,31.61,57.237,25.2221287481436,0.964944731106862,-178.821248446466,77.7425839930621,1.40533245636577,-3.34317512545981,15.0759544139787,4.90910142675864,-30.5594895776375,166.832736157823
3163,31.62,57.247,25.0073048380654,0.968493123674785,-178.819841702284,77.9222900194989,1.38147569115593,-3.3803874897162,14.9857113578682,4.88864851200828,-30.5131475288146,166.797872123192
3164,31.63,57.257,24.7832760339174,0.990744127394782,-178.778695740632,78.1244970073365,1.37254583786585,-3.37844999062745,14.8555043978607,4.89776513466412,-30.5499308502165,166.791239527552
3165,31.64,57.267,24.5587133032567,1.00303084963136,-178.777470519189,78.3502860449896,1.40290267986591,-3.3761612266068,14.7723610387287,4.91888404906636,-30.4374934992064,166.709571096705
3166,31.65,57.277,24.3063498249451,1.00887764394531,-178.765596138282,78.5966408247446,1.3964968333359,-3.37628960139859,14.666364257479,4.91111194373218,-30.3705345735542,166.671866239337
3167,31.66,57.287,24.0330950237161,1.0131806351227,-178.748560884192,78.8668956375642,1.40099186923288,-3.346324977329,14.5257827636624,4.88485553810149,-30.4385261163638,166.661757686069
3168,31.67,57.297,23.7618999254208,1.00034171331398,-178.75549457185,79.1387250394512,1.40496471829611,-3.34768942539909,14.4172814597986,4.86888332059923,-30.4621195013814,166.630035192155
3169,31.68,57.307,23.4899417848551,1.02618114190969,-178.734045399012,79.4269046440534,1.43870539230652,-3.35737032562323,14.2719963380409,4.87340823640621,-30.5860036158445,166.638216656004
3170,31.69,57.317,23.1866318753653,1.03418753947985,-178.740678215282,79.7509255894013,1.45413073461352,-3.34898477879557,14.1249731885507,4.86887216793863,-30.4761933605756,166.609983314126
3171,31.7,57.327,22.9014187538396,1.0416843494683,-178.74535646417,80.0333798362517,1.4469068368319,-3.31892088773211,14.0267752719009,4.87341674747717,-30.472139010983,166.54138844284
3172,31.71,57.337,22.5916304323988,1.05316310818132,-178.757987884978,80.34734572758,1.50436230502356,-3.27008526230223,13.8747635049976,4.84869863486234,-30.6503511899019,166.523686676231
3173,31.72,57.347,22.2761609578262,1.05073175850003,-178.735668506488,80.685846891996,1.49888207505734,-3.28714498572614,13.7221478934703,4.83696577615278,-30.7350101234491,166.529857969946
3174,31.73,57.357,21.9601251759727,1.07693403044536,-178.728286767887,81.0047243004354,1.47479119050618,-3.29206924916198,13.5753293556839,4.84754907120655,-30.7654358538452,166.500812426431
3175,31.74,57.367,21.6161395321399,1.09101127017202,-178.740990275622,81.3576856839897,1.5216307496152,-3.25877053804969,13.4278871235714,4.85654340938553,-30.8302593900559,166.480053296314
3176,31.75,57.377,21.2600970684836,1.10368026013823,-178.713373863221,81.6749366280125,1.31874071664759,-3.40863539940135,13.2185315362665,4.82991442525272,-30.9324542834481,166.482497617737
3177,31.76,57.387,20.9017497968043,1.08694233525136,-178.728475216501,82.0613374408493,1.4470756584483,-3.30964152177513,13.1000590050781,4.80518263214467,-30.8467886615253,166.37496989093
3178,31.77,57.397,20.5247292006647,1.10007895037708,-178.715072717671,82.4336766565018,1.53840673779283,-3.26234973794609,12.8982182156532,4.80793899584029,-31.0415147312922,166.379346025009
3179,31.78,57.407,20.1529624879662,1.12714973239051,-178.722595996292,83.0141072613461,1.03618067794172,-2.5071759734932,12.7590601845536,4.79953582311376,-31.1828049607403,166.281782938231
3180,31.79,57.417,19.7747377167182,1.14994305798698,-178.740721912093,83.4253123139711,0.993963120575203,-2.37264367447417,12.6166126833348,4.80883809123843,-31.0682771012118,166.186105345258
3181,31.8,57.427,19.3592962725784,1.15888790627988,-178.729520324036,83.8718395089071,1.04782982645072,-2.32844187677636,12.4301216915915,4.80348623218106,-31.1915779034591,166.124394190331
3182,31.81,57.437,18.9582621295575,1.18468951213156,-178.722069185368,84.1436481824713,1.50791456599138,-2.8600617824884,12.2294975634995,4.81737723218721,-31.2471801472819,166.119973620214
3183,31.82,57.447,18.5343201413529,1.19784170119363,-178.70947621609,84.5850134361779,1.58649485483641,-2.99975883149271,12.048808621285,4.82022023045007,-31.2877201272517,166.051992568313
3184,31.83,57.457,18.1162434678405,1.24146452639597,-178.700571854296,85.0125366090578,1.66061490426022,-3.02895196561568,11.869045522567,4.85646329324855,-31.341023546989,165.96084183913
3185,31.84,57.467,17.6851375267568,1.25341821336288,-178.717249708648,85.4739921342829,1.65999391658617,-3.03813894453629,11.6676468322606,4.86210289488995,-31.3512339672075,165.910627364756
3186,31.85,57.477,17.2564305523275,1.28706373118224,-178.731038244441,86.070490515339,1.08365960828056,-2.41542666707307,11.5351249644639,4.89085663637711,-31.2748573683879,165.782727881855
3187,31.86,57.487,16.816215278687,1.30371879384735,-178.687775930632,86.5487810856598,1.05251743238642,-2.3198882537943,11.2827925513328,4.90886585473893,-31.5289180671611,165.81503694515
3188,31.87,57.497,16.3699335244908,1.30900359110213,-178.665370760386,86.9638507640854,1.0211348414382,-2.30358292735046,11.062410042313,4.89994445683379,-31.6903635182291,165.802485053231
3189,31.88,57.507,15.921755021152,1.33962631237584,-178.636762678997,87.3242239110728,1.55000188538558,-2.7430041682851,10.8590980191798,4.92716486921966,-31.62088845474,165.734565512068
3190,31.89,57.517,15.4810555288278,1.36446879538026,-178.606111544558,87.7300233932601,1.56177778561518,-2.89110148709115,10.656070369016,4.9676147200411,-31.7222723964126,165.68033568878
3191,31.9,57.527,15.046962102898,1.39231323186658,-178.605370075702,88.1420503821728,1.61539414341844,-2.94788525970749,10.4617092059069,4.98264719970753,-31.8131053291017,165.658821704672
3192,31.91,57.537,14.600609926631,1.4138739344713,-178.57928244004,88.7482918117256,0.943352468923778,-2.23693384921227,10.2640684646784,5.00509674994975,-31.8416869164767,165.586605016968
3193,31.92,57.547,14.156085568183,1.42869461448945,-178.546928615029,88.9723489792584,1.73214888072157,-2.9631336213746,10.0522432837369,5.0212268725182,-32.0424252829508,165.593153004788
3194,31.93,57.557,13.709315590825,1.46772472040326,-178.534708609739,89.4020255076677,1.70064976772813,-2.9599164343647,9.82477223591916,5.05364612700434,-32.2234548367201,165.561074744602
3195,31.94,57.567,13.281113153198,1.45447791911071,-178.431628201465,90.0141228462457,0.798071824649554,-2.13844081112178,9.53973804656986,5.09205913243257,-32.2879284908781,165.561948942865
3196,31.95,57.577,12.8435061956385,1.46140415425065,-178.402500843283,90.2012697698824,1.65341230052447,-2.97466707130101,9.34441504205092,5.12446234709465,-32.4161949623978,165.519017465261
3197,31.96,57.587,12.421765622439,1.47929248985845,-178.363356717109,90.5733342071403,1.57769037523954,-2.95671547593702,9.11403523654261,5.13995323607765,-32.6287320537491,165.52486676701
3198,31.97,57.597,12.0003013153439,1.47903020267737,-178.354037268935,90.9461976861194,1.64467085415718,-2.95558195578424,8.94001012282898,5.14527171924757,-32.6378508594164,165.445126224
3199,31.98,57.607,11.603645550288,1.50455413815638,-178.324622559792,91.2854644963237,1.56589330769703,-2.9601903996529,8.75718318402636,5.17146885116162,-32.7334274541729,165.397647776683
3200,31.99,57.617,11.184593269731,1.50104102171431,-178.308616580382,91.6441987310538,1.60686747067119,-2.95087475249057,8.57933520534791,5.17749561020247,-32.7697352178469,165.290174822826
3201,32,57.627,10.7741041930217,1.53513540920477,-178.293931483685,92.0133913992956,1.577369935844,-2.96655655938296,8.37479892778453,5.200161399284,-32.9270326081978,165.285645952964
3202,32.01,57.637,10.3828401910831,1.55175229101879,-178.275689450475,92.334296648383,1.55949989731605,-2.94525725272452,8.18826207268783,5.20535048859202,-32.9941738200474,165.259080508042
3203,32.02,57.647,9.98923433716493,1.54838335812917,-178.233642301136,92.6877462393725,1.55218276464895,-2.93646540865217,8.0014055314919,5.20847708367713,-33.0102859487443,165.214475820792
3204,32.03,57.657,9.61441475737175,1.57909477679945,-178.22897658013,93.005200806289,1.53621882435923,-2.94085844771433,7.84245572967108,5.2254997390926,-33.0906800169638,165.141105195883
3205,32.04,57.667,9.25940988173813,1.59609380094722,-178.181083033411,93.3234066112577,1.52637673259512,-2.93413788556857,7.66712487942525,5.23296500733357,-33.2184532073515,165.121586444672
3206,32.05,57.677,8.89582760299005,1.61075216763945,-178.220753520541,93.634643409005,1.49971657400939,-2.9412764127145,7.5207771760113,5.23840671335111,-33.2337142540435,165.065236463477
3207,32.06,57.687,8.5655646012782,1.63697952181565,-178.173704412238,93.8860015873244,1.51735338472396,-2.94623101039122,7.35337222787685,5.24200657249787,-33.3555813564804,165.071177339633
3208,32.07,57.697,8.24819151007807,1.64212618676021,-178.174209768003,94.1187935858783,1.50055970493503,-2.92576807636618,7.23775647720884,5.22967543636788,-33.3999913860391,165.018971263043
3209,32.08,57.707,7.93099607939361,1.67103156033363,-178.177019396328,94.3658982980465,1.52794345966997,-2.94689454934565,7.10608391901326,5.25280388105743,-33.3803823889203,164.941008630841
3210,32.09,57.717,7.63578590443137,1.68944925887007,-178.190907642852,94.5927152669683,1.5842187904481,-2.97016396872623,6.99940802103637,5.25158551169745,-33.4301049561962,164.889610534897
3211,32.1,57.727,7.35244288702426,1.6944553769112,-178.173475163752,94.8063223263074,1.57315696368986,-2.96430609708166,6.88699089041978,5.23871319869197,-33.5308603346541,164.858850708148
3212,32.11,57.737,7.08722822347375,1.70790372264684,-178.147390066869,95.0400333969157,1.64142956070793,-2.95261683146116,6.76487251085048,5.24030964658755,-33.6558492524609,164.846846297597
3213,32.12,57.747,6.81155587280542,1.7024308388718,-178.154193771789,95.2977493857265,1.65588969207246,-2.96436150780173,6.63107181881457,5.20052620980349,-33.7583408900431,164.834796083321
3214,32.13,57.757,6.58670857006835,1.71747366244641,-178.163352777462,95.4966880447093,1.69383924229897,-2.98201657381451,6.56705834401879,5.19926153251665,-33.8577177825213,164.760067861609
3215,32.14,57.767,6.34941727887982,1.72242271474365,-178.146496021952,95.7257961802466,1.72668274783358,-2.96855565037987,6.45943721208819,5.1839532835588,-33.9845530538656,164.657819157678
3216,32.15,57.777,6.11786447895815,1.74198477144347,-178.113503718038,95.9535348789667,1.67978599106412,-2.95248876845287,6.35165415296291,5.19457423596141,-34.0608596670341,164.653777404999
3217,32.16,57.787,5.8906025702357,1.75318183347406,-178.11772079618,96.1839330710987,1.73541904022063,-2.96225493693657,6.24523722615906,5.18806607337719,-34.1570567976081,164.652163409849
3218,32.17,57.797,5.6383353651628,1.78378725480565,-178.10918852208,96.4571669763998,1.77898383745101,-2.93444715179071,6.11205726214325,5.20819029453098,-34.2319037293055,164.669374893921
3219,32.18,57.807,5.38487624751647,1.76689319484018,-178.101087535479,96.7158099721723,1.767930429225,-2.85159850022213,5.96901023596208,5.17575543786526,-34.336534126915,164.679787344084
3220,32.19,57.817,5.17391095163895,1.79103010975269,-178.100968255489,96.9538524082063,1.78394468219182,-2.89011096634217,5.88542415645209,5.2088956113463,-34.4291847550957,164.650714576679
3221,32.2,57.827,4.95665601580944,1.80775000940346,-178.095359050839,97.2072588657087,1.82567234646089,-2.88979140510793,5.76770058800799,5.20543501130081,-34.4722716161708,164.670778380048
3222,32.21,57.837,4.73277160934726,1.81804815589791,-178.09905608028,97.4462117302044,1.87774833936462,-2.85681475512259,5.66364400590232,5.21053043200929,-34.5331129770256,164.644525243956
3223,32.22,57.847,4.50545657244702,1.83969480357989,-178.100980355518,97.6899436264473,1.87881009134751,-2.83778570391604,5.52920505877241,5.21748144025725,-34.6665891248428,164.64545924052
3224,32.23,57.857,4.28724240178371,1.86408388164877,-178.107337360939,97.9289582970125,1.96226052578431,-2.84269750347581,5.4170108782051,5.23440640828734,-34.6768087489839,164.588181525982
3225,32.24,57.867,4.07208777615304,1.86821584724114,-178.079108982375,98.1627952009384,1.99442405973902,-2.8074759255798,5.28168310465331,5.21715903323915,-34.8175423237033,164.603528106125
3226,32.25,57.877,3.86116661642988,1.868003077963,-178.088153976938,98.3821462919503,2.01224205924668,-2.77849336851541,5.17134191007661,5.20387145831589,-34.8397864637603,164.597562736337
3227,32.26,57.887,3.66162514041387,1.88251283877552,-178.101731474381,98.585022859919,2.00921582011751,-2.77240601346729,5.05571203874155,5.1959627533108,-34.9173366380806,164.581327233826
3228,32.27,57.897,3.45794788462539,1.898089289876,-178.121634563237,98.8014331274633,2.08982711342546,-2.72433674720734,4.96005226001548,5.20444612040958,-34.9520371325567,164.549661469138
3229,32.28,57.907,3.25283471126872,1.89875062792054,-178.146010937132,99.0095153080411,2.15654797685609,-2.72652658388331,4.84322473529929,5.18666135603847,-35.0582610463542,164.512911731271
3230,32.29,57.917,3.07813261328561,1.92615179926384,-178.178986460149,99.1752174249416,2.20539516801571,-2.72259800867665,4.75564690051995,5.19236205940225,-35.2055202920966,164.507370763628
3231,32.3,57.927,2.86743961350278,1.91819095060621,-178.213352356041,99.3681700062544,2.20709610698715,-2.71045680594448,4.62697735376593,5.16496274777231,-35.2698644760485,164.485457972499
3232,32.31,57.937,2.70236585511947,1.93052441587199,-178.232342323015,99.5140221456784,2.2172926361229,-2.72539598036926,4.52236034705438,5.15964834200939,-35.4407146774863,164.497494798798
3233,32.32,57.947,2.53168370366609,1.93304937178943,-178.275378880595,99.6501877373793,2.29690965842209,-2.71624419807098,4.43614560391258,5.14665304412976,-35.5132418004865,164.499774445414
3234,32.33,57.957,2.37125571965464,1.92640026659169,-178.321839283341,99.7820127875469,2.37068567242282,-2.67078203411713,4.36000139229241,5.1290733613641,-35.571192169523,164.499312043624
3235,32.34,57.967,2.21163694071055,1.92608727993704,-178.347687248037,99.9220100101943,2.41122059983277,-2.71393917232854,4.27401549409235,5.11361128024386,-35.739879942418,164.493971401847
3236,32.35,57.977,2.06045630046698,1.91104982944808,-178.383910649226,100.03659467266,2.44412612521835,-2.68694442779484,4.17695634664806,5.07081110926438,-35.8876864865181,164.522681792546
3237,32.36,57.987,1.91394008453263,1.90804541254526,-178.447132036942,100.138021912693,2.48450656279811,-2.67352677167093,4.13172807878025,5.05751456769701,-35.8951068977505,164.524788208539
3238,32.37,57.997,1.78879551953617,1.90011373367161,-178.503951259532,100.21638626031,2.53802618304151,-2.67214533385013,4.0826746358835,5.0352281495629,-35.941120668351,164.543611540978
3239,32.38,58.007,1.66400460374115,1.90970955902265,-178.541271814018,100.297298399461,2.57732270148037,-2.69361419578258,4.02514862168183,5.03851558548743,-35.9931943180233,164.541669196503
3240,32.39,58.017,1.56829914224448,1.89870829352817,-178.587904106548,100.336337491111,2.61553539593173,-2.69843063940008,3.98880292466673,5.02105359951065,-36.0985377812074,164.57880637388
3241,32.4,58.027,1.45757531296039,1.88951227175552,-178.62673917656,100.396646426373,2.61875261514115,-2.6669819663191,3.93828187715077,5.00913312347381,-36.0609419825936,164.591509201467
3242,32.41,58.037,1.37395559487607,1.88412209794783,-178.659230596898,100.438736857393,2.63133433732071,-2.71345934472016,3.90089430884863,4.98771051608391,-36.1722288329586,164.642039009144
3243,32.42,58.047,1.30643328717025,1.88462535140715,-178.701088423482,100.46443511086,2.65046693937145,-2.75363696567398,3.89019306975436,4.98642886307582,-36.2060638405562,164.646966192353
3244,32.43,58.057,1.25673395860013,1.87811715549258,-178.747159076307,100.454047207109,2.68131756581128,-2.78914979380563,3.91508574330491,4.9859183884595,-36.243421786871,164.647482507918
3245,32.44,58.067,1.19657344097128,1.8746011465184,-178.802969517893,100.458754673533,2.71629418935062,-2.73139987087397,3.91296153559597,4.98089470880615,-36.2815783104911,164.658098326732
3246,32.45,58.077,1.13715354883752,1.87104213891943,-178.833631831379,100.4815074954,2.70827622905403,-2.73368580622079,3.88679011785338,4.97598831757831,-36.2669916704426,164.694905499487
3247,32.46,58.087,1.10074207840793,1.86255278646132,-178.86433774044,100.472775839338,2.7313982299994,-2.73041028095475,3.90066484509393,4.96758184597088,-36.3493449766254,164.734274263164
3248,32.47,58.097,1.06031315064776,1.84492977429001,-178.91077554038,100.473764753044,2.76776824644947,-2.69552088233859,3.90753912494251,4.95613128588268,-36.3281227204757,164.771672003517
3249,32.48,58.107,1.03771034389906,1.84185878745043,-178.957613321338,100.45843089903,2.79119966584008,-2.70362472573766,3.9548470474824,4.96319452937063,-36.2700517573345,164.752941357043
3250,32.49,58.117,1.00951492654888,1.83913710869777,-178.992170924124,100.439847589066,2.82755402607881,-2.73027474622387,3.96894898715677,4.9593183303615,-36.2932458876846,164.785087759478
3251,32.5,58.127,1.00295597768633,1.83857571537435,-179.023484060838,100.399842121306,2.83018070143991,-2.74760823055182,3.99821183339162,4.96113988976861,-36.2813028163581,164.81708479466
3252,32.51,58.137,1.00899846581909,1.83576888117719,-179.071161145185,100.335643290832,2.86733124283856,-2.76608412394454,4.04004892919372,4.95279654721508,-36.2086408779147,164.848148520513
3253,32.52,58.147,1.01391383475135,1.84374026182241,-179.097945314605,100.277255156919,2.88506620211265,-2.79770755228461,4.07736415302566,4.956251981713,-36.2023985543869,164.864212594856
3254,32.53,58.157,1.01963547883589,1.8374179406173,-179.157832512786,100.232899750698,2.9114386099957,-2.81226725530275,4.12939200371058,4.93815959618496,-36.1871866601278,164.881463565505
3255,32.54,58.167,1.03242559578171,1.835263352992,-179.182256778405,100.185611534346,2.93350026804316,-2.79154864836276,4.14823649863153,4.91782245677098,-36.1498899812556,164.929937121861
3256,32.55,58.177,1.04146865968472,1.82620945108958,-179.228859274218,100.130906168869,2.97836011714982,-2.78185554385361,4.19265147777888,4.90557729221299,-36.1293178822725,164.956185767822
3257,32.56,58.187,1.04630340483735,1.82275946728207,-179.262866397845,100.076034414334,2.97861678447757,-2.79200150562987,4.22006003517658,4.88995108760951,-36.047074352169,164.98057598324
3258,32.57,58.197,1.05893556839967,1.81519761654764,-179.309388525604,100.011737126642,3.02689871442061,-2.77268157501018,4.25127578580361,4.86330888941828,-36.0342888459934,165.023591110171
3259,32.58,58.207,1.07503035328428,1.82795497207794,-179.330206359141,99.9343939165463,3.03109548686137,-2.80777671829834,4.27742871612873,4.86522164559761,-35.9559204804783,165.048882875001
3260,32.59,58.217,1.08363788696616,1.82703428545563,-179.362950404076,99.8786061637231,3.06102675208378,-2.79024437080738,4.30085514950528,4.85585507023632,-35.9391448580333,165.080051536256
3261,32.6,58.227,1.09643782105631,1.8301509215487,-179.375242567628,99.8136368533148,3.06255340793092,-2.82949459289254,4.31183935232349,4.84689090103958,-35.8909513356939,165.121384893799
3262,32.61,58.237,1.11927585326054,1.83276249205107,-179.396610629494,99.7486407225039,3.0578553495336,-2.82878947419066,4.33964782262035,4.84273462977614,-35.8261611245183,165.148740407013
3263,32.62,58.247,1.14517703395527,1.83363880031361,-179.405090692343,99.6898873025521,3.04540237149411,-2.83434461868531,4.35741153428604,4.83875385978015,-35.8530960884993,165.172567945175
3264,32.63,58.257,1.18080920160167,1.80908622541515,-179.419698517171,99.6214026324288,3.04057200631168,-2.81406119944062,4.39554931484977,4.8178210852593,-35.8497090530488,165.192955217871
3265,32.64,58.267,1.20772388895859,1.80231294033709,-179.432672747791,99.5802947472262,3.03462609561736,-2.81440635562253,4.41228775653631,4.80744214428995,-35.8600321688373,165.220710094135
3266,32.65,58.277,1.25115823714862,1.8035407747666,-179.417876172463,99.5157625375061,3.01662935742814,-2.82590489980049,4.4194356700459,4.796460791962,-35.8463630239184,165.262359411257
3267,32.66,58.287,1.32049623745299,1.78519079891389,-179.426345327967,99.4219530599085,3.03588263291613,-2.78994776032496,4.47513548163672,4.78852036454773,-35.7927798918093,165.278366823133
3268,32.67,58.297,1.38028195805906,1.78067545730187,-179.405208924078,99.3320818075872,3.04685201916893,-2.77101673264463,4.48542769425596,4.78669140847591,-35.8105756205354,165.312698353206
3269,32.68,58.307,1.43778879754682,1.7585642858503,-179.415940694012,99.2388699604016,3.08302197136599,-2.78278929803646,4.52733170407668,4.77767952270977,-35.7031280641096,165.321902263097
3270,32.69,58.317,1.50107314308461,1.7444042101995,-179.396689769563,99.1507535575315,3.07243716782927,-2.76254075113964,4.53325370225706,4.76475052696186,-35.7514259749553,165.337557911301
3271,32.7,58.327,1.59320381155565,1.74005637680709,-179.377949441308,99.0377063369463,3.11022311991309,-2.78584398457226,4.58099349188674,4.77703543495944,-35.6667169539466,165.353212495169
3272,32.71,58.337,1.66019556342775,1.7361568506388,-179.369020374393,98.9636528666935,3.12735854804019,-2.80055810154427,4.60961957676684,4.78742656775892,-35.6471445943912,165.351782346962
3273,32.72,58.347,1.74413458593875,1.72721036556812,-179.32918154021,98.8753403920508,3.11768296569249,-2.80355322674976,4.61807739535136,4.78784282212169,-35.6424542863618,165.37419649314
3274,32.73,58.357,1.82284028214006,1.7337442979297,-179.319619851185,98.7946838026167,3.13991324277593,-2.80776910259539,4.64104754470154,4.80678890698223,-35.6874714945374,165.403090415989
3275,32.74,58.367,1.89948040698575,1.71802991396827,-179.279695147855,98.7221979839191,3.13558419499013,-2.78788430785317,4.63893194396713,4.80683071250271,-35.7349562264493,165.427508050648
3276,32.75,58.377,1.9805229676516,1.70816960273977,-179.280095783351,98.6644863961162,3.15533748123261,-2.81496276167392,4.66962025077571,4.82012381737724,-35.7140535593142,165.435444486405
3277,32.76,58.387,2.05808628536051,1.69685864186268,-179.210916366029,98.6186473234494,3.13955416387513,-2.78188892656589,4.63971910054566,4.82040486804766,-35.8001727534397,165.453274456231
3278,32.77,58.397,2.14323604325737,1.69486518698829,-179.201215210255,98.5590077291065,3.16659248589104,-2.79582670918348,4.65423294824245,4.82956249325674,-35.7869035131189,165.476811603542
3279,32.78,58.407,2.2248401204967,1.68079008745434,-179.160136226842,98.4915059122758,3.1625855589308,-2.77165699903296,4.64792083566426,4.83188544310097,-35.7784131266098,165.491884839235
3280,32.79,58.417,2.29997007207502,1.66860480769117,-179.142084056762,98.4352294233318,3.16651296377945,-2.77562573851315,4.65609370987173,4.82893305893773,-35.7750594970987,165.512226507047
3281,32.8,58.427,2.39323479558504,1.64749311933754,-179.128469641675,98.3605420588098,3.16096513734871,-2.77379698902239,4.68468856071534,4.81410189267271,-35.7196589039114,165.532058983648
3282,32.81,58.437,2.47777077252468,1.64532266817202,-179.103659721892,98.2888504696171,3.15698408961122,-2.77072064465675,4.69515545814785,4.82088916995187,-35.7071094241099,165.558772678096
3283,32.82,58.447,2.55589731429624,1.64138140173927,-179.075923049494,98.2308239783524,3.14897672475379,-2.79051790132426,4.69495084514059,4.83492222754004,-35.73959803062,165.576312506677
3284,32.83,58.457,2.62837579395091,1.6164978798212,-179.062782958471,98.1830871190855,3.12430086183039,-2.77005917551229,4.69388342231253,4.80795857250432,-35.7349043050751,165.584187998435
3285,32.84,58.467,2.68898190008965,1.61836326690692,-179.054632116344,98.1509854638184,3.11588320969821,-2.78180805782833,4.69669754371272,4.81326319615029,-35.7892903814283,165.597644710012
3286,32.85,58.477,2.77294488725102,1.62636387775534,-179.068946792495,98.0896206285958,3.15646508808605,-2.79411309011324,4.74135701390207,4.83310179736085,-35.7917423144949,165.594772489937
3287,32.86,58.487,2.81993804854644,1.6186624714754,-179.081382753663,98.0879010165515,3.19417122520155,-2.809080584993,4.73794768556847,4.82003097152127,-35.8122723968787,165.613973211968
3288,32.87,58.497,2.87757676012662,1.60394795625427,-179.101562361324,98.0700324469579,3.23938634604754,-2.81657228359959,4.74427074616854,4.8152500677864,-35.808301187608,165.591767403231
3289,32.88,58.507,2.94582221170076,1.61354164169185,-179.109111209202,98.0518030179334,3.23916700360694,-2.81778120893365,4.76904029889,4.81883824822326,-35.7771331413105,165.630073993595
3290,32.89,58.517,2.99602489909692,1.59338971838349,-179.124588899424,98.0502040808299,3.24738750807385,-2.80393955701564,4.77479949558254,4.79058062499485,-35.7976738391835,165.656554977149
3291,32.9,58.527,3.05843272179265,1.593833158525,-179.164678428755,98.0393218457408,3.26560530817508,-2.80975014120378,4.81681119277662,4.79086428156354,-35.8044806935801,165.641098768207
3292,32.91,58.537,3.1035064059083,1.60134637213404,-179.184245338672,98.034658607085,3.24734269429187,-2.83137740823003,4.81854366482103,4.78287006956543,-35.8301117264852,165.687438698269
3293,32.92,58.547,3.16616320326028,1.59336033461127,-179.205486929472,98.0293277256109,3.24893087549662,-2.80120962714741,4.84673026790979,4.77149458310111,-35.8544631540266,165.69185989753
3294,32.93,58.557,3.20996632454494,1.60729980341621,-179.225265169282,98.0321770928599,3.25601055761995,-2.79874120159943,4.86309966272345,4.78621380989782,-35.8391715369528,165.726532228263
3295,32.94,58.567,3.27195204048287,1.58551107055008,-179.26096203776,98.0152000911114,3.24359338061095,-2.78654663140228,4.89878637651537,4.74932081087746,-35.8692331269155,165.724778161929
3296,32.95,58.577,3.31481258961051,1.6111951438031,-179.28609185074,98.0236517072798,3.23810295822465,-2.80450817424391,4.91698942974059,4.76811962370889,-35.8798188408947,165.740890459579
3297,32.96,58.587,3.35646202391491,1.61533849784652,-179.301855095797,98.0200739045834,3.24172134977121,-2.80376847220626,4.92714468694933,4.77658885242674,-35.850359080304,165.75693334956
3298,32.97,58.597,3.41708627565639,1.62828060357095,-179.322166265865,98.0014316560692,3.21807470479951,-2.83517420976939,4.94745834464151,4.77403911056645,-35.9213253357467,165.775544907835
3299,32.98,58.607,3.46426263730827,1.62831749758103,-179.354330998848,98.0065226542505,3.23199132585819,-2.83253751418528,4.97205693728205,4.7764318297175,-35.8834129419157,165.775850358606
3300,32.99,58.617,3.50125321240147,1.64578477687716,-179.374761935267,98.0334636705372,3.24741643969776,-2.8904956599468,4.99144457957448,4.78806826651984,-35.9130577764502,165.772317795961
3301,33,58.627,3.52849669368147,1.64913079871511,-179.38218988306,98.0449377155621,3.2273113750201,-2.88441454594082,4.97309087892189,4.77577223602643,-35.9155198365102,165.807386748309
3302,33.01,58.637,3.55308526202732,1.65283036555191,-179.409818635964,98.0609993763594,3.25744462083214,-2.89324668658981,4.97576158808553,4.77188277580346,-35.9550019218138,165.817544925924
3303,33.02,58.647,3.5923452740379,1.65981175654604,-179.440865798453,98.0583852853588,3.26350848940248,-2.88967444381901,5.00398491467903,4.7726891120616,-35.9402750613572,165.825794913532
3304,33.03,58.657,3.6043619780785,1.66530455568239,-179.456404951367,98.0723343293258,3.28166634770061,-2.87483574880521,4.99959916672697,4.77368904462333,-35.9127829228833,165.820437677016
3305,33.04,58.667,3.60293480204633,1.67142253626358,-179.471488538673,98.1107498967556,3.271868901301,-2.87245618426122,4.97667334352711,4.77363260045473,-35.9450733872336,165.818605983968
3306,33.05,58.677,3.62019642728237,1.68442010870524,-179.497762369586,98.1313627453077,3.28362136462068,-2.86130296804019,4.98037233967866,4.78003686007612,-35.9522556448584,165.818943292458
3307,33.06,58.687,3.64042756310319,1.70460367543774,-179.505553029006,98.1398812045632,3.27680455426652,-2.85436703169261,4.98822534822116,4.7928364115266,-35.9508264376529,165.81393421649
3308,33.07,58.697,3.64979185357221,1.7177154814972,-179.518590069597,98.1603690296967,3.25974511836666,-2.8481679016541,4.97237694657435,4.79198868594899,-35.9755274609169,165.825449670195
3309,33.08,58.707,3.67815861203026,1.73766938494517,-179.534169600022,98.1675282909113,3.27332641931547,-2.87550657686821,4.99659862509207,4.79459465656316,-36.0149031834542,165.830909873664
3310,33.09,58.717,3.68929425946048,1.7539950710348,-179.539727857571,98.1725038227835,3.23150210611992,-2.85857240837325,4.98748117573218,4.79780299425783,-35.9755061463057,165.795403956619
3311,33.1,58.727,3.69502100866782,1.7594315591587,-179.556178798813,98.1930443508366,3.25177807898667,-2.83766981957406,4.98546101827856,4.78401434374441,-35.9507488156936,165.787105992452
3312,33.11,58.737,3.70422518036804,1.78673770645248,-179.573129005361,98.1970255783298,3.26653110377931,-2.84793242336919,4.99759202203479,4.79762382339681,-35.9330499089088,165.812952001823
3313,33.12,58.747,3.71026626948004,1.79072906415923,-179.583959842672,98.2022890288931,3.26824814759521,-2.8543598309202,4.99484302208504,4.78444935072505,-35.9276948960123,165.831074747304
3314,33.13,58.757,3.72063437876655,1.82111967667184,-179.573104070449,98.1953697773924,3.25274325142264,-2.8727730527187,4.9812117861501,4.79025583856119,-35.907750462834,165.84254111841
3315,33.14,58.767,3.72353026703952,1.83651917550628,-179.580280675481,98.2076197590678,3.2546280163912,-2.85674900653151,4.97462922075494,4.78242001515384,-35.915797552405,165.835478080273
3316,33.15,58.777,3.72578877890938,1.84537730947338,-179.585824505672,98.2026840239796,3.25630060241405,-2.85038170708564,4.9797549226457,4.7809172617563,-35.8745114616641,165.812059477034
3317,33.16,58.787,3.73734902703876,1.86185286450388,-179.604397831835,98.1921247569145,3.25345519042386,-2.8490732075532,5.00850438627946,4.78162522136376,-35.8922219084185,165.781229821531
3318,33.17,58.797,3.75197942567112,1.88694617619461,-179.598221323331,98.1940132357075,3.26789295246222,-2.86080293005527,5.00081412611315,4.78883735293847,-35.9352984030238,165.788403397301
3319,33.18,58.807,3.76203623728265,1.90117565086767,-179.607723716712,98.1745096468414,3.24307930439004,-2.86465055144612,5.00664607101532,4.79107364747521,-35.8701623935281,165.766996352874
3320,33.19,58.817,3.7578750972582,1.89551145462265,-179.603360466845,98.191853972698,3.21721156362816,-2.8510201492046,4.99228779354357,4.76912245843323,-35.9001499074962,165.774619428183
3321,33.2,58.827,3.77432739002582,1.92072159100572,-179.579966286812,98.1713626343324,3.17006955922809,-2.84333743706845,4.98638379839404,4.77599698614766,-35.9306451137347,165.78018588772
3322,33.21,58.837,3.78445770205728,1.93867015860556,-179.600666581056,98.1545799732695,3.17328900521491,-2.85594414417906,5.00727576311423,4.79012463494175,-35.9073603401903,165.767365690864
3323,33.22,58.847,3.78871164045055,1.959150529196,-179.594837341508,98.1382632190464,3.14659420208269,-2.86316694047747,4.99763569028294,4.79407948631666,-35.8967627364434,165.76085589712
3324,33.23,58.857,3.79741483503938,1.97116007376686,-179.595101393277,98.1255053912176,3.12968901813318,-2.88332406736667,5.00670475135854,4.79911903736971,-35.8884304141852,165.758655837512
3325,33.24,58.867,3.79939141391533,1.98091760281903,-179.595481258745,98.1005383926939,3.137266064013,-2.88600930747157,5.01259727417177,4.8082153967308,-35.8930801052892,165.755087814909
3326,33.25,58.877,3.804930848744,1.98960282404191,-179.594784677729,98.1003452589396,3.10526972761718,-2.87693863539774,5.01714877336632,4.81433751868659,-35.88895007662,165.753927342819
3327,33.26,58.887,3.8207486469629,1.99589035088164,-179.603816129793,98.0774205918526,3.12887876063143,-2.8718181084191,5.05117845502774,4.81993737663668,-35.8413017366764,165.729890863295
3328,33.27,58.897,3.83404869432312,2.01350711806707,-179.575847809686,98.0522602746707,3.09205888507412,-2.86802156560352,5.04212996082667,4.82831989250443,-35.8972840551942,165.746505517032
3329,33.28,58.907,3.84122244433589,2.03415084706117,-179.584802189733,98.0512352583624,3.11978466713218,-2.88815061700525,5.04917339948803,4.84230388648964,-35.8770865704709,165.767342822241
3330,33.29,58.917,3.82867742312174,2.03691736661824,-179.572310095801,98.0599752314062,3.11435425107626,-2.86979693695211,5.02288476826953,4.83943313071355,-35.8965036955562,165.782715087651
3331,33.3,58.927,3.85729048417205,2.05771089582916,-179.572534966688,98.042349531644,3.12969765100799,-2.89801302032087,5.06317938504375,4.86131061735815,-35.915239557467,165.904004597518
3332,33.31,58.937,3.84983783612155,2.06154301389105,-179.567302201343,98.0503925074592,3.12290969967749,-2.88437383937938,5.05460509435165,4.85788029561684,-35.8329125942068,165.855434599021
3333,33.32,58.947,3.86364423849149,2.05730987174219,-179.56675743081,98.0363729922038,3.12698925691057,-2.89958501059068,5.06434183975194,4.8520247232845,-35.8600743172881,165.844555637544
3334,33.33,58.957,3.85153245338181,2.05494579858979,-179.558126440511,98.0532787574871,3.12821303715446,-2.88274412180476,5.04924494852914,4.84456175145911,-35.8545210922396,165.825702424508
3335,33.34,58.967,3.84999113546155,2.05969809394138,-179.549144923323,98.0499417198675,3.10014922991084,-2.89646898908278,5.05031022473754,4.84632997812264,-35.7982332687738,165.802577180936
3336,33.35,58.977,3.85203777501537,2.06356285311816,-179.55124114924,98.0432195462372,3.08885099064491,-2.91237694637622,5.04456134489368,4.84256891900378,-35.8074226588637,165.796216990922
3337,33.36,58.987,3.84986873575443,2.07743268136417,-179.550303214519,98.0392763296161,3.08152206638902,-2.91286084763936,5.04810770564368,4.85590322220889,-35.8268032635179,165.795445003779
3338,33.37,58.997,3.84984136122378,2.09432699092398,-179.554453096837,98.0333193212113,3.07577530835547,-2.9290055382058,5.0615466144955,4.87859472665344,-35.7742585991339,165.747062378423
3339,33.38,59.007,3.84048877188407,2.09293772851432,-179.548856954074,98.0337823745725,3.05995615111129,-2.94198959338029,5.05830036583679,4.87404684167943,-35.7755885032554,165.732388364068
3340,33.39,59.017,3.83687960373024,2.10394993720689,-179.531000412294,98.0386770828881,3.02709299481507,-2.93398705035967,5.03833265346949,4.87855834558678,-35.7889339343814,165.752866956645
3341,33.4,59.027,3.82892182841505,2.09413388796462,-179.526302188899,98.0411635453687,3.00355180762143,-2.93718098530242,5.02866621953879,4.86203617932177,-35.755243128896,165.733489395744
3342,33.41,59.037,3.82714727160266,2.11099533752625,-179.527005899505,98.0397610669196,2.98792340771794,-2.97144807380391,5.03978465184772,4.88402975147173,-35.7679477504345,165.74763329707
3343,33.42,59.047,3.80499876832126,2.11468594331638,-179.509352865239,98.0652557831119,2.97203853638362,-2.92533322635026,5.01172196259493,4.88199726395888,-35.7810548985951,165.75319025679
3344,33.43,59.057,3.81335779344898,2.10629496132471,-179.526173990219,98.0508470933609,2.99711907797959,-2.92203140468456,5.03010998321103,4.86874867150886,-35.792536197837,165.740826990233
3345,33.44,59.067,3.81381157069469,2.1136614645253,-179.519454356372,98.047070630677,2.96814853338923,-2.92284800562139,5.04335819590576,4.87269044834883,-35.7675632338456,165.893727783816
3346,33.45,59.077,3.82352987540643,2.11220671153963,-179.505000323118,98.0270071970812,2.96742629792328,-2.91071063352668,5.03756852837451,4.8690801184497,-35.7686802722746,165.870493072615
3347,33.46,59.087,3.8112492672553,2.11208273382558,-179.505409437807,98.0374472069907,2.97675719451932,-2.92709551386429,5.02372188586589,4.8672952368672,-35.8200268270807,165.93489449595
3348,33.47,59.097,3.80968059642679,2.10739876560103,-179.506871482678,98.0217847549601,2.99667099198358,-2.92015436531294,5.02838078817165,4.86335899775462,-35.7912114762953,165.874563484963
3349,33.48,59.107,3.79777262739489,2.09388943090998,-179.524012861401,98.0315968913406,3.02097604597533,-2.91981180073237,5.02649359233982,4.85799908014921,-35.7805948691384,165.849478086138
3350,33.49,59.117,3.79317781683763,2.08920691856815,-179.528993027466,98.0088689531073,3.04066692712933,-2.93773191225203,5.03534016584733,4.85389211791956,-35.7347240854244,165.811777369532
3351,33.5,59.127,3.79522335665127,2.08004048849059,-179.53221179902,97.9925548434635,3.05363132262969,-2.93322182159383,5.04509131039195,4.8555824262498,-35.763917785559,165.789700005454
3352,33.51,59.137,3.7880966379034,2.08070317623927,-179.522662479452,97.9999950442157,3.07064898495585,-2.94837236678645,5.0343407953482,4.8600655019821,-35.7861347774763,165.781983528529
3353,33.52,59.147,3.78160114065811,2.0770717683038,-179.507175039872,97.9934233483474,3.05049000752126,-2.93029449804686,5.02418403299416,4.85833564816126,-35.8720703335059,165.777589570148
3354,33.53,59.157,3.79336493821444,2.06092027351583,-179.502272502614,97.9705348759121,3.08093867488515,-2.92504254762728,5.04335367683325,4.84409303578021,-35.8736803185528,165.764932974547
3355,33.54,59.167,3.78189628249996,2.06558104258962,-179.520046587773,97.9718212999109,3.09107809275921,-2.95242618645076,5.03533283640239,4.85429541867722,-35.8437515033359,165.758928384202
3356,33.55,59.177,3.78585670050849,2.06247989181854,-179.504144809833,97.9600345433962,3.08969238301623,-2.95539669312487,5.03589425610056,4.84864783701788,-35.8811909739126,165.764233182739
3357,33.56,59.187,3.78497411073,2.05642009467874,-179.513029274434,97.9501557608064,3.05717500495592,-2.96127867352905,5.03770514234975,4.83907130307521,-35.877522024906,165.755582715257
3358,33.57,59.197,3.79565913244802,2.0454526774959,-179.489808440108,97.9294345118192,3.05967133376667,-2.93367715126207,5.02819463539145,4.82739287396634,-35.8994186606613,165.797971907426
3359,33.58,59.207,3.79116822433109,2.04536017743147,-179.488855698518,97.9246533198769,3.03750151300192,-2.92507643882237,5.03613932856512,4.83690556092603,-35.9304442415923,165.773293799073
3360,33.59,59.217,3.79822173417167,2.04154803043058,-179.489074400902,97.9088662082697,3.01525832636869,-2.93167560599542,5.04338784810281,4.83056692290484,-35.895617996762,165.77814416349
3361,33.6,59.227,3.80492081486518,2.03603011585625,-179.475030767585,97.8932171861033,2.99607582254601,-2.9469671479891,5.04281934206884,4.82141879925875,-35.8760194292313,165.779171923932
3362,33.61,59.237,3.80120996544028,2.03784941669833,-179.467538380512,97.8840982336347,2.98357050626978,-2.93947992302231,5.04325231785931,4.82977452138093,-35.8889779415199,165.782801552736
3363,33.62,59.247,3.80506716794839,2.02410262848058,-179.464504002783,97.8852111825375,2.98450337721255,-2.93565459644772,5.04209372431232,4.81883137497669,-35.9173620640444,165.793860027558
3364,33.63,59.257,3.80504391671286,2.01868296609247,-179.463816939703,97.8825040055075,3.00364558154185,-2.9434277177838,5.04730662887543,4.81366150734747,-35.935788835923,165.782005938565
3365,33.64,59.267,3.81618269326254,2.02127310718665,-179.461268838001,97.8770500524082,3.00500717904502,-2.94234051406763,5.05678786774816,4.8160257806785,-35.9675734138655,165.807435895957
3366,33.65,59.277,3.80613863657823,2.0169250414238,-179.454175503282,97.8931568536252,3.00458715248452,-2.98469736789334,5.03848049492852,4.81497508302594,-35.9804874648158,165.823653037431
3367,33.66,59.287,3.81700415811017,2.01080571783378,-179.45012080686,97.8685298949365,2.98706399367967,-2.95562782851548,5.04838856321788,4.80821577070941,-35.9652732504311,165.817394039504
3368,33.67,59.297,3.81266836533645,1.99965291674897,-179.459459313156,97.8736834983857,3.01803200193887,-2.95771263437383,5.0630194572878,4.80127804235203,-35.9224436365627,165.814029725353
3369,33.68,59.307,3.81978663256231,2.0077844522605,-179.459437007533,97.8614036426946,3.01019206315544,-2.97653709253759,5.07489089063323,4.81638863133389,-35.9049430773343,165.82994567899
3370,33.69,59.317,3.81884482155746,1.99988812037069,-179.478240243165,97.8522317482598,2.99807558838577,-2.99221705227883,5.07636587232247,4.80478781157358,-35.8845769372583,165.820847381268
3371,33.7,59.327,3.833714103532,1.99128246252027,-179.463224650123,97.8197227284207,2.98098654270692,-2.98664487932561,5.08932487291739,4.79727760500228,-35.9010419820014,165.834208874769
3372,33.71,59.337,3.83873450661306,1.99214616794216,-179.463749637841,97.8082107973461,2.97466619667397,-2.99214420338065,5.08782368306872,4.78935514633676,-35.9344333103757,165.848420498094
3373,33.72,59.347,3.8540451614366,1.99206623888326,-179.483752096477,97.7677653326641,2.97252342348992,-3.01115152011313,5.1273854949218,4.81150672893117,-35.892190764271,165.825575165753
3374,33.73,59.357,3.85522604201333,1.99026311463639,-179.473631667624,97.7589489735226,2.91935657339987,-2.99594629074956,5.11342940266772,4.79775480857259,-35.9228858980049,165.844089279164
3375,33.74,59.367,3.88125504958196,1.99731138591007,-179.481642606977,97.7095939966991,2.90487685552956,-3.01965392579185,5.15219949835744,4.81884071473709,-35.9071183867466,165.832824657202
3376,33.75,59.377,3.88326340810275,1.99009585406674,-179.490755225281,97.7078034928916,2.88399325009059,-3.00059442839194,5.15154619063638,4.80717449584994,-35.9201667258216,165.836414496479
3377,33.76,59.387,3.88580178873707,1.99558861425123,-179.46839202358,97.6906111653613,2.81739367386793,-3.01901575541232,5.13004462582047,4.80313407137807,-35.9699698302215,165.87854202786
3378,33.77,59.397,3.8885296929574,2.0016291522745,-179.490584623367,97.6718805732413,2.80697918853639,-3.01790386703639,5.15001945683472,4.81022508698443,-35.9456033625544,165.870482911016
3379,33.78,59.407,3.89924427870058,2.0007308775943,-179.500376396406,97.64485616421,2.79932907245873,-3.01353079177681,5.17791907691162,4.82114542093044,-35.8862174727466,165.849139256748
3380,33.79,59.417,3.89796214611218,2.0075233390692,-179.500705252724,97.6318145079811,2.76063174438626,-3.03498606939621,5.1714129278937,4.82489641616962,-35.8788376350226,165.866297510536
3381,33.8,59.427,3.89863014049429,2.00404247260499,-179.512552649692,97.6216701478342,2.75297512042729,-3.04879705976411,5.18215059916523,4.82371096115464,-35.8835353728981,165.870354827583
3382,33.81,59.437,3.91007692143323,2.0157521506357,-179.502985174019,97.5937938228754,2.72805640491324,-3.04855617527815,5.17233997178977,4.82320412699856,-35.9044838717948,165.901728669158
3383,33.82,59.447,3.90453344617702,2.01432512018858,-179.500102210132,97.5805104309239,2.71647386015267,-3.08012158174819,5.17717234157302,4.82411043625003,-35.8786430140563,165.878935184791
3384,33.83,59.457,3.91232980753022,1.99941302187338,-179.510663680837,97.5667879802958,2.72346412321816,-3.0415838227506,5.18718105048148,4.81283533070027,-35.9133312455469,165.884073976745
3385,33.84,59.467,3.92216641015939,2.00746116021556,-179.520711121969,97.5392501076616,2.72606403528037,-3.08485200730882,5.19732574628798,4.81615268935574,-35.9368624277096,165.896181100338
3386,33.85,59.477,3.92381624788234,2.01172148598766,-179.514696960575,97.5218669675942,2.71292270036689,-3.11328069524478,5.19476681280531,4.81863079782279,-35.9964122943202,165.897037939744
3387,33.86,59.487,3.94531770269036,2.01372475186722,-179.521743039586,97.4887436081731,2.71751594108767,-3.11807520394215,5.2283826667438,4.8219836141024,-35.9516519174617,165.868113288447
3388,33.87,59.497,3.94606913302589,2.00959424972176,-179.533735773029,97.4857809000575,2.71033791338553,-3.13176268432237,5.22024657892732,4.81036335718799,-35.9095125286853,165.872375190104
3389,33.88,59.507,3.96357765629764,2.00790796584166,-179.541796309063,97.4621311660276,2.70930052138994,-3.1152267171745,5.2418165591275,4.81320667720847,-35.9455101524405,165.866829716584
3390,33.89,59.517,3.96554150628981,2.01864645244869,-179.546965466976,97.4557169685377,2.70656521832801,-3.11283018003201,5.25257424589725,4.82463222738354,-35.9142526500173,165.86623670533
3391,33.9,59.527,3.98896104720512,2.00964237828633,-179.547736977502,97.4269729131879,2.7172607288229,-3.12005661811239,5.27640092762689,4.81385141382775,-35.9297713318607,165.860111105117
3392,33.91,59.537,3.99563536915026,2.01905898233547,-179.550698517084,97.420704953249,2.68241124342582,-3.13280670020313,5.26752114778844,4.8129103751186,-35.9433863342061,165.883882992344
3393,33.92,59.547,4.01397818154498,2.01708165126415,-179.545556940647,97.3956681298017,2.66935366899917,-3.10689554213011,5.26650910245805,4.80744107536865,-35.9496094626393,165.91620289909
3394,33.93,59.557,4.02845659223024,2.01925365376597,-179.552020865353,97.3742850568853,2.65756223910253,-3.1181237864348,5.28983213186559,4.80939450681542,-35.9172812173584,165.888087948365
3395,33.94,59.567,4.05293464146516,2.01698736952364,-179.55301211806,97.3270554777254,2.64532512488472,-3.13180627579292,5.30928732031801,4.81355866556062,-35.8677700153962,165.897601796402
3396,33.95,59.577,4.07606096224024,2.02269655122418,-179.542269637145,97.3024049633291,2.60988081265166,-3.12356302398592,5.3206036255905,4.80771483944058,-35.9542292254191,165.927036983877
3397,33.96,59.587,4.09301149546178,2.03491044773507,-179.555363281616,97.2845363856025,2.59110101369373,-3.13372396618795,5.33919963602798,4.82862865885702,-35.9177701715458,165.907123058125
3398,33.97,59.597,4.13130594442113,2.02953851937468,-179.547691018687,97.2583824415953,2.59011067825461,-3.1160343121596,5.38798172996839,4.82622929687038,-35.8732987971178,165.886957471941
3399,33.98,59.607,4.16792119006463,2.03761929704254,-179.539484068098,97.2279890434997,2.55606336139701,-3.15466471565913,5.4121359441195,4.82331263072415,-35.8597529004981,165.889153507718
3400,33.99,59.617,4.19743760963371,2.05053579847407,-179.523012220722,97.2008834694235,2.52028664711224,-3.1172020293138,5.44329938020841,4.84168008685016,-35.8892192880487,165.883003359308
3401,34,59.627,4.23460865695464,2.06122599864227,-179.524473779186,97.1636551771097,2.48290085002374,-3.13763149550654,5.47005870338465,4.85251277469256,-35.8639973358696,165.894983106045
3402,34.01,59.637,4.2617631778438,2.05580957210897,-179.527720793364,97.1460821899622,2.45359142832571,-3.12885615251179,5.49204303919202,4.83857614863406,-35.9060261475876,165.918674686222
3403,34.02,59.647,4.29100194566795,2.065431413743,-179.515742259813,97.1248001116409,2.40238612548894,-3.12364944460704,5.50996975270631,4.85030727733296,-35.9308952288966,165.914785140867
3404,34.03,59.657,4.31633100170509,2.07330457537458,-179.503992197243,97.1070516276748,2.36450228674771,-3.12429442982519,5.53184634253432,4.85563124327954,-35.8812320351652,165.905837639004
3405,34.04,59.667,4.32388684916092,2.05977738852572,-179.498578528745,97.1400271927165,2.31551482827117,-3.08723907910796,5.54262904387228,4.84202105432302,-35.8689206810051,165.906217979645
3406,34.05,59.677,4.3222540060821,2.0651234332993,-179.514474130379,97.1860396561807,2.2773220869437,-3.01895488294434,5.54633786290985,4.85072244353062,-35.8478664848383,165.896992250746
3407,34.06,59.687,4.33820648563449,2.07504108374876,-179.487466172813,97.202633865993,2.20802289099049,-3.00710357077992,5.54767539706781,4.86553177051112,-35.8880094250543,165.911508366299
3408,34.07,59.697,4.35054461054784,2.07004202564005,-179.488934961551,97.1970840829653,2.17771351750862,-2.99073085248299,5.56043315639013,4.86694739312554,-35.9214010586398,165.921883430533
3409,34.08,59.707,4.37603876763355,2.07959872019233,-179.493530431613,97.1634050909124,2.13180026864075,-2.9512198023202,5.59286909608125,4.87569771448189,-35.9271197126483,165.934559727358
3410,34.09,59.717,4.38826117208205,2.07023879760638,-179.484289753373,97.1243450015377,2.07997359509836,-2.93741568582579,5.60686079618114,4.87799401182505,-36.0198809659634,165.938848561168
3411,34.1,59.727,4.41206929888309,2.06888739756591,-179.466337841699,97.0581552605769,2.03920405620336,-2.90872034504886,5.60992892406155,4.88036296116586,-36.0588236188493,165.965767627901
3412,34.11,59.737,4.42748794435565,2.0698314693727,-179.490101900892,96.9820400286973,2.02593729329955,-2.93029912403362,5.64482251227933,4.88469138512553,-36.0873138458683,165.949873186783
3413,34.12,59.747,4.42541056335484,2.06050505864833,-179.468967716024,96.9398964530638,1.99198336453233,-2.93017154853317,5.63359650755599,4.87834629392684,-36.1386425639268,165.966783803727
3414,34.13,59.757,4.42797150918825,2.06759848333269,-179.447394647431,96.9086477819572,1.95736204018687,-2.90087204486135,5.61413680007141,4.88992247906422,-36.187606358662,165.98895683575
3415,34.14,59.767,4.4474394579218,2.07286455881144,-179.442874354079,96.8691600509312,1.93102132967421,-2.90306025922128,5.63087337322366,4.90275579809987,-36.2014106900458,165.976666557976
3416,34.15,59.777,4.4423680824041,2.09225035089446,-179.459783530163,96.8875691989091,1.99511775604584,-2.92226190752475,5.64117265197304,4.92741890811437,-36.1949303937207,165.96970215248
3417,34.16,59.787,4.43654290517449,2.09688362856035,-179.460288722612,96.9090089303614,1.93759752788502,-2.96579414853744,5.6345238166689,4.93311905493502,-36.1165905001918,165.957518360566
3418,34.17,59.797,4.44301170966747,2.10276677263598,-179.449046202515,96.9494071963846,1.95437575189773,-2.91594207598983,5.63083211333604,4.93739239375089,-36.1337283702733,165.946011220223
3419,34.18,59.807,4.41584042600426,2.10175908670047,-179.462714887862,97.009172759402,1.93883867107254,-2.98590531713283,5.61498790406296,4.93397130246077,-36.0666439423268,165.940486946174
3420,34.19,59.817,4.41090496684416,2.09136668682448,-179.452563726443,97.0617974092366,1.89743550495901,-2.93513469533312,5.59979791767551,4.90880972468549,-36.0158215436661,165.963570837514
3421,34.2,59.827,4.39047583851127,2.11160382989199,-179.456594696225,97.1288051246414,1.89767395667785,-2.94581471353431,5.57997179321282,4.91953778224739,-35.9531726738077,165.944856302874
3422,34.21,59.837,4.38119079736776,2.11156620173794,-179.474641193389,97.1848682062217,1.86963074591398,-2.92319504644362,5.59050279935683,4.91382754748856,-35.8593150274276,165.952992823966
3423,34.22,59.847,4.39059208835185,2.11373081751141,-179.492316683352,97.2086414858086,1.86018021322767,-2.91554252867563,5.60700109628306,4.90326660491239,-35.8324730969315,165.963304397986
3424,34.23,59.857,4.38209910378663,2.10477085173413,-179.485285593694,97.2181727840887,1.85528746748354,-2.88751468788819,5.60019737520174,4.87709966329883,-35.8345238607723,165.969865669788
3425,34.24,59.867,4.3792658430178,2.10313461657411,-179.497525608615,97.2181082765425,1.85572291202888,-2.89019053190947,5.61836347824495,4.86677375116567,-35.8002168321743,165.976981504816
3426,34.25,59.877,4.37081604479242,2.10052704225542,-179.50085379489,97.1995712595109,1.82736254149655,-2.90621855997195,5.61654045927925,4.86106439794746,-35.8122515457164,166.094872580468
3427,34.26,59.887,4.37270555564935,2.10169635018372,-179.505493739052,97.1949105378271,1.82102358603446,-2.89592594066461,5.62820853434635,4.85734841068363,-35.8376735324763,166.101234807691
3428,34.27,59.897,4.37688433271758,2.1055161378362,-179.512457479572,97.1897692749553,1.85174449832633,-2.9227974566079,5.65769816392914,4.86007083297313,-35.877308504134,166.056277755424
3429,34.28,59.907,4.37683468004862,2.09856800384663,-179.517218468448,97.1811051431959,1.85791676069537,-2.92856686744664,5.66182186792974,4.85950332883665,-35.8771137546834,166.049823892041
3430,34.29,59.917,4.36226003944382,2.09335196123963,-179.508233519646,97.1886066162236,1.86673134309145,-2.95531599066318,5.63756482830674,4.84809383335192,-35.9514444326269,166.053492503688
3431,34.3,59.927,4.35507635263419,2.08594186688059,-179.519609903423,97.1866068991158,1.90013940061918,-2.97447875432706,5.653612939721,4.84711311707568,-35.9474403993222,166.019553477432
3432,34.31,59.937,4.35917683905954,2.07493188448513,-179.545662988979,97.1823756785784,1.94807457910244,-2.97583306764258,5.66699079991359,4.83363233636709,-35.9193499356886,166.006191924653
3433,34.32,59.947,4.34037480946014,2.08190202178513,-179.538550550606,97.2090234646324,1.91596022398797,-2.98799919871187,5.63487682030117,4.84825846473099,-35.9566410505031,166.025428631108
3434,34.33,59.957,4.33381543752313,2.08086872173503,-179.558333879769,97.2392221731401,1.91789423949827,-2.97720021339917,5.63783020688445,4.8584021231724,-35.9253805646625,166.001061280441
3435,34.34,59.967,4.32486074199254,2.07442686818216,-179.570396519533,97.2532533959443,1.91630943478175,-2.96462119991951,5.63322735535273,4.85230367973704,-35.9419070708007,165.991259890945
3436,34.35,59.977,4.31328316821267,2.08043203951648,-179.574354907287,97.2516567418061,1.90814595736797,-2.95086732283445,5.61555522997281,4.86785344881674,-35.8943940879043,165.982912094714
3437,34.36,59.987,4.30597321927275,2.06419460053092,-179.583588985597,97.2315010807229,1.90258942267675,-2.94168314055865,5.62175248540412,4.87006010146837,-35.8670890758571,165.928570573597
3438,34.37,59.997,4.3048817312149,2.06827190809331,-179.593816102971,97.199774134451,1.9003844449616,-2.94829747701106,5.60284286175421,4.87486341423194,-35.9224125008397,165.971192529064
3439,34.38,60.007,4.30730239373207,2.06846511365558,-179.594523005367,97.1411860910215,1.89596268843431,-2.92950736605842,5.5984623719906,4.88310410675742,-35.9266903605735,165.97909568875
3440,34.39,60.017,4.3098739930658,2.06848800569931,-179.622362791858,97.0839348359926,1.90963633274879,-2.93136513804717,5.62321342066571,4.87928517587086,-35.9255411176723,165.955164954989
3441,34.4,60.027,4.30992258710154,2.06442857265434,-179.622298728146,97.0668180484393,1.9945339292565,-2.89795703434296,5.62466489914938,4.8780830865129,-35.8900580806635,165.954173842019
3442,34.41,60.037,4.32448009211731,2.0778662574612,-179.629798480692,97.0200738743418,1.96852932298518,-2.91116218749107,5.6471883070971,4.90012318120019,-35.898586540922,165.944462804231
3443,34.42,60.047,4.31615329613464,2.07646328469693,-179.644258368886,96.9991414485529,1.93571952296463,-2.9479364706621,5.65456426733033,4.89367258437716,-35.8952064598832,165.91783725739
3444,34.43,60.057,4.31927798395728,2.08722502454816,-179.615967470645,96.9987000214567,1.87515873158565,-2.97197925582726,5.61476586972359,4.89281902033458,-35.9468916299077,165.973252092168
3445,34.44,60.067,4.32030348611234,2.07856429757056,-179.627526326729,96.9916338921914,1.86830628033736,-2.95244800667893,5.63542665658146,4.87600160872002,-35.926177728004,165.962560236257
3446,34.45,60.077,4.31562401986077,2.08036595903276,-179.61929761869,96.9765999981195,1.83859735580629,-2.93807232465608,5.63075237855671,4.87428536648026,-35.8654717457064,165.952386774873
3447,34.46,60.087,4.30378211562772,2.08301159247231,-179.634360036583,96.9842143621092,1.91897440085469,-2.90572994210833,5.6315679585073,4.86773814030868,-35.8076916167356,165.940280063613
3448,34.47,60.097,4.32028419032677,2.08880002080156,-179.624650988952,96.9386323294406,1.89906480934016,-2.9257974023644,5.63630685945676,4.85756301037955,-35.7948643233954,165.96114396849
3449,34.48,60.107,4.32921749270888,2.08378486492472,-179.637805230692,96.9227113159044,1.93620568108764,-2.91907413707852,5.67332598379614,4.85291394590423,-35.7651582849982,165.942365977504
3450,34.49,60.117,4.33209845350038,2.08152449020121,-179.632138082516,96.9090579893353,1.93964432948035,-2.93190401198212,5.68034291335125,4.84342003936294,-35.7444372824203,165.933788815562
3451,34.5,60.127,4.31630016953914,2.09402501003647,-179.639904042486,96.9235464799752,1.97274879078201,-2.92855445014492,5.660506548693,4.84140885572524,-35.7705466574243,165.950663996379
3452,34.51,60.137,4.32578375511824,2.08340567481332,-179.632447666071,96.8896474857418,1.97865715563574,-2.92817953118873,5.66787922653991,4.82696909254121,-35.7816889277185,165.949158037704
3453,34.52,60.147,4.3193539212487,2.07599129246864,-179.655062569118,96.8712887619442,2.00637613602652,-2.93021422486754,5.68661157436315,4.82714307744353,-35.7535359520742,165.934979541291
3454,34.53,60.157,4.32240350397425,2.06934965886366,-179.647995172425,96.8447699208218,1.99026953723909,-2.93547722227229,5.68690559697304,4.81082518119488,-35.768013307885,165.931249941593
3455,34.54,60.167,4.31583412244267,2.08353207534221,-179.657116688386,96.8047898015808,1.9961538231677,-2.95038963597731,5.70018720739438,4.82987823834441,-35.7585416236542,165.920134923384
3456,34.55,60.177,4.30555732366285,2.0891204485743,-179.667527666023,96.8014978297916,2.02049554312056,-2.9405745054227,5.70048759353542,4.84200555072075,-35.731869933617,166.050709216471
3457,34.56,60.187,4.28917533633054,2.09306459669078,-179.667974958793,96.8241733476555,1.99639840372274,-2.94890164612117,5.69281011779306,4.840978026082,-35.7608824162457,165.994601912078
3458,34.57,60.197,4.28878233039287,2.10816325940458,-179.671445847066,96.8396383001632,1.98929352666244,-2.96723324052238,5.69335159619584,4.85549129609819,-35.7502017311716,166.030106881404
3459,34.58,60.207,4.2693733105977,2.10953160536311,-179.65659706253,96.8885307097074,1.97680082374111,-2.97014319322417,5.67268329528896,4.86587660332613,-35.7433894014536,166.043786547906
3460,34.59,60.217,4.25509331247616,2.11531665330343,-179.65184455479,96.9211622437774,1.96526441727041,-2.96764851160506,5.671308412748,4.87422849531406,-35.7403431406179,165.997368071878
3461,34.6,60.227,4.23973045757098,2.11665917587895,-179.645879738832,96.9560249469599,1.95090823403067,-2.98550571534188,5.66436947675833,4.87374054755998,-35.7520226376319,165.968491087136
3462,34.61,60.237,4.23496268967032,2.12653503403704,-179.643664377112,96.9343457281453,1.94125312155958,-2.98527552491092,5.65863764744174,4.88716395386485,-35.7866481916975,166.038312953254
3463,34.62,60.247,4.23315961533582,2.13243793271806,-179.664455504736,96.8936489066192,1.92742191725241,-3.01367919845322,5.69414633952568,4.8915713962934,-35.7815650449494,165.973305581012
3464,34.63,60.257,4.23706944105788,2.13188448186458,-179.653450472022,96.8722470876426,1.94043269372036,-2.96593658817522,5.68941770424015,4.89686589760148,-35.7699467103122,166.035836202695
3465,34.64,60.267,4.23381507995409,2.13102625426967,-179.64648559929,96.8638373668803,1.9312726426853,-2.98230228232599,5.68488715222042,4.89696249623901,-35.8320904973676,166.011961266872
3466,34.65,60.277,4.23463846460835,2.14059819303282,-179.654664254255,96.8568534630774,1.98125842162842,-2.99611181284549,5.69557103049505,4.89921305877445,-35.8374233805947,166.036479852466
3467,34.66,60.287,4.2350864316617,2.13990315792229,-179.632778413199,96.8461662346636,1.96215686619647,-2.991137006278,5.67786340163241,4.89736976970085,-35.8532992784651,165.999173139386
3468,34.67,60.297,4.21186969950275,2.13115761197889,-179.625762840441,96.8598583163497,1.98175279989498,-2.99833345486149,5.63991493717914,4.87969603077487,-35.8426136828966,165.995692065229
3469,34.68,60.307,4.21771463317962,2.13835259217592,-179.628938258649,96.8646158882631,1.98931496499249,-2.99782664531421,5.64559848163857,4.89512541862978,-35.8375833199184,165.98479265272
3470,34.69,60.317,4.21234398579808,2.12894950411353,-179.640962097898,96.8621676312185,2.00180488248274,-2.98999053555325,5.66192993222058,4.88252449616154,-35.7722146907375,165.938611053354
3471,34.7,60.327,4.20389359258396,2.13352097296505,-179.6267189684,96.8562128041696,1.99120164601923,-3.00915501277987,5.64677978702044,4.8916619162213,-35.7693742606896,165.92557160138
3472,34.71,60.337,4.19681642745298,2.14449479112818,-179.621461385442,96.8399056043543,1.97157679893214,-3.01613816606383,5.63957412482914,4.89253932826056,-35.7472607424137,165.926813141284
3473,34.72,60.347,4.19698216094737,2.13577154811783,-179.621662868553,96.8096417157115,1.98374966120695,-2.99708373915097,5.63475950906826,4.87485253544503,-35.7991387187893,165.940790080972
3474,34.73,60.357,4.20103480393658,2.1355685460201,-179.609902489223,96.7770886887319,1.98127292889629,-2.9962208970403,5.64582176162274,4.87767957692513,-35.7548095404385,166.050095434102
3475,34.74,60.367,4.19916129545421,2.13784590773823,-179.622394505804,96.7462946441841,2.00850804555636,-3.00091828883844,5.64710990699151,4.87631843096616,-35.7815986857677,166.060020282213
3476,34.75,60.377,4.19482511547403,2.13881780389186,-179.623203683997,96.7149936395877,2.02097729885706,-3.00000024170585,5.64665984238404,4.8733366860019,-35.8003851289188,166.045137698604
3477,34.76,60.387,4.19860820176641,2.12716042559499,-179.619593995215,96.6785366171285,2.02544742841508,-2.98368150146677,5.65123718059674,4.8571875019452,-35.8434697879303,166.049783174756
3478,34.77,60.397,4.19195611022186,2.12887237994993,-179.635434442505,96.6474217600647,2.04038809799875,-2.98737099538937,5.65662763932042,4.86732367215561,-35.8299922197016,166.035271579935
3479,34.78,60.407,4.18677333756457,2.12012280730085,-179.626232060461,96.6110502137724,2.05377468025711,-2.98906388965975,5.64163657795271,4.85383624494791,-35.8330787512928,166.055550644536
3480,34.79,60.417,4.18398986226663,2.11824542387808,-179.632373755022,96.5875447061893,2.04851063997029,-2.99570527118257,5.64278598184972,4.84903673556457,-35.8467600534204,166.050877217241
3481,34.8,60.427,4.17860724605988,2.13074296355964,-179.639705838902,96.5660009915386,2.06884573140489,-3.00868810795222,5.64983007579983,4.86959698499791,-35.8124759950034,166.031053879955
3482,34.81,60.437,4.17835355179876,2.12532021571228,-179.645078743597,96.5369257050205,2.05729362970532,-2.9964542271737,5.65920533358134,4.86606522169029,-35.79546152444,166.042762101261
3483,34.82,60.447,4.1765923373332,2.12341717566974,-179.638401489664,96.5092097068505,2.04910370322505,-3.00017601268394,5.64666632299867,4.86271505478096,-35.7861771014231,166.045878976037
3484,34.83,60.457,4.18834101173744,2.12511183905443,-179.652118667154,96.4785482928158,2.09826981115915,-2.99898547310084,5.67963077878107,4.87138458731914,-35.7193910567324,166.020842692712
3485,34.84,60.467,4.18864097501896,2.14618134338305,-179.652521951569,96.4633788909181,2.08863060342743,-3.01772263545312,5.67520860483709,4.90123986719522,-35.7254031894328,166.026308048343
3486,34.85,60.477,4.19655914707255,2.13189963224088,-179.647256681673,96.4549003172925,2.08934764254906,-3.02266839765048,5.66240785303094,4.86568463548594,-35.7340062915129,166.069774051633
3487,34.86,60.487,4.20132634252176,2.13733263064486,-179.641436829084,96.4532573724568,2.09114508747142,-3.03606305813262,5.67677615064848,4.87676264939842,-35.7382516035705,166.06067985162
3488,34.87,60.497,4.1901780611854,2.13913116665694,-179.650962349654,96.4713612380616,2.09042282205029,-3.01520441542575,5.67892113870031,4.87960806611423,-35.7140775960916,166.059813825114
3489,34.88,60.507,4.19217303576049,2.12727466597093,-179.660675923646,96.4842200432524,2.10731574183525,-3.03788205837446,5.68650150095011,4.85670937467251,-35.7376874501523,166.045079494229
3490,34.89,60.517,4.17352740062123,2.13596592881193,-179.662853290735,96.5227528227771,2.10600102700775,-3.04106644628103,5.66023469182705,4.85555870854174,-35.763608770833,166.076265114849
3491,34.9,60.527,4.17322292139852,2.14023815637867,-179.671359844767,96.5395352118672,2.08183691275384,-3.04495913424885,5.66988239082991,4.85893706792464,-35.7400459582084,166.064891362758
3492,34.91,60.537,4.16221972673568,2.13184181794235,-179.667681949023,96.5717436311948,2.0832162920709,-3.02468470017805,5.66177372591355,4.84060768896843,-35.7794339379429,166.062318382317
3493,34.92,60.547,4.15220453102755,2.14703330646039,-179.671563058226,96.6024696833373,2.08071219506792,-3.00276701928175,5.64496098907269,4.8422276213316,-35.7800627318774,166.082197975475
3494,34.93,60.557,4.14931888733703,2.15469182982558,-179.685365239303,96.6288563244865,2.05844261595151,-3.02407709120189,5.66911095697971,4.85482538280124,-35.7430209385824,166.048244095525
3495,34.94,60.567,4.13788218115257,2.15922980541479,-179.697849396143,96.649371628227,2.07875522662469,-3.01711355723731,5.66378585855877,4.85717959322792,-35.7155542317981,166.041426543005
3496,34.95,60.577,4.129907056199,2.16406655800192,-179.706842867638,96.669744932621,2.05622783940636,-3.03766894921814,5.66042169533407,4.85219015880338,-35.7411700151183,166.060021680276
3497,34.96,60.587,4.10708913897807,2.15982006160575,-179.709694724274,96.6804608458916,2.05796688999041,-3.02858663812709,5.63755817765559,4.84119879422052,-35.7583749794423,166.066528551228
3498,34.97,60.597,4.10509049749852,2.18804052644548,-179.729625657719,96.68060884478,2.07194087958954,-3.05245438182208,5.6535681514425,4.87015188816818,-35.7002899684105,166.066971215471
3499,34.98,60.607,4.09036493518426,2.1814134419893,-179.726753747895,96.7041285966964,2.07477697790982,-3.03676201812954,5.64580403848003,4.85983746596743,-35.7468654608299,166.068065022618
3500,34.99,60.617,4.06721979638048,2.1795568364751,-179.725988233538,96.7333055765422,2.06372113247611,-3.03052539903508,5.6132692665479,4.85479360970336,-35.7705720868879,166.083957884475
3501,35,60.627,4.05527031911298,2.18662901365242,-179.715193148697,96.7538193426984,2.06428353763467,-3.01653910965517,5.59376501841994,4.86107078469558,-35.7884990053193,166.085933794144
3502,35.01,60.637,4.03917664818358,2.18739804219805,-179.738330130366,96.7849110196408,2.1032231788258,-3.0255727274933,5.59514210126011,4.85768520260296,-35.7430571212888,166.066575320701
3503,35.02,60.647,4.02527334946985,2.17698653932945,-179.743620556874,96.8086795899388,2.1054304835765,-3.01360346455743,5.58452396227129,4.85016086435157,-35.7714567219094,166.057829702458
3504,35.03,60.657,4.00857370341413,2.18439652480106,-179.738032908144,96.8237054367689,2.10594892553283,-3.00851670546256,5.56337533165412,4.85322700964581,-35.761715866797,166.071957173102
3505,35.04,60.667,3.99875895426277,2.18936078681606,-179.748631367502,96.8262269081086,2.12450918449512,-3.01719462412278,5.5710649593573,4.85501436804528,-35.7874758304387,166.063550823029
3506,35.05,60.677,3.99562682155976,2.18511096345002,-179.737444667853,96.8163862011794,2.1357206873708,-3.00471694390744,5.57199668423761,4.85469174552199,-35.7403478553152,166.05176667833
3507,35.06,60.687,3.97997850983694,2.18932374303198,-179.743048125712,96.8062428823489,2.14049010883307,-2.99560117733947,5.55735659368397,4.85256321018666,-35.7610365709202,166.06261666139
3508,35.07,60.697,3.97952076649716,2.19374900474126,-179.72991862801,96.7886693970313,2.10013116508328,-3.01295736528759,5.5570043467072,4.85659504554245,-35.8040801477616,166.067744363849
3509,35.08,60.707,3.97660349254637,2.19370285335432,-179.767132512311,96.7710074342362,2.15252007695681,-2.99960994973971,5.58903136872498,4.85684914460138,-35.791493350973,166.036778802505
3510,35.09,60.717,3.97365840390134,2.1982269106648,-179.749432199555,96.752825536104,2.14579860896967,-2.98930330466308,5.5590707169519,4.85269455626104,-35.8508139276169,166.042645797673
3511,35.1,60.727,3.97278519573809,2.20803317678164,-179.757309594284,96.7532114317058,2.14778796854463,-2.99540206054488,5.58070067451486,4.86275335323145,-35.8077991610157,166.045113074916
3512,35.11,60.737,3.95865358752323,2.2197108599627,-179.74333970304,96.7735337631091,2.10928561274371,-3.036801494895,5.55259188239126,4.86338248659927,-35.8380119465624,166.062905022564
3513,35.12,60.747,3.96051188542075,2.21597964923638,-179.753975018701,96.7864317004802,2.12038615301294,-3.03222749648434,5.56769659861092,4.85638774384309,-35.8028362567284,166.035770524259
3514,35.13,60.757,3.93644817005893,2.21928656760479,-179.749870107069,96.8094215192665,2.12657102958754,-3.02373262520851,5.54558329073277,4.85383850577608,-35.8071347705128,166.040938616692
3515,35.14,60.767,3.92565826802822,2.23579399003008,-179.765951716039,96.8181408057852,2.11267543389828,-3.05465461030677,5.5529827071477,4.8729179539466,-35.767564633672,166.030672259425
3516,35.15,60.777,3.92030233569712,2.23120156521365,-179.756511017139,96.8274874798275,2.08508093922407,-3.07058460136319,5.52871838218828,4.85662773721771,-35.7898454517165,166.060726618661
3517,35.16,60.787,3.92029463140564,2.23463060417825,-179.747985783608,96.8225551674377,2.06024579652672,-3.03687270272469,5.53088893396541,4.85372540313583,-35.7722400096378,166.064983222088
3518,35.17,60.797,3.90425568002938,2.23414301714745,-179.763445854403,96.8265468455447,2.04764525293292,-3.07488073171132,5.53881455075766,4.85426933976785,-35.7621249311664,166.051580834627
3519,35.18,60.807,3.90587912846485,2.24724654032753,-179.759607909835,96.8216294784395,2.06800923904535,-3.04006264015967,5.54642450010702,4.86506990419904,-35.7995103603411,166.033651520653
3520,35.19,60.817,3.90600392085496,2.25034876899691,-179.758497635043,96.7898160256622,2.03547214667593,-3.07433412131539,5.54557183757514,4.86427895171196,-35.8156068281925,166.035495824262
3521,35.2,60.827,3.89914868495454,2.24697549116767,-179.758067616029,96.7933755446117,2.0664419511173,-3.02958419094949,5.53688264301065,4.85537188973945,-35.8419740643272,166.043787113919
3522,35.21,60.837,3.90612960797941,2.26325102380983,-179.769180614572,96.7843830477261,2.08108995144714,-3.06013023081069,5.56629932220372,4.87021770913238,-35.8304874572833,166.024335041133
3523,35.22,60.847,3.89108141334548,2.25795386884601,-179.749394357435,96.7896389379758,2.07733170170795,-3.02973961760422,5.53996528280186,4.86687816083148,-35.8416022620181,166.043981616468
3524,35.23,60.857,3.89468540544258,2.26426583098395,-179.765097986959,96.7873309340146,2.10582978792677,-3.04585686278397,5.54648140824678,4.8691866441194,-35.8771204560583,166.040851369437
3525,35.24,60.867,3.89852902778388,2.27254942759239,-179.753315471517,96.7827320787234,2.06715348938637,-3.04450172710461,5.55389533323145,4.87596575815465,-35.8345568836186,166.039150143275
3526,35.25,60.877,3.8837654925177,2.27523781520857,-179.734154219174,96.7925387581632,2.06124961850582,-3.04803367679311,5.51972937293786,4.87805016723673,-35.8781304881184,166.057176122747
3527,35.26,60.887,3.88406231305165,2.2726672986303,-179.729871908681,96.7990209903654,2.05910978665047,-3.04356714940196,5.51041907396079,4.86727262042745,-35.9080306910658,166.059362741504
3528,35.27,60.897,3.88072158799818,2.27644543478247,-179.728665566132,96.8109070289288,2.06482514739569,-3.04659444293318,5.52147018893236,4.87550227739524,-35.8792301392686,166.041851340432
3529,35.28,60.907,3.88269637605078,2.28149449921635,-179.719025512909,96.8170975074122,2.06019026817016,-3.0566095586136,5.50225833463503,4.87721130300429,-35.8564490961743,166.04165265528
3530,35.29,60.917,3.88778211003386,2.28418463106132,-179.714457492852,96.8099593304268,2.0557702489705,-3.0317786896016,5.51633153498605,4.88246722429977,-35.8481863132244,166.04518601553
3531,35.3,60.927,3.89913165056794,2.3002480900707,-179.71668003217,96.793407641681,2.04622139577391,-3.07694417977039,5.53754959667151,4.89376641365992,-35.8225961168021,166.036539452004
3532,35.31,60.937,3.88082410425695,2.29484876718029,-179.70576248177,96.8114182162658,2.04845319271392,-3.04691803273092,5.50951875893848,4.89012546060291,-35.8493906797238,166.051106700179
3533,35.32,60.947,3.8774799332689,2.31037972308446,-179.699428925213,96.814709616204,2.0275584988248,-3.07211167943619,5.49285105044434,4.89390530451749,-35.8807835550764,166.05338425572
3534,35.33,60.957,3.89038255257822,2.3027274454886,-179.705642984274,96.7968075998995,2.03233584199725,-3.04627749750445,5.51362406424692,4.88780257160604,-35.8621999792323,166.054398019481
3535,35.34,60.967,3.89802362282216,2.31822361523612,-179.698914594925,96.7952294398055,2.02088075140679,-3.06153449374574,5.51448582082805,4.89407472641526,-35.879198323406,166.063216393125
3536,35.35,60.977,3.88498355323681,2.31449928446977,-179.704649160452,96.8009014499385,2.02061067974634,-3.06374559140536,5.51649624307737,4.88674208597898,-35.8882743463496,166.049453327261
3537,35.36,60.987,3.87255811670943,2.31687540816156,-179.697127127854,96.8118935075573,2.02803003453154,-3.05113596023097,5.49531534847888,4.8862183769767,-35.9087939817702,166.034805744633
3538,35.37,60.997,3.87482002965977,2.32183836977266,-179.699387379275,96.8111243049184,2.03711208670028,-3.04450638680299,5.49968447874027,4.89098562447231,-35.8964262740983,166.060182115417
3539,35.38,61.007,3.87116557286043,2.32815311554,-179.710483298543,96.8075391748202,2.06797395390772,-3.0681722383857,5.50819516046622,4.89714943024979,-35.9069403108332,166.057803316098
3540,35.39,61.017,3.86380401228199,2.318827832024,-179.70142584545,96.8067436505207,2.07517301551624,-3.05392333799902,5.49677006662813,4.88245576164515,-35.9283318758653,166.052947404042
3541,35.4,61.027,3.87349440833292,2.33301511963509,-179.71976531271,96.8058572035227,2.0875684264866,-3.05589749763257,5.51615372266162,4.89201311519315,-35.8898688699502,166.051478451466
3542,35.41,61.037,3.86138533851161,2.33443604486407,-179.711585500193,96.8192147653117,2.09814934431714,-3.06524152226366,5.50723017597574,4.89418569628542,-35.8831428249754,166.049769081736
3543,35.42,61.047,3.84715162103657,2.34048274944579,-179.703025475485,96.8195676695668,2.08845888534747,-3.07543133650084,5.4930769696257,4.90006997692974,-35.9426627685564,166.033664210627
3544,35.43,61.057,3.85465878710247,2.34431724154565,-179.70552864977,96.8174524226258,2.08116031093116,-3.08119182647687,5.51596623642214,4.90373843791197,-35.9062206076064,166.026645182073
3545,35.44,61.067,3.83314653311426,2.34346192418288,-179.716964657509,96.8406350537286,2.09082726877087,-3.07211176897283,5.50590321339042,4.90122360855368,-35.9121801654286,166.023721469045
3546,35.45,61.077,3.84502701767629,2.34495479077006,-179.70206361441,96.8235815894509,2.0713830603183,-3.08249027970118,5.50768668799755,4.89686268987565,-35.9413565708279,166.049578784075
3547,35.46,61.087,3.83983908772467,2.34400185993914,-179.695644908535,96.8356811978496,2.05396595157838,-3.06312651673835,5.49603399572068,4.89080915052009,-35.914037981416,166.057866950089
3548,35.47,61.097,3.82528767964623,2.33934993103062,-179.689533630983,96.8452540966299,2.0404785355207,-3.06660054867554,5.48602778728226,4.88416112445117,-35.9176847040649,166.04143314486
3549,35.48,61.107,3.82786774090869,2.33684216373244,-179.705485904669,96.8398882547357,2.05503135662129,-3.06942914586858,5.51292851951228,4.89110511310947,-35.9335383422677,166.039489864814
3550,35.49,61.117,3.83087954133492,2.3324534164436,-179.708801416379,96.8416980523964,2.07821179514431,-3.06603792457304,5.52394387037811,4.88170435230065,-35.9306889654399,166.024065386881
3551,35.5,61.127,3.82853188151535,2.32790884741639,-179.705937635862,96.8409910062758,2.08183835161181,-3.07214263095162,5.51220621987386,4.87592395366882,-35.9514714222459,166.049292380185
3552,35.51,61.137,3.83316960696055,2.3361676785551,-179.697551777157,96.8418880251231,2.0754641522605,-3.08120303119413,5.51799533756057,4.88257312996812,-35.9662895998069,166.05079105904
3553,35.52,61.147,3.83015721561043,2.33434746590106,-179.701180260222,96.8466732664656,2.11714550385905,-3.08817184158226,5.51567532981298,4.87815024195857,-35.9883674243236,166.061528673317
3554,35.53,61.157,3.81369382705215,2.33813419502863,-179.692511994965,96.8642652570013,2.08197593036723,-3.11549006407865,5.50526149782352,4.87968260212598,-35.9810671875938,166.041018156184
3555,35.54,61.167,3.82351920296876,2.33886080360117,-179.691649159904,96.8510434878943,2.09010832382608,-3.10223211241685,5.51469264343184,4.88243799299663,-35.970267405329,166.047853036259
3556,35.55,61.177,3.81203076218372,2.34545805002671,-179.69203499071,96.8628585066124,2.10038766117694,-3.10571629716243,5.51457884046521,4.89247052703963,-35.9718268783083,166.044505702271
3557,35.56,61.187,3.8126765546925,2.3410924914862,-179.714194750374,96.8595990315559,2.11380117856413,-3.12159908677221,5.53149123935165,4.89873638345047,-35.9357763472907,166.009986427273
3558,35.57,61.197,3.80222040457776,2.3479383839515,-179.695540062977,96.8615560524159,2.08946444878753,-3.12229914786868,5.50109858180576,4.88628424449031,-35.9848895116491,166.047590825645
3559,35.58,61.207,3.80894517778351,2.33813947627822,-179.700426781542,96.8476264361342,2.09113417309064,-3.09887388277667,5.51985728571621,4.88408757651356,-35.9492026646971,166.030866910877
3560,35.59,61.217,3.79302873740933,2.33840578877701,-179.715011275967,96.8515554746971,2.09134558817677,-3.10122438420127,5.52320207990716,4.88753648193653,-35.9449206281833,166.013312400631
3561,35.6,61.227,3.80397324209902,2.34903428657813,-179.71634804279,96.8417155327953,2.08653047173611,-3.10013330550551,5.52858272039046,4.89915865038996,-35.9580394497809,166.022418039085
3562,35.61,61.237,3.79482318512543,2.33990337288802,-179.701894408773,96.8375417193724,2.06995287662446,-3.08931941087389,5.50560597457091,4.87703383619878,-36.0065388700145,166.068924467793
3563,35.62,61.247,3.80423153606656,2.33910117176932,-179.698275353635,96.8211275572508,2.06236139747562,-3.07704281520925,5.51596257016976,4.88683118097248,-36.0077507608952,166.053554345482
3564,35.63,61.257,3.80650566919406,2.34230938116098,-179.69875333819,96.8090437926476,2.05579953780916,-3.08230816993481,5.51693131439992,4.88129365885747,-36.0389209880915,166.051608964439
3565,35.64,61.267,3.80258952702875,2.34403293607183,-179.703428998346,96.8181198691543,2.06366166003737,-3.08030714323708,5.51440865527843,4.88641739413696,-36.0334959336358,166.052887989803
3566,35.65,61.277,3.79682366027573,2.33340115213861,-179.701816027141,96.8243789989827,2.0764547855981,-3.07426904100694,5.5031792855487,4.87254542866976,-36.0567899059603,166.056328237693
3567,35.66,61.287,3.78912442438492,2.33645483013064,-179.702333721196,96.8268476305294,2.04802342330073,-3.08376185063156,5.50083994846812,4.8836121024169,-36.0324605853786,166.046108560315
3568,35.67,61.297,3.77908631825553,2.33379215101083,-179.705429191349,96.834934067461,2.07247299864978,-3.08344410394252,5.49313300207105,4.87492595542503,-36.0299363167474,166.0480181862
3569,35.68,61.307,3.78360397176198,2.3365541828069,-179.707289466765,96.8239196409305,2.083915768691,-3.08616423274039,5.4934334586398,4.87858513660341,-36.0521669390871,166.036570011989
3570,35.69,61.317,3.76695584835499,2.34678354437572,-179.720533737146,96.8420459571397,2.09673007537399,-3.12439605426103,5.50631951809046,4.89824623008328,-35.9947813751171,166.017858353081
3571,35.7,61.327,3.76891205340667,2.35520144275927,-179.704557732586,96.8437141928477,2.08337637756293,-3.12422398120377,5.48384727985068,4.89735915027134,-36.0427267684638,166.044717191751
3572,35.71,61.337,3.75890494581743,2.34376641109713,-179.706759117221,96.8485286627721,2.0817673557578,-3.10808536616535,5.47530529122932,4.8902869732866,-36.0466354660037,166.064441904844
3573,35.72,61.347,3.74557095566507,2.34995273442054,-179.706286745492,96.8531401227169,2.06663146518145,-3.11875297344698,5.47031129026843,4.89025314989981,-36.0414219358416,166.046274928488
3574,35.73,61.357,3.72207905146917,2.34228940178169,-179.713415435006,96.8568204705397,2.08433957039625,-3.08773288975918,5.46286692508023,4.88946661452451,-36.0471324422534,166.067667672203
3575,35.74,61.367,3.72686097499041,2.35205282443419,-179.711203028168,96.8545035727926,2.08099929852251,-3.09711320041838,5.47217568896293,4.89795814080856,-36.0343165900446,166.053731387689
3576,35.75,61.377,3.70431862172353,2.33636613068278,-179.691439301781,96.8525630144208,2.07107474973016,-3.09045565818775,5.43971283047031,4.87014285662692,-36.1002288950502,166.058191639691
3577,35.76,61.387,3.69531458838547,2.34987520965625,-179.709578536236,96.8512008022067,2.11409989559449,-3.07694201145662,5.45870335411156,4.89059538851341,-36.0439110402155,166.059095180666
3578,35.77,61.397,3.69653878873685,2.34786161679524,-179.711858514959,96.8309442207378,2.11690893813034,-3.09753175320608,5.47287858091921,4.89593606537317,-36.0733627105928,166.043629438013
3579,35.78,61.407,3.68846059680098,2.34585931973601,-179.706443455252,96.8294825207399,2.12378569118104,-3.09612033966316,5.46394947797072,4.88790378188684,-36.0971234751772,166.067621916924
3580,35.79,61.417,3.66165289494698,2.34974054783682,-179.705412672203,96.8431980108971,2.12820763651813,-3.1221697274211,5.45193506416941,4.89431489362349,-36.0590166894578,166.039845741515
3581,35.8,61.427,3.65402932801216,2.35028166847462,-179.695221434403,96.8411455622723,2.13416810345117,-3.09731760653128,5.45044053754898,4.89929616299715,-36.0577872356376,166.027928485339
3582,35.81,61.437,3.64968119436178,2.34463611098334,-179.675726565005,96.8411173115143,2.13140191481006,-3.12029416539424,5.43894483659989,4.88616735144617,-36.0995659022825,166.035903795407
3583,35.82,61.447,3.64050783948394,2.35587793274917,-179.687908039908,96.8499935013985,2.1341392611603,-3.13795368341598,5.44306046761778,4.90334993034329,-36.0990073916117,166.041670833691
3584,35.83,61.457,3.62495310433638,2.35464356536384,-179.676164111471,96.8522205929621,2.11950223177295,-3.15353589371878,5.42690359779565,4.89686482889345,-36.1018544539033,166.043211323374
3585,35.84,61.467,3.62462128492999,2.35884977705799,-179.66882059764,96.8452733887924,2.10528182762356,-3.14735625504243,5.42611382884256,4.90123033065894,-36.1237369900163,166.060096452648
3586,35.85,61.477,3.63424117325129,2.37145859632678,-179.675409502663,96.7992756306763,2.1064892845718,-3.16393580354771,5.44636238839234,4.91415018959252,-36.1226827389849,166.029630359534
3587,35.86,61.487,3.62386807892221,2.37360035809815,-179.661566215898,96.8045650542938,2.09124340959908,-3.14930478991833,5.43049537417989,4.91487318740811,-36.1153286120847,166.049941228699
3588,35.87,61.497,3.61156547052796,2.37026315528951,-179.653458562616,96.7943218636319,2.06566123875534,-3.16814230543398,5.41967414310355,4.90418728971289,-36.1105679112238,166.055624356794
3589,35.88,61.507,3.63181153675565,2.36853617293734,-179.659254692996,96.7628114578311,2.07259027528885,-3.1461010948544,5.44483209332454,4.90230355695875,-36.1074197180756,166.0354268303
3590,35.89,61.517,3.62296672199559,2.37672229646265,-179.666720402366,96.7520976403939,2.08756358224741,-3.16548458729244,5.43570301749546,4.90607998516887,-36.0747126275288,166.057335612766
3591,35.9,61.527,3.63535669563981,2.38414305048264,-179.649847148453,96.7269163639915,2.06005849235239,-3.15192787963267,5.451203929267,4.90891984799844,-36.068174523307,166.041886533815
3592,35.91,61.537,3.63261596239941,2.37750847099474,-179.641644289058,96.7269548490001,2.07337006370586,-3.16627312961977,5.43767540901142,4.89439726139606,-36.0946163295803,166.057952274001
3593,35.92,61.547,3.63537906809618,2.38942596121815,-179.641507489813,96.7169028042866,2.07036128170758,-3.16176087728972,5.44595803481029,4.91440576588973,-36.107700904999,166.057052397354
3594,35.93,61.557,3.62710670126897,2.38633566322734,-179.655481597115,96.7270354679138,2.08204231237973,-3.1843176608684,5.44088554733058,4.90412214375746,-36.1031703392081,166.054166727422
3595,35.94,61.567,3.63451320144632,2.39359468252931,-179.64300414081,96.7135354843555,2.07986338155949,-3.19414323982851,5.44731657515502,4.90874223722061,-36.1109304660586,166.057857703867
3596,35.95,61.577,3.63174133836972,2.40374207701716,-179.632773061389,96.7160110696312,2.06244829327402,-3.18538720204943,5.44527749805848,4.91557223849588,-36.1169528328358,166.068416324307
3597,35.96,61.587,3.63810304744242,2.40564744923088,-179.622303443271,96.7022679824009,2.06493675774983,-3.18063225497827,5.44632418237658,4.91473188440251,-36.1115880794979,166.069725785207
3598,35.97,61.597,3.64876763887527,2.39553819140179,-179.620241410849,96.685765902821,2.07408085500461,-3.16311879360933,5.45035213563128,4.90818657363505,-36.1380935457396,166.074320482844
3599,35.98,61.607,3.64458989883765,2.40309265638137,-179.608671676893,96.6963067781337,2.06635830893978,-3.1777032090868,5.44489084530029,4.90512370358505,-36.136461647843,166.063714024361
3600,35.99,61.617,3.6408547206128,2.39804179913526,-179.606000619408,96.6985924329525,2.08254678805636,-3.1650562380764,5.43306909064922,4.90611537563433,-36.1493310768664,166.098625766075
3601,36,61.627,3.63601813669239,2.40547729557787,-179.602544597152,96.7053633977995,2.07320037050642,-3.17046649210358,5.44012702126539,4.91194125626868,-36.1295047910895,166.070706478764
3602,36.01,61.637,3.64927429218276,2.41141051785995,-179.590476122408,96.6856112412509,2.07769595591289,-3.17265286290959,5.44764319051169,4.91850300562278,-36.1545423911888,166.075098672891
3603,36.02,61.647,3.65484898907432,2.41353627471269,-179.58247795173,96.6857059002974,2.0628422119815,-3.17873099686591,5.45104367254892,4.91575355507323,-36.1256743309123,166.082290825469
3604,36.03,61.657,3.66588721590195,2.41966866309765,-179.586618909794,96.6742381057158,2.09137390645758,-3.18647822015261,5.46544830536362,4.92808598370887,-36.1141061442346,166.064468831689
3605,36.04,61.667,3.65764084440975,2.41814766051304,-179.575375439984,96.6746803990769,2.06458655566016,-3.19359980511954,5.44065577923953,4.92711150259738,-36.10730451104,166.086682911241
3606,36.05,61.677,3.66065258649216,2.41759472723576,-179.57205651174,96.6729043178495,2.06347679885389,-3.18699935090181,5.46087619923116,4.9237529737365,-36.1454005264838,166.067063284411
3607,36.06,61.687,3.66196489864475,2.42751886860481,-179.56919738251,96.6585372511593,2.05896797231855,-3.21084797073133,5.45145454443756,4.93344663817826,-36.125253795674,166.086965775264
3608,36.07,61.697,3.67276436394044,2.42228333497769,-179.5526987482,96.6350931159355,2.0381588643291,-3.19986279528908,5.46804288894384,4.935146516096,-36.0929499068868,166.066332779316
3609,36.08,61.707,3.66490360680143,2.41857242314157,-179.555811282456,96.6425505401554,2.04503542631222,-3.18705787336281,5.45601234763309,4.92728773208485,-36.1292775002372,166.080292966611
3610,36.09,61.717,3.67446604090439,2.42039441117112,-179.546939510292,96.6268432573507,2.03410195675964,-3.19216994256615,5.46989771402537,4.92552539270463,-36.1192503818861,166.075290729597
3611,36.1,61.727,3.65694892030267,2.41504099391282,-179.521895602177,96.6337408145958,2.02522533519562,-3.1852966183727,5.42658739915445,4.92154364710152,-36.1850119290982,166.121225841883
3612,36.11,61.737,3.6765635034873,2.4256816589071,-179.52559457442,96.611930944454,2.01921742649552,-3.18147709589246,5.44867515875236,4.92626651048791,-36.1420697359518,166.12003917088
3613,36.12,61.747,3.67538858613874,2.42417872849413,-179.523945564236,96.6033402706534,2.03704714292686,-3.16875969465338,5.45254045788525,4.92253020877614,-36.1307500551403,166.105826564859
3614,36.13,61.757,3.67604749749617,2.42971301668556,-179.526435926773,96.6046360608762,2.0365024617355,-3.1742681656444,5.46250794771242,4.93307429051063,-36.1669125909471,166.102064184447
3615,36.14,61.767,3.67821980466227,2.42737161068356,-179.517758450398,96.5981904076918,2.0408438381125,-3.1913436990192,5.47039051478891,4.93786164766847,-36.14388885077,166.093459754183
3616,36.15,61.777,3.66130526881683,2.41599201009172,-179.513295521514,96.6228438909334,2.06797169960208,-3.1773090696848,5.44879490943255,4.92390917296538,-36.1395185179528,166.102441610028
3617,36.16,61.787,3.66238677269094,2.42033184975146,-179.50594544327,96.6161048396115,2.03179632787545,-3.18267639023298,5.45704560732716,4.93369269826339,-36.1288039067616,166.096150782336
3618,36.17,61.797,3.67472611148028,2.41287587398396,-179.515825574198,96.610259662969,2.07225591164382,-3.18262263363146,5.4782591682526,4.92707045605647,-36.1299536734052,166.097782804935
3619,36.18,61.807,3.66173183525529,2.41069214017589,-179.507172160753,96.6295812486482,2.06012394163299,-3.16814699134054,5.45982680259485,4.92370614912356,-36.1289904059107,166.122746823632
3620,36.19,61.817,3.66377373977057,2.41708658382986,-179.513183297435,96.6194633896667,2.06117577858464,-3.17483169020447,5.4724184694666,4.93875075677714,-36.1114514629937,166.107937224454
3621,36.2,61.827,3.66682410820445,2.4127468769953,-179.515052775277,96.6154055138049,2.09485930389507,-3.17298052201265,5.48050455763883,4.92704380749518,-36.1491890445756,166.106836082412
3622,36.21,61.837,3.65334851151938,2.40304416245801,-179.501896097661,96.6195509621952,2.06223566763374,-3.1614201231168,5.47896178652306,4.92428715009326,-36.160850790376,166.095306984384
3623,36.22,61.847,3.64926982843492,2.40177495251478,-179.511606778,96.6216416011929,2.08022555728441,-3.17971430887171,5.47134363546406,4.91890172839191,-36.1372711990495,166.106372773517
3624,36.23,61.857,3.6614215446737,2.40748552755211,-179.506187040316,96.6070689210897,2.07109827713093,-3.20937259070135,5.4832375427088,4.92291216114151,-36.1271245992434,166.114844573109
3625,36.24,61.867,3.66214795336535,2.39129281911931,-179.524432351216,96.5929975722193,2.09584718379785,-3.19156454764167,5.50311873957797,4.91670012471991,-36.1457079141075,166.10908681311
3626,36.25,61.877,3.64035484046341,2.39801382685877,-179.509043011575,96.6227845126833,2.07364993386643,-3.20798374252903,5.47854842466923,4.92124426237463,-36.1673759287801,166.098849198311
3627,36.26,61.887,3.65778771470552,2.38498764488784,-179.511719126347,96.6037477747747,2.09707674625511,-3.17593881358526,5.49952742189218,4.91429481521258,-36.142528506495,166.108866091249
3628,36.27,61.897,3.65190304407539,2.39933049989776,-179.508073526003,96.605561424974,2.09084592606852,-3.18905564348814,5.49438083633898,4.92951588819785,-36.1543421286309,166.10501163422
3629,36.28,61.907,3.64098312599996,2.39324450606741,-179.490965021318,96.6184537341676,2.05944803766462,-3.18018535419381,5.46992489722386,4.92327786444991,-36.152417679998,166.143694213246
3630,36.29,61.917,3.6283569448446,2.38416899880501,-179.499091567172,96.620308236467,2.06241510473298,-3.17735377270216,5.47525340710072,4.91554411374333,-36.1431903710166,166.11184272869
3631,36.3,61.927,3.63414908533051,2.3875305647546,-179.488767793493,96.6061644381986,2.03970836532359,-3.18020521582297,5.47580188274017,4.91859069693282,-36.1248318309587,166.123812841267
3632,36.31,61.937,3.61305994040301,2.38657519043624,-179.507232723156,96.6227610525179,2.07517300047325,-3.15913624756971,5.47359000946117,4.91752372947937,-36.1278651773407,166.117336929122
3633,36.32,61.947,3.61446288465117,2.38696213703584,-179.49653835282,96.6105006961916,2.0365833494535,-3.16627136866653,5.46679551620138,4.91921549213003,-36.1584536388559,166.132888091965
3634,36.33,61.957,3.61485160861709,2.39192194405743,-179.494135342126,96.6012228775841,2.04399816557268,-3.17439233329459,5.46859010501497,4.91759940497716,-36.1607059622181,166.128060606134
3635,36.34,61.967,3.59770374222226,2.38907294613472,-179.514451588232,96.6212309678158,2.0843542227334,-3.15963319400086,5.4753539439993,4.92316771733662,-36.1217774135993,166.100766614168
3636,36.35,61.977,3.60143759184697,2.37594217530197,-179.510150028871,96.6141642412877,2.08738782359394,-3.16275201485231,5.47991329758674,4.91170917333743,-36.1273178353843,166.10889907134
3637,36.36,61.987,3.59983120208539,2.38915316699357,-179.497034069596,96.6181689278904,2.08816895523621,-3.16100802749868,5.46222958154084,4.91568753781116,-36.1766354155458,166.126357581298
3638,36.37,61.997,3.60154977349352,2.37430871318861,-179.527624461105,96.6190147976043,2.15230194964493,-3.15846213284138,5.4911701046852,4.90657014250464,-36.1381144439939,166.103833679694
3639,36.38,62.007,3.58652345872322,2.37041229730811,-179.536245360353,96.6308415714334,2.17155712660215,-3.15593448889023,5.4879995987969,4.90286417971759,-36.1391560011328,166.101098391079
3640,36.39,62.017,3.58814634619394,2.3702160536622,-179.533493535871,96.624832022029,2.19072738121854,-3.14303673982882,5.48029267314669,4.89868392421661,-36.1669777505644,166.108441319342
3641,36.4,62.027,3.58556776026237,2.37875091272523,-179.538485319359,96.6142973375993,2.18445764171595,-3.14936939039503,5.47963107178239,4.91624046822855,-36.1510501132188,166.124451934993
3642,36.41,62.037,3.5665197026692,2.36910855255122,-179.534701378072,96.6361685825363,2.17882442016045,-3.154222734846,5.47815387765769,4.89598708742543,-36.1251517495181,166.1023591183
3643,36.42,62.047,3.56291555072478,2.37650599207884,-179.529484340465,96.6167186048913,2.16501090114504,-3.15168764326483,5.4594875562491,4.909539491362,-36.2009318049143,166.138992804757
3644,36.43,62.057,3.56110093864851,2.37311315487544,-179.541318552165,96.611146945174,2.16225240551804,-3.15306671329316,5.47123964647687,4.90882176330661,-36.1604620848555,166.104266558318
3645,36.44,62.067,3.53885135016929,2.36116241807956,-179.5467967479,96.630716433148,2.1828336001471,-3.10934675548655,5.46316454404951,4.89965944256762,-36.1410602969738,166.098778970152
3646,36.45,62.077,3.53162303044778,2.36747322791285,-179.548211510923,96.6272047303206,2.17847881232799,-3.09711695573765,5.46094583459323,4.91071514615548,-36.1721260913099,166.089158557364
3647,36.46,62.087,3.51853448844171,2.36826402326003,-179.544927993971,96.632770532008,2.17379821084333,-3.11842364077548,5.45188928351603,4.91787922972031,-36.1667786822341,166.097788396206
3648,36.47,62.097,3.51957881884536,2.36298755519905,-179.539879444843,96.6328911455939,2.17744733924368,-3.10561257267607,5.44878021381218,4.90720934305788,-36.1120674429443,166.110231572934
3649,36.48,62.107,3.49745232419782,2.35694320580584,-179.542910798941,96.638549155639,2.19059683511044,-3.10562520534058,5.43652433266714,4.91141393690826,-36.1246246827412,166.108678209176
3650,36.49,62.117,3.50054195429853,2.35908705983231,-179.541077267771,96.6206594886311,2.19806642028854,-3.12125940831554,5.44207948076563,4.90214611075424,-36.1382506529508,166.126943123397
3651,36.5,62.127,3.48697932754556,2.3591878740407,-179.545050376906,96.6207691661795,2.19102252624172,-3.11831477436551,5.4380653961758,4.90929800548993,-36.1205955473893,166.109658108814
3652,36.51,62.137,3.49088953393978,2.35355244688047,-179.543204709687,96.603794102834,2.21611125881976,-3.11918809229889,5.44279396803142,4.90658173832937,-36.1403767468981,166.111580974639
3653,36.52,62.147,3.4797972892827,2.34844960333258,-179.535448630873,96.5994431681708,2.21613629972499,-3.09838358147022,5.42590720496434,4.89798317685668,-36.119134380365,166.120221183588
3654,36.53,62.157,3.4859191879693,2.34334643751856,-179.526958910927,96.5732251450836,2.1946026156395,-3.09823661894203,5.43424542598053,4.90212870253376,-36.1118988639565,166.127556110527
3655,36.54,62.167,3.47823734503827,2.34360647265976,-179.532660382603,96.5666474894525,2.20232013049802,-3.11497210752261,5.43268392863428,4.90331364458727,-36.1098693485063,166.123867331703
3656,36.55,62.177,3.47931343116388,2.3415819881157,-179.536675540988,96.5370813947492,2.20634195530879,-3.1296288120207,5.44382908214168,4.90770023023952,-36.1269400558285,166.086291550514
3657,36.56,62.187,3.47903167805762,2.34054601906422,-179.523510970142,96.5402024163364,2.18486217685663,-3.10979252742159,5.42830272308967,4.91296293948087,-36.1461260825555,166.087158181926
3658,36.57,62.197,3.46117734832032,2.339776420423,-179.53345319354,96.5520371866067,2.20070258729161,-3.13217208024663,5.41742250275552,4.91124579599616,-36.1091054996073,166.104056702328
3659,36.58,62.207,3.47193165448366,2.32506152344967,-179.528547740353,96.5434010350473,2.18304797736165,-3.12426206555119,5.41723667422954,4.90358787185839,-36.1166730325126,166.127202279955
3660,36.59,62.217,3.47057956119905,2.31752637396444,-179.524816447974,96.5398886774788,2.17432288536099,-3.11874184945595,5.42270251910251,4.8973398934653,-36.1461192098267,166.106893087775
3661,36.6,62.227,3.46377096302764,2.31291221803457,-179.517699074615,96.5445740459323,2.17068347746381,-3.13352091529181,5.40662692009831,4.88904133242911,-36.1447930336425,166.119367842735
3662,36.61,62.237,3.46141378199295,2.30694435170204,-179.528658080866,96.5497306392753,2.17663337294768,-3.13971117331445,5.40929891964457,4.88587696029119,-36.096619708807,166.123469701318
3663,36.62,62.247,3.47030481552742,2.31419223582581,-179.531387632037,96.5429373904152,2.17242246248382,-3.16213661994341,5.43056924890086,4.89569273026887,-36.0844501351052,166.113352913366
3664,36.63,62.257,3.46343297894379,2.31006099243672,-179.525411237057,96.5505051500867,2.18445121729285,-3.15832983762819,5.42211049700786,4.89236825536545,-36.096162330442,166.105006813946
3665,36.64,62.267,3.46981878249177,2.31492057869718,-179.529229956491,96.5392230014038,2.17163653003542,-3.1872013768236,5.43748335619776,4.90092680727103,-36.0548567433298,166.111596040272
3666,36.65,62.277,3.45468507963186,2.28862996228732,-179.525193779625,96.558638747516,2.16679085288653,-3.14698067261481,5.40433195828383,4.87536143756044,-36.0844464715705,166.126257704378
3667,36.66,62.287,3.47592307986235,2.29444817290682,-179.516464657353,96.5366726697869,2.15475915667763,-3.15512668790611,5.42701262291063,4.87969623249593,-36.090116399686,166.109897009011
3668,36.67,62.297,3.47570671073344,2.29491488911239,-179.516957851091,96.5430396599591,2.12852858391347,-3.16652165138931,5.43036143112561,4.8784149378615,-36.1369563938406,166.121674598209
3669,36.68,62.307,3.46880043903309,2.30339061312726,-179.521356799975,96.5494589560727,2.14662131698395,-3.16874388856373,5.43359805288928,4.90045509388246,-36.1111809348234,166.117838764143
3670,36.69,62.317,3.4733264945045,2.29110406156666,-179.512238827564,96.5392207731496,2.12269226142644,-3.15391154285285,5.42924168832631,4.88657279616797,-36.1000415297237,166.105573133235
3671,36.7,62.327,3.46810100222183,2.28813075536576,-179.506768833814,96.5519134624367,2.11929451769163,-3.16069062944125,5.41801518828394,4.88515851269594,-36.1123619413633,166.14011616842
3672,36.71,62.337,3.46323672089609,2.29130998398709,-179.506042126138,96.5613379632182,2.09524319363238,-3.17113405663582,5.42527778142491,4.89073338771329,-36.0806633752734,166.113868646455
3673,36.72,62.347,3.46602991769068,2.27430488103463,-179.501321350535,96.5635756539091,2.09371390392166,-3.15115482172311,5.41075972567313,4.87267802999312,-36.1238370991686,166.141132426945
3674,36.73,62.357,3.46676850506563,2.27648032374023,-179.503001206399,96.5562227765647,2.08793941212731,-3.14642971063844,5.42415096849176,4.87846948610012,-36.0846659341392,166.105045659543
3675,36.74,62.367,3.4581582201577,2.28132903393855,-179.502756758253,96.5711227044294,2.09540168126712,-3.17143476360066,5.40599006907849,4.88474607083379,-36.1046633063384,166.124653259625
3676,36.75,62.377,3.45904949423246,2.27554247287192,-179.491654229229,96.5646116984273,2.08518110118637,-3.1714097156639,5.4133473474276,4.87459836221948,-36.1045777565076,166.108186950903
3677,36.76,62.387,3.46919096063423,2.27955530516035,-179.501329133323,96.5654816784496,2.09648302461842,-3.16026190145153,5.42177519135333,4.88321474091374,-36.1193694837769,166.124466490158
3678,36.77,62.397,3.46468787248842,2.27257696321155,-179.493758386251,96.5715348902783,2.08930157858296,-3.18309766119627,5.43417671076632,4.88291828734444,-36.0686050056968,166.101938141468
3679,36.78,62.407,3.46444486044648,2.27495671967832,-179.490102188227,96.5786938128184,2.09971275550075,-3.19650690734711,5.42824928890151,4.88209130589944,-36.0895616038492,166.09328051753
3680,36.79,62.417,3.46295340994087,2.27647065205556,-179.480390633388,96.5704407098229,2.09936898922053,-3.19201780514634,5.41861859267039,4.88266371225932,-36.0805797383485,166.109176694002
3681,36.8,62.427,3.45425948895964,2.27021870852769,-179.493872692321,96.583928130626,2.1028054550445,-3.18975174707708,5.41781347401593,4.87819755437608,-36.0852022329559,166.094507446509
3682,36.81,62.437,3.4607049986082,2.27002985304251,-179.482135499749,96.5650225971153,2.10135423965889,-3.18295854974001,5.41810961900846,4.88488485768965,-36.105826217187,166.102943782873
3683,36.82,62.447,3.45737730260154,2.26302115347758,-179.484470751551,96.5646613638823,2.08280522303633,-3.17294756760614,5.4181248263881,4.8741076664768,-36.0804294343402,166.09890449966
3684,36.83,62.457,3.45539355887272,2.26656826817409,-179.486201160955,96.5722302043274,2.08018782897269,-3.16551171863787,5.41246715674043,4.87554504013537,-36.0923795805467,166.121150610915
3685,36.84,62.467,3.45935908955327,2.27075256226793,-179.481318385489,96.5632969024721,2.09105650523351,-3.15394705018191,5.4154622332295,4.88286677271349,-36.1236815815676,166.130932178172
3686,36.85,62.477,3.44106172888599,2.27224401924134,-179.473380739158,96.5856723826729,2.06408392824309,-3.15851973859216,5.39671423240832,4.87889747242301,-36.1464709560919,166.110104462474
3687,36.86,62.487,3.44346710160367,2.26225247870992,-179.481540157976,96.5788047644898,2.08399481160744,-3.16335829751275,5.41055223266899,4.87501361943742,-36.1156648670272,166.093312348068
3688,36.87,62.497,3.45229608657854,2.28229177209192,-179.474703300717,96.5720441310044,2.07643249001536,-3.18015224095941,5.41352199535236,4.89580705861585,-36.1024928691734,166.094257246488
3689,36.88,62.507,3.45348607040209,2.28327950425958,-179.484067517005,96.5789272931647,2.09148688971165,-3.16728277693043,5.43488835872468,4.90321657324705,-36.1150901846542,166.070644259632
3690,36.89,62.517,3.442215461349,2.27020891449641,-179.484445426305,96.5755214523916,2.10461761743326,-3.17682693985626,5.41419856456348,4.8752196060266,-36.1369501157278,166.107009346225
3691,36.9,62.527,3.43280946569442,2.26342625373605,-179.492911760566,96.5697112629648,2.1205847695473,-3.17636344499362,5.40659771591843,4.87714246733275,-36.0928577940619,166.117184675191
3692,36.91,62.537,3.44164529336029,2.27428049818984,-179.502008821488,96.5679777093187,2.13209477607133,-3.2075099979477,5.4255192947781,4.88660881950913,-36.1210741858683,166.114832453382
3693,36.92,62.547,3.4400503877672,2.25533907302018,-179.489688850994,96.5723931192462,2.10012171413111,-3.1990994407605,5.42433464682849,4.86811307385308,-36.1468102015215,166.107269300425
3694,36.93,62.557,3.42542885684631,2.2619591697659,-179.500739775235,96.5752837044361,2.11935337723451,-3.17921772373638,5.42121119122713,4.87907079332527,-36.0847498348222,166.088241137541
3695,36.94,62.567,3.4250365327654,2.25274501588821,-179.499663440908,96.5542393124636,2.11949186740473,-3.19099375424469,5.42526008103687,4.87357352921065,-36.0614195856591,166.081864257634
3696,36.95,62.577,3.41055213424313,2.2554005148051,-179.508255793705,96.5616994927176,2.12763928775285,-3.17993667525543,5.41423203752124,4.86931876313224,-36.0916990237816,166.077412053344
3697,36.96,62.587,3.41427545674982,2.25829643154939,-179.502816095369,96.5523060708827,2.10316303226603,-3.190221151444,5.41664733328021,4.87814321823317,-36.1376660855733,166.095985444279
3698,36.97,62.597,3.40571837234713,2.24824886342146,-179.514033166302,96.5452496760346,2.12121785662748,-3.14798060510094,5.42991500637275,4.87267454823998,-36.0813891139278,166.067037517233
3699,36.98,62.607,3.40807730312045,2.25449082257634,-179.518370408895,96.5420225135438,2.11933731109995,-3.19035065528886,5.43058782153445,4.8804775079452,-36.075052039307,166.088824262135
3700,36.99,62.617,3.39988416214835,2.25010153744178,-179.505435664871,96.5378978228298,2.11734824794763,-3.18656030354778,5.4014400582509,4.87680616129016,-36.1754092217714,166.10634482128
3701,37,62.627,3.38413235946645,2.26392175112938,-179.537382424247,96.5456293479302,2.13268120509063,-3.19671711713108,5.41310575869383,4.89409329260529,-36.1015491372293,166.080376081291
3702,37.01,62.637,3.39117397684254,2.25740675434242,-179.531355082964,96.527828678296,2.12298382302051,-3.20749568642244,5.40929783138246,4.88300743210804,-36.1707144685047,166.092228016933
3703,37.02,62.647,3.37702035453944,2.25295787714511,-179.531475947028,96.5355649676925,2.12022091812162,-3.21747622466876,5.39299299637119,4.87878088291408,-36.1369582752775,166.090131292246
3704,37.03,62.657,3.37983008645618,2.24401969258433,-179.545095834658,96.5308180226558,2.1250000473519,-3.21576618298252,5.41509368691068,4.88223828086436,-36.0906566300444,166.055072156284
3705,37.04,62.667,3.37370500190022,2.24762923801866,-179.547774843262,96.5264046876074,2.1302812024398,-3.22926583361216,5.41364343069619,4.88809238521655,-36.0915067810069,166.05723891972
3706,37.05,62.677,3.36109951812735,2.24116615492824,-179.561903026517,96.5306061190777,2.13394543289087,-3.21228647587801,5.40802192880719,4.8821588231022,-36.1242881783025,166.045403082386
3707,37.06,62.687,3.36283022819001,2.23804195974899,-179.56244430374,96.5219520722086,2.14028676904083,-3.20887300464698,5.41198629747424,4.88480856366624,-36.2016268446295,166.050077761552
3708,37.07,62.697,3.3626305575849,2.24133330404801,-179.564660597991,96.5101823548299,2.13774703357942,-3.21428971101046,5.40936878928409,4.89078242245223,-36.1464460151199,166.046277901065
3709,37.08,62.707,3.36431494857152,2.23710021841923,-179.563830548546,96.4896154274588,2.1484857970219,-3.20691044244774,5.4034466244181,4.88523399585141,-36.1926669513137,166.030899649247
3710,37.09,62.717,3.36029455794294,2.22115347051123,-179.582281514229,96.4924822714811,2.1608184293572,-3.22550006419339,5.40903343031931,4.86832105843248,-36.1838899453123,166.068649654486
3711,37.1,62.727,3.35000052396204,2.21938994378261,-179.594718083912,96.4881403584666,2.155812378244,-3.19035520324927,5.40778937694388,4.87379280148675,-36.1392921789788,166.044645828276
3712,37.11,62.737,3.33830166729537,2.20667130417846,-179.607370729046,96.4857411900443,2.15704487101053,-3.22179568048063,5.41157415229104,4.86202250225717,-36.1474859579166,166.038422772512
3713,37.12,62.747,3.33369198336535,2.19904554231094,-179.583855329735,96.4719722339686,2.1355149471276,-3.21756200258681,5.37664622425163,4.84675789521684,-36.2369264614429,166.042874280501
3714,37.13,62.757,3.31785116831586,2.20895014824013,-179.609461600778,96.4887451373862,2.14774634041671,-3.25318083615206,5.38593215791036,4.86856777325,-36.1527293870387,165.989601046143
3715,37.14,62.767,3.30843875302128,2.19543117306205,-179.600209037544,96.4864757609114,2.13805097846917,-3.24152377962999,5.3639388437731,4.85230553334416,-36.1815486549981,165.9962177335
3716,37.15,62.777,3.29944873388736,2.19784707802457,-179.611455383116,96.4917950440504,2.13708871682957,-3.25268401304279,5.37426326537016,4.85386236213344,-36.2232904533346,165.967495942461
3717,37.16,62.787,3.29222369008719,2.19686048748489,-179.617903483194,96.4876985079832,2.13946030588582,-3.23949873505585,5.3805288498859,4.86154834658464,-36.1713676336714,165.937932432899
3718,37.17,62.797,3.28517465887271,2.20017569052191,-179.613671149179,96.4813752389935,2.14105174733084,-3.24251745680007,5.36739426922581,4.86657677366541,-36.1738613931541,165.943323198112
3719,37.18,62.807,3.26069037576497,2.19596154920089,-179.628708343707,96.5087211397196,2.13229831188573,-3.2723121688074,5.35866490304899,4.86110932969795,-36.1846541916268,165.9271499363
3720,37.19,62.817,3.2586418788035,2.1955226125776,-179.619833569919,96.5049262019685,2.13587794851576,-3.2465148028246,5.35856138608181,4.87200341697135,-36.1691225193553,165.912260335861
3721,37.2,62.827,3.22992304200086,2.17840029452578,-179.621324170968,96.5213640380139,2.12471243593051,-3.23533273063921,5.32299627151579,4.85006687795099,-36.2127635874639,165.936311408359
3722,37.21,62.837,3.22598173925691,2.18300819887066,-179.619150878553,96.5043669400989,2.11964421914157,-3.20937147661223,5.335161499989,4.86938893341515,-36.2080739779947,165.91478360554
3723,37.22,62.847,3.2113315701331,2.17589245500887,-179.631289840157,96.5150868444023,2.12792250561219,-3.21725217284216,5.31706946062706,4.85064026543473,-36.1833362757899,166.082778444947
3724,37.23,62.857,3.21206554598808,2.16684594324082,-179.619858795171,96.4920756644665,2.11144204214419,-3.20841301958895,5.31031258784021,4.8433820810792,-36.2601434462438,166.057962187058
3725,37.24,62.867,3.19386470497184,2.15889364310732,-179.641668081076,96.5048645329102,2.16180084710619,-3.198961879353,5.32877578643748,4.84673179680211,-36.2031227321463,165.97541520272
3726,37.25,62.877,3.19244703987653,2.15514946188817,-179.630725233494,96.4938591952589,2.15061735540075,-3.18353868605725,5.31428090342815,4.84714069638874,-36.2262782131598,165.977902344934
3727,37.26,62.887,3.18366331827066,2.14960954484188,-179.630953935162,96.4894121738412,2.16143558783478,-3.20890934015948,5.30214214932549,4.84129439102026,-36.2220806647068,165.953540278956
3728,37.27,62.897,3.17375015032068,2.14574151210224,-179.647886646963,96.4971893158939,2.18709301015437,-3.20756376035969,5.31338727567803,4.85205782466189,-36.2227408704036,165.927343401498
3729,37.28,62.907,3.17686412675857,2.14507890279676,-179.622535578198,96.4839340671561,2.1724245077371,-3.23426746907021,5.29932349390485,4.84755001914303,-36.2963189924277,165.941366694545
3730,37.29,62.917,3.16762222604288,2.13718681774469,-179.633237905694,96.4718356070572,2.20312496171001,-3.22235574754594,5.29705479195703,4.84738226382736,-36.2779688488971,165.934243093535
3731,37.3,62.927,3.15586358719537,2.13590734223635,-179.610396449809,96.4717770267299,2.17058166473341,-3.22242354729737,5.26981996866555,4.84549080068926,-36.2951989445576,165.928689654985
3732,37.31,62.937,3.15746271910779,2.13038940302295,-179.619690482484,96.4491370036538,2.16523021444834,-3.23428047705905,5.27950762912489,4.8385641588186,-36.290475221812,165.896600755214
3733,37.32,62.947,3.17279054866265,2.1254450759398,-179.622891932771,96.4185502682233,2.164519778058,-3.23579362964995,5.30857123271899,4.85124598372063,-36.2419418120012,165.88823244879
3734,37.33,62.957,3.16259081287256,2.13098884196332,-179.606406355516,96.4260598750728,2.13785202267396,-3.25690685720698,5.29100434851334,4.85110925391661,-36.2569119809591,165.902800571823
3735,37.34,62.967,3.1578156423395,2.12004465022054,-179.61031563358,96.4174322149696,2.10853598977106,-3.23564239028959,5.29178178042755,4.8447469865244,-36.2216427959672,165.895567608826
3736,37.35,62.977,3.15304723601521,2.11635535711779,-179.594153913577,96.3937018299768,2.07268809458787,-3.225796793932,5.27790852896332,4.83824134899136,-36.2882142716067,165.904265033882
3737,37.36,62.987,3.14548440049675,2.11868119796986,-179.599173070481,96.3929320831713,2.07781941499948,-3.24194875859609,5.27714128676159,4.8384827525791,-36.2514321917175,165.895052279098
3738,37.37,62.997,3.14486287008311,2.11043809205088,-179.599516581198,96.386810711038,2.04602719817241,-3.21243175733543,5.27936663333349,4.83042682663768,-36.2682625134592,165.906034976063
3739,37.38,63.007,3.14416152366813,2.11519061895488,-179.596393568472,96.3888865298246,2.04407530586339,-3.26185256509384,5.2775038272874,4.83836271690268,-36.28473404569,166.062974975851
3740,37.39,63.017,3.14813225479594,2.11077691615261,-179.616408059339,96.3801429641913,2.06576052190204,-3.25757760847348,5.30495349458582,4.83472628151969,-36.2358405584695,165.998255329781
3741,37.4,63.027,3.13827056030254,2.0986700657749,-179.606915955701,96.3871122026546,2.05130980004939,-3.2346665784588,5.29822337802701,4.82617721277375,-36.2441070720208,166.044498824243
3742,37.41,63.037,3.13163583725685,2.10527982557787,-179.605096647581,96.4000852611821,2.05537992501617,-3.26382864487734,5.30047019184622,4.83502649819176,-36.2214560235171,165.980739513779
3743,37.42,63.047,3.14411211104372,2.11651344435862,-179.594991903679,96.3889311700657,2.05292838033251,-3.28579604307078,5.30191240258739,4.84633346537264,-36.2425380879266,166.02352099736
3744,37.43,63.057,3.13820365671608,2.10649825284975,-179.592017237884,96.3968481952843,2.07346790185728,-3.25025859770486,5.28762180526434,4.82322740526561,-36.2796853075796,166.04855261013
3745,37.44,63.067,3.14377272307904,2.09212859016522,-179.606139828712,96.3897291073043,2.08690201875005,-3.25616593358017,5.30896506863563,4.81852859861776,-36.2440331260113,166.031847769315
3746,37.45,63.077,3.1528416148228,2.10797401727691,-179.592754873544,96.3809188559154,2.06316244635928,-3.25481830474558,5.31575779008313,4.83395163979801,-36.2590747374126,166.028240155447
3747,37.46,63.087,3.15009805622213,2.09320961675908,-179.579881493446,96.3818751177764,2.08481226580114,-3.22753773168069,5.29236802037886,4.81777102538649,-36.284662354479,166.032203358683
3748,37.47,63.097,3.15740645535389,2.10655583616516,-179.587008192846,96.3709118322291,2.06875040773745,-3.24743623501325,5.30277427691916,4.83288175261204,-36.2810221840469,166.029757907757
3749,37.48,63.107,3.17208101336996,2.10953126902687,-179.574045091907,96.3675011791211,2.06246060354564,-3.27541904115485,5.31252211531324,4.83913403734192,-36.2452129256691,165.991453236824
3750,37.49,63.117,3.1671680104413,2.10108475429973,-179.569603841222,96.3628261792296,2.05577048166307,-3.23851065193397,5.29443648555421,4.82805622452571,-36.2518836806567,166.041069182473
3751,37.5,63.127,3.1709123653556,2.10740078919321,-179.557069238352,96.3857526803413,2.03010373621361,-3.27600184582645,5.28108432301444,4.83230721744165,-36.2748415334113,166.016202047628
3752,37.51,63.137,3.18356740862011,2.10145932947004,-179.565500252881,96.3705148345303,2.0356670190175,-3.28853554188197,5.29716822919474,4.82548267007901,-36.2837658811008,165.974090395636
3753,37.52,63.147,3.17130239201656,2.09884188070066,-179.56259155674,96.3918668848955,2.01634803671206,-3.28162228124518,5.27273103706269,4.82397224214012,-36.2412822874541,165.96611694166
3754,37.53,63.157,3.17305193901732,2.10556384063232,-179.557031021487,96.3920545725749,2.02772368455875,-3.29095428159056,5.28066758207162,4.83140674651025,-36.273488506855,165.937079650241
3755,37.54,63.167,3.18320961005664,2.09321097849877,-179.553078870854,96.3901034068905,2.0210725500555,-3.2828393103523,5.27614559429657,4.8120536843394,-36.2635866488689,165.921835460421
3756,37.55,63.177,3.18514389938186,2.11095391756289,-179.552588665208,96.3978375164846,2.00827343482481,-3.30718007152067,5.28104501350337,4.84464970121185,-36.2742631104256,165.919887325417
3757,37.56,63.187,3.1994291262729,2.11825907581224,-179.53506255792,96.3813078041247,1.99642424830806,-3.29033434536768,5.2696112071308,4.83792470999137,-36.3115509727227,165.936402603889
3758,37.57,63.197,3.17775461635355,2.10305670845989,-179.536599291209,96.4112745450034,1.96324981689247,-3.28006797932895,5.25229364655061,4.82490928218795,-36.3318551717348,165.922472677501
3759,37.58,63.207,3.18844345577374,2.11018297127438,-179.543387696851,96.4026732795669,1.97962751427416,-3.27933279507249,5.26315279502608,4.83590447072299,-36.3424416830151,165.929475532898
3760,37.59,63.217,3.19439992762343,2.11739913693751,-179.540876027637,96.3991003977099,1.97725670960307,-3.28161170730951,5.28205583120784,4.84348561417249,-36.3330876257245,165.88423531577
3761,37.6,63.227,3.2005063022454,2.10041954774504,-179.537097853649,96.3961028094591,1.97563651543619,-3.25936432034482,5.27187555331636,4.82027688298748,-36.3572472425397,165.916641434494
3762,37.61,63.237,3.19601238993944,2.11023476076105,-179.559877993864,96.4031758336355,1.99698678953168,-3.26861760652748,5.28451605800117,4.83911355637611,-36.3714782137559,165.895241836283
3763,37.62,63.247,3.21183082542917,2.11540880504931,-179.561300046423,96.3923978447964,1.99048493450688,-3.2863684527872,5.29742349778735,4.84366127575377,-36.3354606818157,166.047857051239
3764,37.63,63.257,3.21160075101385,2.11572738791572,-179.531092821878,96.3925644425594,1.97059787478217,-3.28950134885087,5.26971781385656,4.84277389802026,-36.3552745121005,166.021649837543
3765,37.64,63.267,3.21100807328611,2.11198892506635,-179.536702372707,96.3881904988445,1.98306004369882,-3.28723735373658,5.26777407474337,4.84305158182311,-36.3753500434879,166.070279474248
3766,37.65,63.277,3.22521361123664,2.10365045259318,-179.552960809751,96.3724581614445,2.01316658390335,-3.26469219685569,5.28864007302789,4.82832352355108,-36.3574105687547,166.017934095909
3767,37.66,63.287,3.22493746274709,2.10817133460804,-179.53545010913,96.3777797497852,2.00107687706761,-3.28427607406489,5.26687693067181,4.82553840118389,-36.3669757439757,166.006943310367
3768,37.67,63.297,3.21953510823916,2.10371158347344,-179.542637657178,96.3924737127659,2.01926817771406,-3.30236496281596,5.25597439097173,4.8181422553752,-36.4260733180094,166.084439161587
3769,37.68,63.307,3.21727500960713,2.09846818987931,-179.545143310396,96.4001171947511,1.99921810195698,-3.30663983790465,5.26889227645849,4.82159456838722,-36.3825868292582,166.061765986854
3770,37.69,63.317,3.22587381438923,2.09691024747658,-179.554926448578,96.3977584029582,2.01914273604217,-3.32393937710216,5.26404032209186,4.82280005529059,-36.351484481867,166.034175689254
3771,37.7,63.327,3.22438910567389,2.0871196825194,-179.553069178214,96.3883117984643,2.01600525877087,-3.28892491390548,5.26608746366948,4.81165867153961,-36.3633780562794,165.989303731185
3772,37.71,63.337,3.2153262376831,2.09305455947608,-179.562401560435,96.3968203008568,2.0112967681308,-3.31494110978403,5.25210972111299,4.82522535303816,-36.3802535200151,165.986596204269
3773,37.72,63.347,3.22331324170254,2.09309730205306,-179.567586003796,96.4051296795102,1.99798100225426,-3.32752114604106,5.26909724113877,4.8190512005817,-36.3498567768031,165.949667978552
3774,37.73,63.357,3.22473246417474,2.09070216481177,-179.56022402878,96.3997403089665,1.98674546567269,-3.31818465149121,5.26150235553571,4.82543173160034,-36.3642825718974,165.951708341319
3775,37.74,63.367,3.22666077249725,2.09245612150091,-179.567727549632,96.3930599214842,1.97398477598198,-3.31599062267326,5.26188161532449,4.82454278093019,-36.3772133221542,165.94836437311
3776,37.75,63.377,3.22409759673077,2.09063755567634,-179.563640410137,96.4012649251849,1.97961262914824,-3.3131626776897,5.26150503474544,4.8273548924535,-36.3630788263685,165.922648935857
3777,37.76,63.387,3.22075924208593,2.08283516451762,-179.553459899338,96.404520370525,1.96368674738125,-3.31355061932324,5.24209457376356,4.81885981550163,-36.3885674367957,165.927699477074
3778,37.77,63.397,3.22969937169622,2.07461962364403,-179.561912682267,96.3897968531977,1.95575253428213,-3.31784491869476,5.25096452951489,4.80662926949546,-36.3919042597566,165.914349602202
3779,37.78,63.407,3.24785263944279,2.08454033361925,-179.566556847251,96.3775731078643,1.98665771613382,-3.31096709237956,5.2763800884201,4.81867661980441,-36.3641373771726,165.899342050575
3780,37.79,63.417,3.25221253724223,2.08881082028709,-179.549117677906,96.3782229883195,1.98654590844894,-3.32554264761358,5.25152822239764,4.82674048970579,-36.4178434107933,165.942907090828
3781,37.8,63.427,3.25995260077509,2.07904648264751,-179.565473574412,96.3713311197921,1.99376400245109,-3.3280226658906,5.26694007552477,4.82163860957513,-36.3920982535244,165.918433229737
3782,37.81,63.437,3.25957579611665,2.06835196814665,-179.570464521105,96.3686945304788,2.01732386594652,-3.30669371302101,5.26167889383055,4.8116955589789,-36.3880570492462,166.063830382165
3783,37.82,63.447,3.25300191020224,2.06383700391718,-179.563021855241,96.3782618854151,1.99621480307035,-3.30091353594866,5.24177812105771,4.80994241299826,-36.3977641686766,166.024251077022
3784,37.83,63.457,3.26069716875789,2.05673539509349,-179.565087757303,96.3770775215317,2.00962604814699,-3.29289253262653,5.23942626292176,4.80485182823762,-36.3930687077443,166.003942692997
3785,37.84,63.467,3.26186437799884,2.06122239189087,-179.574990743898,96.3726046849788,1.99488671007268,-3.3254011531283,5.24572926812613,4.80989711127913,-36.375083077829,165.967057102502
3786,37.85,63.477,3.26969149238342,2.06456123928958,-179.593591226644,96.365753867955,2.00464223421283,-3.31855038850989,5.27164310904774,4.81666586727587,-36.3735802338035,165.921698923026
3787,37.86,63.487,3.26587891227272,2.05681095307784,-179.588770164495,96.3681831188757,1.96957303810478,-3.31363135363531,5.24976598317096,4.79976917606661,-36.4162784428161,165.925505169097
3788,37.87,63.497,3.27730823853229,2.0642450138886,-179.591144121164,96.3656496550426,1.98050078026522,-3.30080790962209,5.26242093776029,4.82498847439557,-36.40663237399,165.916382035247
3789,37.88,63.507,3.28089114242953,2.06538843324042,-179.604020741955,96.3607194953135,1.99302477670097,-3.30127551161798,5.25878595988696,4.82020716588002,-36.4385694293203,165.903499004523
3790,37.89,63.517,3.28338973186972,2.07085516205192,-179.612292292558,96.3542091248626,1.98019404276919,-3.30355301050476,5.26586498129426,4.83211835925439,-36.3590232354738,165.883360327295
3791,37.9,63.527,3.28373692636635,2.05793879689485,-179.608897187899,96.358866790967,2.00853248887513,-3.28265440989705,5.26089674681316,4.82155772984226,-36.4741697818387,165.882220987222
3792,37.91,63.537,3.28135748204854,2.05779152692227,-179.610454846602,96.3579439198639,1.99858752791421,-3.28344950201883,5.26138692432569,4.82466150749993,-36.480237153943,165.872045849874
3793,37.92,63.547,3.28591282727148,2.05569865691719,-179.610495405553,96.3597243264738,1.99844967709377,-3.26442629156988,5.25339035734517,4.82140823872871,-36.5168265240289,165.883325302728
3794,37.93,63.557,3.27894705070038,2.04234706063629,-179.612541549839,96.3688366002553,2.00849974122071,-3.23978915909897,5.24635947988907,4.81611788475292,-36.4848484926226,165.871961474831
3795,37.94,63.567,3.28577964792306,2.03848943271601,-179.635989165492,96.3658005871977,2.03790097391261,-3.23320120763586,5.26123623266169,4.81739546712549,-36.497195190401,165.865601423082
3796,37.95,63.577,3.27003873501675,2.03230865865706,-179.635329354575,96.3841555982392,2.04697957419335,-3.25204459479677,5.22554358866554,4.8089893441125,-36.5416675899309,165.872288454565
3797,37.96,63.587,3.27840038621806,2.04091389846766,-179.641424006427,96.3759597182213,2.05555364450578,-3.25401854009129,5.24609717037535,4.82062474966299,-36.5264404651791,165.846940666529
3798,37.97,63.597,3.26037067599184,2.02871340268805,-179.642550343246,96.3899657960958,2.06398337611452,-3.26639216666643,5.23285720675605,4.81981767863055,-36.5429751304201,165.831923276108
3799,37.98,63.607,3.29341781417144,2.02838212806831,-179.645667269905,96.353124939419,2.05911246598576,-3.26160701930911,5.26597975632133,4.82540619983633,-36.5554586077937,165.830951535891
3800,37.99,63.617,3.29241705272317,2.03884374187575,-179.636389617076,96.3476705575319,2.02885269429619,-3.29758300859293,5.24038950696589,4.83288685185127,-36.6070364504221,165.843065843842
3801,38,63.627,3.2894074065713,2.0312170616445,-179.641156364704,96.3338498280661,2.03048967332966,-3.31191107410714,5.2356089096505,4.82644998896614,-36.6355254005094,165.842946210225
3802,38.01,63.637,3.29645595080228,2.02398163707766,-179.636786763461,96.3207045069574,2.01822711339199,-3.28983028195417,5.24178877655474,4.82593376535255,-36.6012264297579,165.840535257175
3803,38.02,63.647,3.29315477140789,2.03658785225255,-179.628651583334,96.3269940780235,2.00706067132948,-3.30779732546208,5.21426228517177,4.8375472113448,-36.6332197981129,165.867577165803
3804,38.03,63.657,3.30934512392924,2.03854363797245,-179.633173341682,96.2971209069507,2.00901797783252,-3.31643518668387,5.2248296989116,4.84244943208579,-36.6587384637936,165.867606198596
3805,38.04,63.667,3.32466084501759,2.03671391903678,-179.632150461676,96.2909211576235,1.98062747073312,-3.32813052570768,5.24174143781848,4.8488264916626,-36.5971585916251,165.869184150675
3806,38.05,63.677,3.33127499595378,2.02734532122031,-179.638774322484,96.2839751296232,1.98930188604833,-3.32472525799639,5.24857607326864,4.83985140358415,-36.6544269860947,165.865411434252
3807,38.06,63.687,3.33654677317831,2.03294751834331,-179.607765009149,96.2852124291727,1.96665304694016,-3.29400509639396,5.21097005902975,4.84344761666819,-36.6184555842558,165.905521038418
3808,38.07,63.697,3.32565740402654,2.03656685387369,-179.627728613136,96.3039803618386,1.98624471493187,-3.31165376337395,5.21428516240905,4.84391428174402,-36.6510092123529,165.887849904207
3809,38.08,63.707,3.33503926026072,2.02740397110977,-179.628227085792,96.2905592091706,1.99233751395836,-3.28309992606827,5.22348740223069,4.83920418871829,-36.6619114995765,165.88853217438
3810,38.09,63.717,3.34557321729698,2.03399677949822,-179.635260247936,96.2953802226817,1.99668387569062,-3.29140726221302,5.23778942842013,4.83820995063069,-36.6423142168359,165.871065384553
3811,38.1,63.727,3.3588168209461,2.03055714021208,-179.615980234657,96.2888160181199,1.98432958551099,-3.28120995590083,5.23363719317557,4.83572775400673,-36.6802847668283,165.884688253583
3812,38.11,63.737,3.36063467571392,2.04042886517862,-179.628629092367,96.2973681755191,1.97562067737727,-3.29633902568286,5.23292510312516,4.85027073391881,-36.6624710574158,165.879550366515
3813,38.12,63.747,3.37666885816764,2.03271797319019,-179.607316478794,96.2796758628774,1.95475714969329,-3.26293038893585,5.21647852487972,4.82730314268861,-36.6982111520644,165.92309655041
3814,38.13,63.757,3.38813930928297,2.04651836458139,-179.616497562251,96.2810874382269,1.94433921554203,-3.30710108218552,5.22436086558335,4.84510701397649,-36.750010931654,165.932877156215
3815,38.14,63.767,3.38115923593471,2.04627319940738,-179.618719361044,96.2966227273724,1.93806802021786,-3.2792209186418,5.22086108505776,4.84370745147277,-36.7068923738404,165.897932937068
3816,38.15,63.777,3.40454324481712,2.05171543024943,-179.620687150139,96.2767291917007,1.92660844434243,-3.27930461358496,5.24857323722144,4.853381237225,-36.6951605585789,165.890151310764
3817,38.16,63.787,3.39356229051239,2.0491871207232,-179.632504187062,96.2994493861767,1.94675668326371,-3.29094525340922,5.22857137474303,4.85044869512205,-36.6922823889499,165.918170913618
3818,38.17,63.797,3.40725222915218,2.05216078638134,-179.614531978733,96.2906216189982,1.92581985681427,-3.30054835192535,5.22331192697934,4.85274103890761,-36.7255937519854,165.91121918066
3819,38.18,63.807,3.40914439026867,2.04847218832243,-179.614313621101,96.2955468666646,1.93359718613495,-3.29072577873347,5.22019136429339,4.85090638777119,-36.7499723219198,165.90808986452
3820,38.19,63.817,3.4321904430415,2.06437038457623,-179.630237527039,96.2835816382637,1.95170591532428,-3.30025023797883,5.24465285448366,4.8709016783091,-36.7501192434346,165.896575849012
3821,38.2,63.827,3.4328669610051,2.06485695646436,-179.627532893821,96.2970024965127,1.95113186319278,-3.30106259829077,5.24346018435848,4.86822778639848,-36.7490892079309,165.905926742518
3822,38.21,63.837,3.44725423750734,2.07206230732434,-179.608973101256,96.27849088485,1.93599522033843,-3.30779469329914,5.23121901556001,4.87098216454794,-36.7823372444342,165.920064662983
3823,38.22,63.847,3.45833604290368,2.07154721079957,-179.612470543318,96.2662765335693,1.9591667862535,-3.32325107716891,5.23414501696231,4.87123013573315,-36.8097665845134,165.92837540271
3824,38.23,63.857,3.46823926685001,2.07222583499032,-179.629928468387,96.2583081886942,1.96567685804305,-3.31781615811746,5.26182988795976,4.87513435176986,-36.7836824437927,165.888338256843
3825,38.24,63.867,3.48709004799035,2.08182115757913,-179.624028713951,96.2452412699606,1.95192076162566,-3.32385010644528,5.26937820124399,4.88304955042521,-36.7878524713473,165.899681288596
3826,38.25,63.877,3.48535821036247,2.0826078454159,-179.62096150571,96.2516619065048,1.93568029726865,-3.31485129875627,5.2662931931677,4.88951408735814,-36.7911330594265,165.900967821891
3827,38.26,63.887,3.50192687730002,2.09706841102462,-179.618520144295,96.2345799203467,1.93219050850106,-3.33413918997518,5.28224869865695,4.90325245977123,-36.7853347200341,165.890287907186
3828,38.27,63.897,3.50849252658459,2.09288011009732,-179.629330525993,96.2386784089709,1.9266015573802,-3.34290202935105,5.28643452012363,4.89658745211149,-36.7848424321085,165.883827295539
3829,38.28,63.907,3.50116424347295,2.09908005992331,-179.62730733743,96.2428343206326,1.90324670012257,-3.34354294686077,5.26561206115366,4.89799204763925,-36.7975239648894,165.905590724527
3830,38.29,63.917,3.51767996812106,2.09765810549113,-179.630250044675,96.223223138816,1.88848285679821,-3.34269680830694,5.29389248101306,4.89784930207122,-36.8077175779653,165.886583997255
3831,38.3,63.927,3.52590611471687,2.11207089664136,-179.628179709024,96.2289755551788,1.87087054424265,-3.37077672430021,5.27384684488781,4.90528262612808,-36.8479644922588,165.923563041574
3832,38.31,63.937,3.52649069251962,2.10544952818899,-179.639662925408,96.2182059639327,1.90294441577256,-3.34823429712761,5.29078747437158,4.90718930535169,-36.8372486877842,165.901858850345
3833,38.32,63.947,3.54326040203745,2.12991172057851,-179.650232452224,96.2057209858193,1.91764979727304,-3.36769812383141,5.30549430914036,4.92510539782185,-36.818519434581,165.896951030117
3834,38.33,63.957,3.55502157787767,2.11999438176843,-179.653795195809,96.2005597879335,1.92196985602531,-3.35781416333458,5.31540496320323,4.91319024030174,-36.8382770335066,165.894841948297
3835,38.34,63.967,3.55700765416361,2.12629176854286,-179.656783825322,96.2012826748301,1.93981684036139,-3.36724495487182,5.29916448265738,4.91933611469449,-36.8413565291887,165.900856849364
3836,38.35,63.977,3.56726255406217,2.11885886792153,-179.65854983622,96.1981879431851,1.92855517961467,-3.38371420255279,5.31862723885679,4.92034182819917,-36.8523462952447,165.903635843439
3837,38.36,63.987,3.57642098647515,2.13346195831477,-179.654273198641,96.1784642974128,1.93953850587708,-3.34735827279002,5.30581999589291,4.93375626620663,-36.7990525786003,165.90984536873
3838,38.37,63.997,3.59013507631218,2.12354396597095,-179.666305681183,96.1471087955304,1.92468071150182,-3.35058463820659,5.32322481747663,4.9195304248615,-36.8141426978247,165.889557763519
3839,38.38,64.007,3.60283948829054,2.12723531642697,-179.670434696711,96.1417482052341,1.9363618986776,-3.38679771970946,5.3221111072712,4.91948662566885,-36.8150417531683,165.907292214564
3840,38.39,64.017,3.60888232695806,2.13145107452248,-179.677945727168,96.1441515582932,1.9640802123438,-3.37471005928531,5.33251258606642,4.92590266799583,-36.8236121676457,165.882825760384
3841,38.4,64.027,3.6351176368132,2.13464607442741,-179.682309120057,96.1197566925168,1.95109897297068,-3.37562753067896,5.35469220219989,4.92668208836254,-36.807379053203,165.890216871089
3842,38.41,64.037,3.63368252970726,2.13163537064084,-179.678873033999,96.1317418979474,1.94768183002692,-3.35390331010704,5.32241285232249,4.91368880824824,-36.8732375168079,165.917849176814
3843,38.42,64.047,3.63909796026601,2.13074004530486,-179.686231175616,96.1249193012384,1.92631292430095,-3.40512944836307,5.31782820544623,4.91217986704629,-36.8714104002277,165.928851256811
3844,38.43,64.057,3.64378892972101,2.14211149373868,-179.69467632861,96.1231644138294,1.92894204023914,-3.4027773135879,5.33150200868181,4.91992807349587,-36.8803277457017,165.906532888581
3845,38.44,64.067,3.64958205669656,2.14575623979899,-179.718162867152,96.1270492114772,1.93577548382377,-3.39362295574065,5.33837050765441,4.92851276888079,-36.8531630892741,165.904089984985
3846,38.45,64.077,3.65524507615469,2.15922782758461,-179.704425964072,96.1267687024614,1.95980065133032,-3.39417951766592,5.33166359523185,4.94259950636787,-36.8288115054263,165.913074852918
3847,38.46,64.087,3.65281244938668,2.15829862675081,-179.729683656387,96.1369600979516,1.91992319829842,-3.41024496940916,5.34014720848302,4.93755685962356,-36.8615928828264,165.892617349394
3848,38.47,64.097,3.66045740824445,2.15800317483156,-179.710362899658,96.1191082132381,1.87913972366525,-3.38606247842076,5.32447506221342,4.93392485376755,-36.8808672217325,165.908357858351
3849,38.48,64.107,3.67383186387437,2.16131505015545,-179.715449326847,96.1239189965621,1.93283578289389,-3.37899945457619,5.33313690679929,4.94113000058338,-36.8945581413932,165.914941046195
3850,38.49,64.117,3.67342588522546,2.15462901828296,-179.730006366319,96.1195912290361,1.92998302885627,-3.36292706111021,5.34463002086347,4.93577506912541,-36.9286728250758,165.916656069846
3851,38.5,64.127,3.68328133129796,2.16568246147273,-179.748731595826,96.1241857312501,1.96382813236848,-3.35045216821335,5.35698884992015,4.94824001109235,-36.9647155732635,165.912637662113
3852,38.51,64.137,3.69987370581443,2.16334901795205,-179.743832603614,96.1036421719908,1.95423289198002,-3.37863453497971,5.34945771706334,4.94273646602426,-36.9467097779274,165.935521987064
3853,38.52,64.147,3.71806419564646,2.17252513668797,-179.755515906813,96.0935185503958,1.96670765955708,-3.38281190133858,5.38112961267086,4.94748053144651,-36.9725864844241,165.925310848895
3854,38.53,64.157,3.72936180193732,2.16807541715255,-179.748496606639,96.0861411474218,1.9774257061919,-3.37219472383593,5.3816211322704,4.95077149286706,-36.9734493587798,165.917691270624
3855,38.54,64.167,3.73242176606058,2.15824507633016,-179.75645062298,96.0929010728347,1.98382092838186,-3.34971099729833,5.35982678835013,4.93699130246212,-36.9701154503313,165.945100020147
3856,38.55,64.177,3.73754762603666,2.17152206581649,-179.751829720314,96.0881958698582,1.97906784746374,-3.37301839100905,5.37437201989113,4.95801720017317,-37.0084235983782,165.931020666355
3857,38.56,64.187,3.74295133301228,2.16492016791265,-179.739652855997,96.0842033915009,1.93010215220381,-3.41259663241088,5.35766798919866,4.9540525355138,-37.0485243302053,165.956529841216
3858,38.57,64.197,3.7488638458819,2.17595708200303,-179.750848763561,96.0829670578677,1.94841505536381,-3.38378968375373,5.36921763992107,4.96044450462241,-37.0439120300948,165.931217741037
3859,38.58,64.207,3.75488728132265,2.17672954896756,-179.741781695582,96.0842478265398,1.94188163990148,-3.40634851047556,5.35982458078948,4.96424273862349,-37.0325017694757,165.950914474239
3860,38.59,64.217,3.73747852137302,2.17684217378888,-179.749157413586,96.1321310792068,1.94237828199361,-3.37983038611692,5.34515828650397,4.96791915257576,-36.9980726474544,165.937761245547
3861,38.6,64.227,3.73285195863059,2.18384051924087,-179.74343495454,96.1456425447726,1.92956072905245,-3.3529672060846,5.33122197741185,4.97913015112427,-37.0351745612462,165.941889540743
3862,38.61,64.237,3.72426017425216,2.18488870206958,-179.761583581947,96.1776753630907,1.92488166477902,-3.34129236903021,5.32551955878713,4.96814907537616,-37.0090356550088,165.944730633292
3863,38.62,64.247,3.71106417809124,2.1849032211995,-179.730304191171,96.1896306615273,1.90751186972098,-3.3173404220235,5.30830868257119,4.97145809516435,-37.0556371574535,165.956763266695
3864,38.63,64.257,3.70461924710609,2.19452192123556,-179.736762022985,96.2111534275607,1.9122119854234,-3.30151168022777,5.29859437243752,4.98043584875938,-37.038032881011,165.952836415706
3865,38.64,64.267,3.7179611129999,2.18866945019726,-179.753877446853,96.1961405172841,1.92512731696035,-3.28797488612898,5.3197612381544,4.97050546653224,-37.0489187637723,165.974944358402
3866,38.65,64.277,3.71851794458535,2.18337313019413,-179.733083569834,96.2086986986371,1.91154523771245,-3.26338757474308,5.29385671935816,4.96657099666207,-37.05414768045,166.006276382676
3867,38.66,64.287,3.71507695468382,2.18617646448474,-179.752074801544,96.1994810057574,1.92777171079703,-3.27740061057913,5.30397931375587,4.96562930394057,-37.1282318261295,166.006804591235
3868,38.67,64.297,3.70224169428159,2.19830125250569,-179.726470501452,96.1974968029305,1.91549880855883,-3.2606164775094,5.27363487310764,4.97630619984172,-37.1502924658887,166.003536791646
3869,38.68,64.307,3.7049641140359,2.18980047208374,-179.744447609408,96.1954441785191,1.93693410253686,-3.25634799488212,5.28765409312126,4.97678801054919,-37.1123480551337,165.996395316103
3870,38.69,64.317,3.69842769183666,2.19893524457289,-179.735494230983,96.2036852636179,1.99830796576499,-3.29825972198319,5.27252555018178,4.98503276874902,-37.1085029023679,165.988448886894
3871,38.7,64.327,3.71143261653922,2.19967816617348,-179.740839427425,96.1767187602394,1.99103249389154,-3.31785151191283,5.29188936303333,4.99563397422198,-37.0838400330671,165.970251597986
3872,38.71,64.337,3.71219585324998,2.20619093650327,-179.721289487392,96.1813423349728,2.00806683743019,-3.30002558554637,5.27546186105963,4.99676030089035,-37.1060967565913,165.982015344989
3873,38.72,64.347,3.69466123629766,2.20149809957633,-179.733614664938,96.2071944640183,2.00706344495108,-3.30482509260664,5.25733911457454,5.00297607332889,-37.1309593397782,165.974017884717
3874,38.73,64.357,3.71441863054469,2.20688011263318,-179.712437187892,96.182941200571,1.99598918869498,-3.30887509863325,5.2668794042873,5.01189823226995,-37.0660909541722,165.976541334442
3875,38.74,64.367,3.71546793992009,2.20342929082275,-179.724771693936,96.1786651933546,1.98790200408533,-3.29130776120837,5.2667402307299,5.00977216878041,-37.0983797053424,165.979870696962
3876,38.75,64.377,3.70781332952012,2.21171664691759,-179.718526365726,96.1830915174004,1.98965665689738,-3.27500839618585,5.24723682615563,5.01377877346852,-37.1646424700305,166.003147900322
3877,38.76,64.387,3.71123396877889,2.19695093102761,-179.70975807245,96.1895558351754,1.96432165217217,-3.26135009691979,5.24956173322724,4.99260333073277,-37.1468031369875,165.978722114494
3878,38.77,64.397,3.71750459233095,2.21838812605204,-179.711994790419,96.1705236655382,1.96695776411919,-3.2803909592046,5.26151195503193,5.01798649223718,-37.1559767735519,165.98603340505
3879,38.78,64.407,3.71624323684863,2.21117808800818,-179.733990130136,96.1563458296126,1.98724790442483,-3.29539352649296,5.26238513803376,5.00719794513359,-37.1584827997333,165.983461877824
3880,38.79,64.417,3.7198179839276,2.22398423733557,-179.713635869761,96.156654242195,1.96533047182141,-3.29587526469053,5.25171126993543,5.01289468431253,-37.2025896385711,165.991871356859
3881,38.8,64.427,3.71933311977348,2.22925758749583,-179.716416573076,96.1495450440971,1.95197263975741,-3.30602106581963,5.25255742027533,5.01766606566957,-37.209776684836,165.988538977405
3882,38.81,64.437,3.72551915483701,2.23555759359589,-179.724455886896,96.1515102283714,1.99374790372375,-3.29878348554326,5.27251251426764,5.02650317590379,-37.2216208076484,165.969121571204
3883,38.82,64.447,3.70415110215749,2.23756461913274,-179.731703858986,96.1776146039077,1.99662019153915,-3.28559993976573,5.24509763383047,5.02777039079579,-37.2384701273347,165.995701272953
3884,38.83,64.457,3.71510470714205,2.24413685222224,-179.723193597412,96.1784150701805,1.98022592139661,-3.30160414293524,5.25729792673284,5.03045084720551,-37.2180050184444,165.985778942871
3885,38.84,64.467,3.69960416430412,2.24152544919384,-179.719655824464,96.2037526050946,1.98627430144511,-3.28010959089368,5.23418484864046,5.02913958138603,-37.2359219831045,166.009979112805
3886,38.85,64.477,3.70295025331153,2.26806620527494,-179.716730311493,96.2058187839793,1.95643312094325,-3.33296426497637,5.23781429370928,5.05139257862811,-37.243630249155,166.014105876285
3887,38.86,64.487,3.70810900871919,2.26610490559084,-179.722825653793,96.2044479400128,1.93957213624581,-3.26969428074994,5.24086752611067,5.04819239591993,-37.2209385855045,166.006525650419
3888,38.87,64.497,3.71024347697226,2.2741395478573,-179.723584344242,96.2026846597263,1.93739701235365,-3.29044561853628,5.23802280314926,5.0562579502069,-37.1957497642776,166.013557732178
3889,38.88,64.507,3.72017688995404,2.27715057664705,-179.715713790276,96.2033428801681,1.91201845293287,-3.26942803784646,5.24536377746455,5.05655214508009,-37.22143195565,166.023353044175
3890,38.89,64.517,3.71486965547689,2.27933766595215,-179.725942116809,96.2154768291874,1.93802697122991,-3.26937278634387,5.24480136310668,5.06060813442615,-37.2318411009191,166.011539147865
3891,38.9,64.527,3.72252517097176,2.28504155071786,-179.723356106932,96.203806475558,1.92216122480402,-3.25046631855787,5.24942195102158,5.0701271570348,-37.2790289293058,166.024647524938
3892,38.91,64.537,3.72160679374645,2.2777813507072,-179.726254327059,96.2076601815622,1.94768317793399,-3.23486211488051,5.25405159502644,5.06209584104342,-37.3317198023002,166.020117297516
3893,38.92,64.547,3.73514283016022,2.2807191260329,-179.710396038252,96.1980200809327,1.92839051866547,-3.2314657177063,5.25716046500337,5.06505573320036,-37.3050227372722,166.012036219358
3894,38.93,64.557,3.72959319828051,2.28474495674451,-179.707467016628,96.2157905504587,1.93892344267527,-3.2442303271865,5.24292130103726,5.06246401480578,-37.2891385964885,166.018889477172
3895,38.94,64.567,3.73553833340499,2.29689670428024,-179.714774117669,96.2123260655958,1.96491805935927,-3.27295164101863,5.26234909725671,5.07966406128264,-37.2996980149405,166.011082184841
3896,38.95,64.577,3.73808862674035,2.30387569873945,-179.70374371947,96.2129794916316,1.93917946472173,-3.24740581892118,5.25888064311459,5.08732971864137,-37.2991626363995,166.007197059343
3897,38.96,64.587,3.72968187348063,2.30430171028605,-179.70560155091,96.2281354411283,1.97022283086564,-3.25131214491982,5.2521563660762,5.09122359992223,-37.2833903987255,166.017229530577
3898,38.97,64.597,3.7342138095755,2.31433758755777,-179.686825448108,96.2337304377815,1.93751164231638,-3.24638519366923,5.26160358295965,5.09439813797514,-37.2952736094215,166.008432996251
3899,38.98,64.607,3.73641944231664,2.31319948321275,-179.683709348511,96.2437324709259,1.94976603983996,-3.26112400022928,5.25668556527185,5.08975537905756,-37.3200381908217,166.033416017848
3900,38.99,64.617,3.72492925792608,2.303729218126,-179.680524840971,96.2420806767011,1.93776465011094,-3.23182881670965,5.25140325132448,5.08038164453575,-37.3003003391374,166.011563729444
3901,39,64.627,3.73849272792408,2.3211215436946,-179.667556397474,96.2273713336673,1.91684677095111,-3.23302247792672,5.26480564498561,5.09747634278541,-37.3036587193874,166.022416773042
3902,39.01,64.637,3.72678411016505,2.32118559514866,-179.678350056085,96.2437676523747,1.90758202950844,-3.22609022727883,5.25882821170289,5.09225136129998,-37.3577275837589,166.02239194777
3903,39.02,64.647,3.72071131154354,2.32220232660142,-179.665835454926,96.2407474751922,1.91777698632326,-3.23897893133601,5.25849832119438,5.09521133207696,-37.326297308922,166.010709823395
3904,39.03,64.657,3.7145443252425,2.32137745291462,-179.676368282364,96.2433677377247,1.92280175408506,-3.23130214567495,5.25672797751472,5.09508418645569,-37.3760487277736,166.021391849411
3905,39.04,64.667,3.71166279503061,2.3277273449884,-179.655855501657,96.2371497345254,1.89689503097203,-3.22986496686053,5.26203001970894,5.10432240765794,-37.3317777317199,166.013556671247
3906,39.05,64.677,3.70387861974696,2.32354171798299,-179.662610729847,96.2425864157088,1.92398794262283,-3.25252416783795,5.24888592979938,5.09215544430779,-37.3487971593731,166.03572428888
3907,39.06,64.687,3.69689945097944,2.32125959360194,-179.66261743583,96.2651382302557,2.00525383105183,-3.24740457739725,5.26091469693359,5.0973609942465,-37.3982750307286,166.012256362839
3908,39.07,64.697,3.70045562139355,2.31774894373075,-179.652979738007,96.2460396760256,1.97328841088697,-3.24721040892372,5.26805839277243,5.09465735523985,-37.3788398756802,166.001208472619
3909,39.08,64.707,3.69663806827301,2.32258576902133,-179.658718536584,96.2410178519052,1.99190112303951,-3.27146855162334,5.28103464775202,5.10998740341091,-37.3919616256684,166.001502395061
3910,39.09,64.717,3.6829568910398,2.32612753960098,-179.641255355952,96.2478580628483,1.96318409531462,-3.26685289900463,5.2581215326497,5.11273810163304,-37.4301004392045,166.000670680278
3911,39.1,64.727,3.66606502726375,2.32346740010588,-179.642877789736,96.2613999778411,1.96244431863794,-3.27760610135928,5.26089993745113,5.11225429392117,-37.4654616733297,166.004459775836
3912,39.11,64.737,3.66052819177198,2.3249541124161,-179.6490363362,96.2561390437695,1.98263947461482,-3.27254913230106,5.25283147907885,5.12088341845612,-37.4449567302674,166.019458387781
3913,39.12,64.747,3.6655266711098,2.32709145534952,-179.63639591789,96.2428258605535,1.94223950518459,-3.27891192234337,5.26094408705075,5.12605734837732,-37.450866425887,166.004332703116
3914,39.13,64.757,3.64144312921483,2.3253966025224,-179.640684751832,96.257336168201,1.93167963421719,-3.28975236078804,5.25746490384822,5.12364802422781,-37.4836920788382,165.980373772235
3915,39.14,64.767,3.62961951362269,2.316171124289,-179.628375128028,96.2568893547654,1.91166383398136,-3.27647543980547,5.24514392184435,5.1251697959206,-37.4735177363567,165.995738374492
3916,39.15,64.777,3.62202971584072,2.31752588982938,-179.628215474354,96.2576045607122,1.89779413970545,-3.26310792512143,5.239929284626,5.1250269385573,-37.5367904928685,166.003260776904
3917,39.16,64.787,3.61075764692781,2.32474631618067,-179.606066046341,96.2662455933187,1.9379935477109,-3.28845934597432,5.23348062627236,5.14707546166119,-37.5713118716686,165.987959521387
3918,39.17,64.797,3.59662927721362,2.30580131468031,-179.594685790324,96.2654550237482,1.89551282980506,-3.25382734794012,5.21928480811715,5.12115368826023,-37.5978061587149,166.000105185097
3919,39.18,64.807,3.59366990540194,2.31740108864686,-179.606904588334,96.2619162668225,1.92014336075922,-3.29434407013825,5.24064739192435,5.1455534515062,-37.5798908737966,165.973256212846
3920,39.19,64.817,3.57114555989353,2.31350566193436,-179.607078060348,96.2727086165448,1.92062097442243,-3.28057128389476,5.23090066885863,5.15194076525645,-37.590713151664,165.973724136818
3921,39.2,64.827,3.56123661215715,2.30375684678573,-179.598278598422,96.2672927667736,1.947965223046,-3.26209108456228,5.22854197930627,5.14692954450387,-37.5849694015921,165.960251531154
3922,39.21,64.837,3.54809769348952,2.30260589760498,-179.590213233709,96.2793714453107,1.97546893809142,-3.27857334244548,5.22010286317457,5.15019702272216,-37.5455861050532,165.963865419719
3923,39.22,64.847,3.54068596940978,2.29460686663582,-179.576038216687,96.2537307874725,2.00252421837925,-3.25396055225139,5.21600170404744,5.14536856465713,-37.6433105586915,165.958307247948
3924,39.23,64.857,3.5331969493052,2.28616933296695,-179.558713409661,96.2347689954959,1.97544458394988,-3.26536754706038,5.1941735635938,5.1346482023089,-37.6370339013313,165.990310329711
3925,39.24,64.867,3.53051964198803,2.2744939666127,-179.558759658636,96.2363375208322,1.9903842746083,-3.24635143768147,5.20846167561612,5.12870586365867,-37.64069134186,165.971366792334
3926,39.25,64.877,3.50504880939208,2.26197851775503,-179.536263154489,96.2373004716639,1.99161420244378,-3.23902730322259,5.16338486813868,5.12226444782056,-37.6575277850604,165.989946980607
3927,39.26,64.887,3.49213360832373,2.25649799293498,-179.535382622913,96.2294559394904,1.9928514111604,-3.24401155172758,5.17569082829224,5.11946710451157,-37.6223981022635,165.974129316117
3928,39.27,64.897,3.48723473611801,2.25768879905481,-179.519900808624,96.220192612154,1.97430597082321,-3.24075313099221,5.17638345292751,5.11851918625185,-37.6775411558013,165.97488122407
3929,39.28,64.907,3.4771957495638,2.25620876665232,-179.52209387934,96.2005826766721,1.95820447437519,-3.23201143421133,5.18369911551075,5.13151202271373,-37.6373998683676,165.958534159489
3930,39.29,64.917,3.45392450378065,2.24505388020864,-179.50876140934,96.2117650641818,1.96877052804405,-3.23523745128117,5.15773593378615,5.11939569968283,-37.6515039814564,165.968487015643
3931,39.3,64.927,3.43428497549527,2.23533190908303,-179.498584963861,96.2195377575554,1.96602839254981,-3.25340831317865,5.14751648309553,5.10959697774989,-37.6318665918267,165.974765306549
3932,39.31,64.937,3.41464359725297,2.23309871253673,-179.499041309892,96.2304608663643,1.94854062929655,-3.25522268224935,5.14044315121961,5.12091395421136,-37.6150356359746,165.955528554824
3933,39.32,64.947,3.39710812003938,2.22565422583001,-179.499455288363,96.231969395673,1.96317070467462,-3.24508355323987,5.14250978622501,5.11646819593411,-37.6346071578547,165.968790062025
3934,39.33,64.957,3.36556421659313,2.21678419175736,-179.489272393058,96.2560640893349,1.95725586740698,-3.24028306588776,5.12082977849725,5.11460311070605,-37.6340853180848,165.96558778435
3935,39.34,64.967,3.35200496027102,2.20474311083974,-179.469494758738,96.243189732382,1.9463981888915,-3.25800405027838,5.10950207949731,5.10819823736063,-37.6561984163416,165.98559351203
3936,39.35,64.977,3.33168305691294,2.20037995228247,-179.471060847634,96.2450229745529,1.95465596341005,-3.26065974069851,5.10067919383158,5.11153909336319,-37.6774207731742,165.998916324626
3937,39.36,64.987,3.32647687276651,2.19773437542192,-179.482767711576,96.2441350316301,1.9788108120423,-3.24130543793456,5.13162882393381,5.11776018423303,-37.6302261151202,165.970160613429
3938,39.37,64.997,3.29941078430013,2.18145307815174,-179.484148610024,96.2355230540222,1.98575624600965,-3.26212261634952,5.11678152197159,5.10703456888957,-37.6445570779268,165.962997897389
3939,39.38,65.007,3.29769402844762,2.17592620616498,-179.481348645074,96.2179866748922,1.99193948573168,-3.25734928400397,5.12212230767684,5.10659381829927,-37.6141645783288,165.964628632793
3940,39.39,65.017,3.28927926797975,2.17485279617901,-179.463991516834,96.205772820956,1.96849006995092,-3.2859013492785,5.10886669267328,5.12220572340478,-37.6307891170587,165.966582197916
3941,39.4,65.027,3.27375530645394,2.15831515410672,-179.451980872288,96.210695070991,1.94778946310995,-3.29899251495789,5.09333058882887,5.09847493066182,-37.6526067131654,165.968793201153
3942,39.41,65.037,3.26846627878031,2.14690982587176,-179.451957477173,96.1902435364262,1.95463210067081,-3.2876342368079,5.09063156981776,5.10316545223552,-37.6544955631913,165.965985361653
3943,39.42,65.047,3.25335242559473,2.13122834551573,-179.455109642838,96.190292252807,1.95248869791239,-3.29495199830657,5.08610226404755,5.08689775664032,-37.7121040562921,165.952075259025
3944,39.43,65.057,3.24430225285445,2.13598499648143,-179.445649578916,96.1934695336548,1.9344228172702,-3.32244258698029,5.08049339081535,5.1053570271853,-37.6830199757065,165.943755387202
3945,39.44,65.067,3.24338469428606,2.13256499634556,-179.450378792802,96.1722480444384,1.92953744729022,-3.33529565435697,5.08804950565512,5.11111081687332,-37.622999922341,165.931781820606
3946,39.45,65.077,3.2239765798211,2.12486595375184,-179.429207054728,96.1779248301979,1.90925201713186,-3.3324832840179,5.04726698681229,5.10411667085779,-37.6272120581667,165.951275606176
3947,39.46,65.087,3.23836905814054,2.12025181976283,-179.42748559034,96.15191712715,1.90884925267423,-3.33821110863073,5.05452072145448,5.10252225141906,-37.6561431113582,165.969493993783
3948,39.47,65.097,3.21850735392979,2.10991076305332,-179.429001561757,96.1728884586031,1.89610247020484,-3.34501864177555,5.04894732969378,5.09961283546478,-37.6571929518388,165.953449625323
3949,39.48,65.107,3.21960900008185,2.10688729852733,-179.428118974468,96.1601882363329,1.88652784038088,-3.364829729984,5.03875929821368,5.08919736186551,-37.6541264704216,165.954520856262
3950,39.49,65.117,3.21940518313898,2.09824842114498,-179.427235507512,96.1569293245182,1.88117424443377,-3.34672676472828,5.04050040261812,5.08463255628261,-37.6452262190006,165.970646760131
3951,39.5,65.127,3.22034302922708,2.073343290176,-179.438313074137,96.1475326598628,1.87608357511068,-3.34716961856852,5.05877627514309,5.06867117921911,-37.653656626912,165.936846691385
3952,39.51,65.137,3.22778083866571,2.08773261794787,-179.436630595163,96.1396204335232,1.86555607288155,-3.37565187249166,5.04956378451445,5.07716550042427,-37.6475881405631,165.961972092929
3953,39.52,65.147,3.23407598135493,2.07725657012764,-179.432637149967,96.1347762649896,1.85665948224387,-3.38263626709125,5.06319581787124,5.07600967605991,-37.6354614620457,165.936491621481
3954,39.53,65.157,3.21936560357053,2.07600192320682,-179.435974105744,96.151246889287,1.8611442777806,-3.38095859632257,5.0472355690985,5.07837188611054,-37.6524515414342,165.938983753282
3955,39.54,65.167,3.23104985479631,2.07078175328927,-179.443554777962,96.1397754995364,1.88415723172613,-3.38812200447513,5.06788852200422,5.07550228477901,-37.6512529409942,165.924310208175
3956,39.55,65.177,3.22845566647125,2.06884563345684,-179.440563008481,96.1555781924896,1.86497880759774,-3.38011013137646,5.05080709803311,5.07395306902882,-37.6393316318051,165.936184948955
3957,39.56,65.187,3.24330388464132,2.08168453727652,-179.426363794735,96.1544333108048,1.86205784280927,-3.38852838225443,5.05619627725259,5.09062685529744,-37.6285294320487,165.932671654301
3958,39.57,65.197,3.24387046266241,2.07230952248625,-179.454249029175,96.1702817252037,1.88192413345984,-3.3784471642068,5.07142644128227,5.08893596647163,-37.5871271657521,165.926106122325
3959,39.58,65.207,3.26042533173164,2.06081048731578,-179.43949823292,96.1648405285188,1.88478854373821,-3.37063562667527,5.06873090467133,5.08065308200655,-37.6024873038268,165.942695484646
3960,39.59,65.217,3.25520221374606,2.05140564277242,-179.446604611596,96.1747572677291,1.88613050987561,-3.3730123557602,5.06412299998862,5.0714095820866,-37.6070675868362,165.936751929532
3961,39.6,65.227,3.28114636668613,2.03957378737167,-179.438319678417,96.1700933181704,1.8921003764581,-3.34640843469642,5.07380663492989,5.07291248180147,-37.6381061923461,165.962495022492
3962,39.61,65.237,3.29070659269922,2.03891307419218,-179.439484385383,96.1791981211326,1.89396154414741,-3.31935157361854,5.05554180080427,5.06054177339254,-37.6651608093848,165.980119283049
3963,39.62,65.247,3.30552234306928,2.04486123717623,-179.431883300541,96.1743048898149,1.88162154806191,-3.34036048162701,5.08663375249173,5.0755619479451,-37.6052008867682,165.942286123641
3964,39.63,65.257,3.31341548971107,2.04283640138344,-179.440225140455,96.1864829406275,1.89419469436535,-3.32417146172419,5.07792429138937,5.07533626641423,-37.619892632566,165.941398552444
3965,39.64,65.267,3.34287026340692,2.03724176713501,-179.443286698616,96.1650387857,1.92316935626378,-3.32518776672343,5.1128959823596,5.07936331763934,-37.6221886420831,165.927409835602
3966,39.65,65.277,3.35204936262476,2.03387079556504,-179.432085492652,96.1784205487379,1.90805614073313,-3.32796956913779,5.0916929955976,5.06796692627981,-37.6228095080935,165.95012207386
3967,39.66,65.287,3.36520710999281,2.04222361951323,-179.441226005083,96.1856019064747,1.90013685306583,-3.35238539225201,5.10714521080988,5.07870492001018,-37.6038682433454,165.928453928906
3968,39.67,65.297,3.37563352474102,2.03893370396022,-179.422927298882,96.1926528383595,1.90218706900563,-3.35023398490025,5.09214072155879,5.06891683787034,-37.5986455821154,165.948789208402
3969,39.68,65.307,3.38316883302121,2.04020317070292,-179.437711378062,96.2039013392669,1.90343126629745,-3.31866020388444,5.10819228247399,5.07862891715556,-37.5890137381603,165.926645516113
3970,39.69,65.317,3.38787112554636,2.03960468657603,-179.436853678325,96.2179690460312,1.88362739075271,-3.33618492154971,5.10465165316848,5.07337900498158,-37.5934794226035,165.937207889065
3971,39.7,65.327,3.40786649131121,2.03916195624696,-179.443875342402,96.2146591930319,1.90964663171322,-3.31777917939905,5.11675307412569,5.07767055787396,-37.6135640098339,165.954775373628
3972,39.71,65.337,3.41197629519777,2.03680050175034,-179.439305192919,96.2272003157134,1.8736304384841,-3.31684808433758,5.11205445379422,5.07316212322304,-37.6046030466489,165.93901396692
3973,39.72,65.347,3.42176004863368,2.03076093358041,-179.43822853518,96.2292262937873,1.8805876373924,-3.2821340877664,5.11405088607577,5.07300791130564,-37.5944515822176,165.944600378188
3974,39.73,65.357,3.4371958339207,2.02798731381646,-179.438079224654,96.2300572469648,1.86159464103175,-3.29647531555789,5.11674123660344,5.06683250676192,-37.6292105821108,165.944525677441
3975,39.74,65.367,3.45053607017829,2.03722487729111,-179.440815389396,96.2384770092629,1.87354427669404,-3.28978796225129,5.1201009005585,5.07618968633583,-37.6460296324832,165.947589313837
3976,39.75,65.377,3.44922688526188,2.03363004739568,-179.442740401027,96.2591557085608,1.87661311886867,-3.25931562687326,5.0973516841431,5.0703208166361,-37.6475658399849,165.971618269424
3977,39.76,65.387,3.47148139306961,2.03577392021833,-179.45954733613,96.2470049042966,1.89093853948307,-3.2758069814126,5.15120852738253,5.08796430365567,-37.608654445769,165.921758729115
3978,39.77,65.397,3.47754874769082,2.03120009138236,-179.456332827135,96.2475872013194,1.8985060041739,-3.26266357228012,5.12904589020301,5.06404824207044,-37.6303882517737,165.961555163579
3979,39.78,65.407,3.479168426488,2.02601923222524,-179.474325758108,96.2486290384478,1.91324469456394,-3.25517616195071,5.15148839211875,5.07221629485817,-37.5880943302556,165.921340327329
3980,39.79,65.417,3.49352584300777,2.03252020620239,-179.475784289053,96.2455591881846,1.91991689862047,-3.27609571904601,5.15062236560332,5.08217515224278,-37.5959948416605,165.930852006527
3981,39.8,65.427,3.49859758420472,2.03462043028498,-179.483282369096,96.2439973995113,1.91956407853999,-3.28117615625394,5.15425694037718,5.07571052408577,-37.6373469522814,165.946236742331
3982,39.81,65.437,3.50534249036414,2.03144613916591,-179.478157230091,96.2442089662661,1.92375268084135,-3.26761281990973,5.14374392558338,5.06900498643988,-37.5742362963934,165.958830856468
3983,39.82,65.447,3.50079883346703,2.02968458075139,-179.494432715067,96.2451934407124,1.93701800115968,-3.27162484302467,5.15447445823173,5.07340005522548,-37.5834424761201,165.929092713895
3984,39.83,65.457,3.52895718775017,2.02964474162448,-179.505050801788,96.2218218503854,1.93629988873257,-3.27722465013747,5.17282149263361,5.07202337829197,-37.5481805978479,165.933202194589
3985,39.84,65.467,3.53389235545937,2.03063096976938,-179.487415207189,96.216992507643,1.92098141087437,-3.25399982879842,5.15133722562503,5.0660800928237,-37.5955890533829,165.970234210117
3986,39.85,65.477,3.5373159971459,2.04391713943397,-179.493935639796,96.2207625983168,1.92923460687339,-3.28416648834164,5.15808242198353,5.08014517891138,-37.5487204077508,165.966913268749
3987,39.86,65.487,3.53919821202587,2.02821699235337,-179.51330606149,96.2165066518696,1.93779174416843,-3.26709724872469,5.18265106874725,5.07301277508926,-37.524869460694,165.945167293279
3988,39.87,65.497,3.54677849961317,2.03849904259701,-179.503708033189,96.2151694205368,1.91365194412513,-3.27594925252241,5.17632766757269,5.07587957893027,-37.5697584330896,165.93416878354
3989,39.88,65.507,3.55797239592037,2.04902682024684,-179.507264183622,96.2163605645893,1.93767791257096,-3.29248221564791,5.1774217173987,5.09301652546757,-37.5520635578841,165.953047290124
3990,39.89,65.517,3.56028674574312,2.03832561689129,-179.502311882782,96.2211311799807,1.92931160024076,-3.2780993767934,5.17940664412606,5.07583689122991,-37.5396108835401,165.93693475316
3991,39.9,65.527,3.5639176167315,2.03978224524334,-179.504698436522,96.2231864580468,1.92869365165447,-3.29349175832459,5.17515081397497,5.07655811265592,-37.5005522825079,165.952274382454
3992,39.91,65.537,3.55652653350626,2.0458590964072,-179.490735177104,96.2452553666632,1.89904165734462,-3.2745756752614,5.15457235144987,5.0764551444431,-37.5927272819986,165.965389479272
3993,39.92,65.547,3.55673572380024,2.03830769929005,-179.511121366724,96.252892228622,1.9225470703907,-3.28440942757986,5.17430313476255,5.0730376848669,-37.5319134567524,165.938960771317
3994,39.93,65.557,3.56111703206028,2.06023098830616,-179.479895527624,96.254109965629,1.88652596725134,-3.29785763659956,5.14953476528382,5.08488829144506,-37.6014759022434,165.967426214634
3995,39.94,65.567,3.5565978779343,2.05396322920392,-179.510572023329,96.2625988558661,1.93193324146667,-3.29052865402755,5.17409433290705,5.08203634480412,-37.5044540620135,165.937043008257
3996,39.95,65.577,3.56510457673472,2.06022148265457,-179.501531358349,96.2603312870763,1.92373117444497,-3.29873084676291,5.16415720441602,5.08317785225302,-37.5187044346189,165.955890367507
3997,39.96,65.587,3.5658024747292,2.05078935508595,-179.492877313308,96.2484543061255,1.90545527620616,-3.27841203497982,5.16014673177386,5.065713554746,-37.5172699123162,165.969150406445
3998,39.97,65.597,3.56811667135786,2.06759867367356,-179.517291222569,96.246864285324,1.92690140085685,-3.28817579491851,5.17932178715099,5.08208844654397,-37.5250197085005,165.943848918379
3999,39.98,65.607,3.55734670322157,2.07307826013633,-179.496507914031,96.2672620217602,1.88319122065527,-3.30388331597881,5.15858330373301,5.08149050043563,-37.5588572592531,165.967427299775
4000,39.99,65.617,3.56554673477785,2.07120955374724,-179.509898889284,96.2488969738288,1.88738887488523,-3.29359527855768,5.17406999894444,5.07399642829795,-37.5191827430707,165.93016642692
